Dashboard,22.072645902633667,[#<Selenium::WebDriver::LogEntry:0x00007fef6166f410 @level="WARNING", @timestamp=1616701853396, @message="https://outofbox.client-staging.deliverybizpro.com./admin/login 7 The key \"touch-action:\" is not recognized and ignored.">, #<Selenium::WebDriver::LogEntry:0x00007fef6166f3e8 @level="WARNING", @timestamp=1616701853396, @message="https://outofbox.client-staging.deliverybizpro.com./admin/login 7 The key \"-ms-touch-action:\" is not recognized and ignored.">, #<Selenium::WebDriver::LogEntry:0x00007fef6166f3c0 @level="WARNING", @timestamp=1616701860181, @message="https://outofbox.client-staging.deliverybizpro.com/admin/login 7 The key \"touch-action:\" is not recognized and ignored.">, #<Selenium::WebDriver::LogEntry:0x00007fef6166f398 @level="WARNING", @timestamp=1616701860181, @message="https://outofbox.client-staging.deliverybizpro.com/admin/login 7 The key \"-ms-touch-action:\" is not recognized and ignored.">, #<Selenium::WebDriver::LogEntry:0x00007fef6166f348 @level="WARNING", @timestamp=1616701881003, @message="https://outofbox.client-staging.deliverybizpro.com/admin/home.php 7 The key \"touch-action:\" is not recognized and ignored.">, #<Selenium::WebDriver::LogEntry:0x00007fef6166f320 @level="WARNING", @timestamp=1616701881003, @message="https://outofbox.client-staging.deliverybizpro.com/admin/home.php 7 The key \"-ms-touch-action:\" is not recognized and ignored.">, #<Selenium::WebDriver::LogEntry:0x00007fef6166f2f8 @level="WARNING", @timestamp=1616701882264, @message="https://outofbox.client-staging.deliverybizpro.com/admin/home.php 7 The key \"touch-action:\" is not recognized and ignored.">, #<Selenium::WebDriver::LogEntry:0x00007fef6166f2d0 @level="WARNING", @timestamp=1616701882264, @message="https://outofbox.client-staging.deliverybizpro.com/admin/home.php 7 The key \"-ms-touch-action:\" is not recognized and ignored.">]
Customers,1.0652570724487305,[]
Search for Customers,1.7814750671386719,[#<Selenium::WebDriver::LogEntry:0x00007fef3a818fe0 @level="WARNING", @timestamp=1616701903531, @message="https://outofbox.client-staging.deliverybizpro.com/admin/users.php?mode=search&usertype=C&refresh=1&sort=last_login&sort_direction=1 14 The key \"touch-action:\" is not recognized and ignored.">, #<Selenium::WebDriver::LogEntry:0x00007fef3a818f90 @level="WARNING", @timestamp=1616701903531, @message="https://outofbox.client-staging.deliverybizpro.com/admin/users.php?mode=search&usertype=C&refresh=1&sort=last_login&sort_direction=1 14 The key \"-ms-touch-action:\" is not recognized and ignored.">, #<Selenium::WebDriver::LogEntry:0x00007fef3a818f68 @level="WARNING", @timestamp=1616701903949, @message="https://outofbox.client-staging.deliverybizpro.com/admin/users.php?mode=search&usertype=C&refresh=1&sort=last_login&sort_direction=1 - [DOM] Found 2 elements with non-unique id #frm-users-search: (More info: https://goo.gl/9p2vKq) %o %o">, #<Selenium::WebDriver::LogEntry:0x00007fef3a818f40 @level="WARNING", @timestamp=1616701903949, @message="https://outofbox.client-staging.deliverybizpro.com/admin/users.php?mode=search&usertype=C&refresh=1&sort=last_login&sort_direction=1 - [DOM] Found 2 elements with non-unique id #posted_data[orders_count_type]: (More info: https://goo.gl/9p2vKq) %o %o">]
Create Customer Profile,1.915480136871338,[#<Selenium::WebDriver::LogEntry:0x00007fef6171bb70 @level="WARNING", @timestamp=1616701908317, @message="https://outofbox.client-staging.deliverybizpro.com/admin/user_add.php?usertype=C 7 The key \"touch-action:\" is not recognized and ignored.">, #<Selenium::WebDriver::LogEntry:0x00007fef6171bb48 @level="WARNING", @timestamp=1616701908318, @message="https://outofbox.client-staging.deliverybizpro.com/admin/user_add.php?usertype=C 7 The key \"-ms-touch-action:\" is not recognized and ignored.">]
Import Customers,1.7535009384155273,[#<Selenium::WebDriver::LogEntry:0x00007fef6175a820 @level="WARNING", @timestamp=1616701913283, @message="https://outofbox.client-staging.deliverybizpro.com/admin/customers_import.php 7 The key \"touch-action:\" is not recognized and ignored.">, #<Selenium::WebDriver::LogEntry:0x00007fef6175a7f8 @level="WARNING", @timestamp=1616701913283, @message="https://outofbox.client-staging.deliverybizpro.com/admin/customers_import.php 7 The key \"-ms-touch-action:\" is not recognized and ignored.">]
Export Customers,1.7310452461242676,[#<Selenium::WebDriver::LogEntry:0x00007fef61790bc8 @level="WARNING", @timestamp=1616701917998, @message="https://outofbox.client-staging.deliverybizpro.com/admin/router.php?r=export-users#/export-users 7 The key \"touch-action:\" is not recognized and ignored.">, #<Selenium::WebDriver::LogEntry:0x00007fef61790ba0 @level="WARNING", @timestamp=1616701917999, @message="https://outofbox.client-staging.deliverybizpro.com/admin/router.php?r=export-users#/export-users 7 The key \"-ms-touch-action:\" is not recognized and ignored.">]
Export Customer Emails,1.3495543003082275,[#<Selenium::WebDriver::LogEntry:0x00007fef389047a8 @level="WARNING", @timestamp=1616701922770, @message="https://outofbox.client-staging.deliverybizpro.com/admin/export_users_emails.php 7 The key \"touch-action:\" is not recognized and ignored.">, #<Selenium::WebDriver::LogEntry:0x00007fef38904780 @level="WARNING", @timestamp=1616701922770, @message="https://outofbox.client-staging.deliverybizpro.com/admin/export_users_emails.php 7 The key \"-ms-touch-action:\" is not recognized and ignored.">]
Edit/Create Membership Levels,1.7474720478057861,[#<Selenium::WebDriver::LogEntry:0x00007fef6129cb80 @level="WARNING", @timestamp=1616701927170, @message="https://outofbox.client-staging.deliverybizpro.com/admin/memberships.php?usertype=C 7 The key \"touch-action:\" is not recognized and ignored.">, #<Selenium::WebDriver::LogEntry:0x00007fef6129c770 @level="WARNING", @timestamp=1616701927170, @message="https://outofbox.client-staging.deliverybizpro.com/admin/memberships.php?usertype=C 7 The key \"-ms-touch-action:\" is not recognized and ignored.">]
Customer Notes,1.5601921081542969,[#<Selenium::WebDriver::LogEntry:0x00007fef6141c3c0 @level="WARNING", @timestamp=1616701932089, @message="https://outofbox.client-staging.deliverybizpro.com/admin/customer_notes.php 7 The key \"touch-action:\" is not recognized and ignored.">, #<Selenium::WebDriver::LogEntry:0x00007fef6141c1e0 @level="WARNING", @timestamp=1616701932090, @message="https://outofbox.client-staging.deliverybizpro.com/admin/customer_notes.php 7 The key \"-ms-touch-action:\" is not recognized and ignored.">]
Administrators,1.0770297050476074,[]
Search for Admins,1.5007617473602295,[#<Selenium::WebDriver::LogEntry:0x00007fef6153e190 @level="WARNING", @timestamp=1616701940721, @message="https://outofbox.client-staging.deliverybizpro.com/admin/users.php?mode=search&usertype=P&refresh=1 7 The key \"touch-action:\" is not recognized and ignored.">, #<Selenium::WebDriver::LogEntry:0x00007fef6153e168 @level="WARNING", @timestamp=1616701940721, @message="https://outofbox.client-staging.deliverybizpro.com/admin/users.php?mode=search&usertype=P&refresh=1 7 The key \"-ms-touch-action:\" is not recognized and ignored.">, #<Selenium::WebDriver::LogEntry:0x00007fef6153e118 @level="WARNING", @timestamp=1616701940930, @message="https://outofbox.client-staging.deliverybizpro.com/admin/users.php?mode=search&usertype=P&refresh=1 - [DOM] Found 2 elements with non-unique id #frm-users-search: (More info: https://goo.gl/9p2vKq) %o %o">]
Create Admin Profile,1.507585048675537,[#<Selenium::WebDriver::LogEntry:0x00007fef388c64a8 @level="WARNING", @timestamp=1616701945223, @message="https://outofbox.client-staging.deliverybizpro.com/admin/user_add.php?usertype=P 7 The key \"touch-action:\" is not recognized and ignored.">, #<Selenium::WebDriver::LogEntry:0x00007fef388c6480 @level="WARNING", @timestamp=1616701945223, @message="https://outofbox.client-staging.deliverybizpro.com/admin/user_add.php?usertype=P 7 The key \"-ms-touch-action:\" is not recognized and ignored.">]
Access Control,1.3732340335845947,[#<Selenium::WebDriver::LogEntry:0x00007fef6157ceb8 @level="WARNING", @timestamp=1616701949749, @message="https://outofbox.client-staging.deliverybizpro.com/admin/access_control.php 7 The key \"touch-action:\" is not recognized and ignored.">, #<Selenium::WebDriver::LogEntry:0x00007fef6157ce90 @level="WARNING", @timestamp=1616701949749, @message="https://outofbox.client-staging.deliverybizpro.com/admin/access_control.php 7 The key \"-ms-touch-action:\" is not recognized and ignored.">]
Edit/Create Membership Levels,1.3966138362884521,[#<Selenium::WebDriver::LogEntry:0x00007fef615d7cf0 @level="WARNING", @timestamp=1616701954118, @message="https://outofbox.client-staging.deliverybizpro.com/admin/memberships.php?usertype=P 7 The key \"touch-action:\" is not recognized and ignored.">, #<Selenium::WebDriver::LogEntry:0x00007fef615d7cc8 @level="WARNING", @timestamp=1616701954118, @message="https://outofbox.client-staging.deliverybizpro.com/admin/memberships.php?usertype=P 7 The key \"-ms-touch-action:\" is not recognized and ignored.">]
Drivers,1.0822970867156982,[]
Search for Drivers,1.4747247695922852,[#<Selenium::WebDriver::LogEntry:0x00007fef616cbf08 @level="WARNING", @timestamp=1616701982785, @message="https://outofbox.client-staging.deliverybizpro.com/admin/users.php?mode=search&usertype=D&refresh=1 14 The key \"touch-action:\" is not recognized and ignored.">, #<Selenium::WebDriver::LogEntry:0x00007fef616cbeb8 @level="WARNING", @timestamp=1616701982785, @message="https://outofbox.client-staging.deliverybizpro.com/admin/users.php?mode=search&usertype=D&refresh=1 14 The key \"-ms-touch-action:\" is not recognized and ignored.">, #<Selenium::WebDriver::LogEntry:0x00007fef616cbe90 @level="WARNING", @timestamp=1616701982972, @message="https://outofbox.client-staging.deliverybizpro.com/admin/users.php?mode=search&usertype=D&refresh=1 - [DOM] Found 2 elements with non-unique id #frm-users-search: (More info: https://goo.gl/9p2vKq) %o %o">]
Create Driver Profile,1.649259090423584,[#<Selenium::WebDriver::LogEntry:0x00007fef616f0ad8 @level="WARNING", @timestamp=1616701987503, @message="https://outofbox.client-staging.deliverybizpro.com/admin/user_add.php?usertype=D 7 The key \"touch-action:\" is not recognized and ignored.">, #<Selenium::WebDriver::LogEntry:0x00007fef616f0ab0 @level="WARNING", @timestamp=1616701987504, @message="https://outofbox.client-staging.deliverybizpro.com/admin/user_add.php?usertype=D 7 The key \"-ms-touch-action:\" is not recognized and ignored.">]
Edit/Create Membership Levels,1.3684210777282715,[#<Selenium::WebDriver::LogEntry:0x00007fef60a41210 @level="WARNING", @timestamp=1616701991952, @message="https://outofbox.client-staging.deliverybizpro.com/admin/memberships.php?usertype=D 7 The key \"touch-action:\" is not recognized and ignored.">, #<Selenium::WebDriver::LogEntry:0x00007fef60a411e8 @level="WARNING", @timestamp=1616701991952, @message="https://outofbox.client-staging.deliverybizpro.com/admin/memberships.php?usertype=D 7 The key \"-ms-touch-action:\" is not recognized and ignored.">]
Suppliers,1.0734961032867432,[]
Search for Suppliers,1.6517128944396973,[#<Selenium::WebDriver::LogEntry:0x00007fef61781588 @level="WARNING", @timestamp=1616702000521, @message="https://outofbox.client-staging.deliverybizpro.com/admin/users.php?mode=search&usertype=U&refresh=1 14 The key \"touch-action:\" is not recognized and ignored.">, #<Selenium::WebDriver::LogEntry:0x00007fef61781560 @level="WARNING", @timestamp=1616702000521, @message="https://outofbox.client-staging.deliverybizpro.com/admin/users.php?mode=search&usertype=U&refresh=1 14 The key \"-ms-touch-action:\" is not recognized and ignored.">, #<Selenium::WebDriver::LogEntry:0x00007fef61781538 @level="WARNING", @timestamp=1616702000831, @message="https://outofbox.client-staging.deliverybizpro.com/admin/users.php?mode=search&usertype=U&refresh=1 - [DOM] Found 2 elements with non-unique id #frm-users-search: (More info: https://goo.gl/9p2vKq) %o %o">]
Create Supplier Profile,1.4895241260528564,[#<Selenium::WebDriver::LogEntry:0x00007fef617b10d0 @level="WARNING", @timestamp=1616702005186, @message="https://outofbox.client-staging.deliverybizpro.com/admin/user_add.php?usertype=U 7 The key \"touch-action:\" is not recognized and ignored.">, #<Selenium::WebDriver::LogEntry:0x00007fef617b10a8 @level="WARNING", @timestamp=1616702005186, @message="https://outofbox.client-staging.deliverybizpro.com/admin/user_add.php?usertype=U 7 The key \"-ms-touch-action:\" is not recognized and ignored.">]
Edit/Search Products,1.9433798789978027,[#<Selenium::WebDriver::LogEntry:0x00007fef609865c8 @level="WARNING", @timestamp=1616702009873, @message="https://outofbox.client-staging.deliverybizpro.com/admin/products 7 The key \"touch-action:\" is not recognized and ignored.">, #<Selenium::WebDriver::LogEntry:0x00007fef609861b8 @level="WARNING", @timestamp=1616702009873, @message="https://outofbox.client-staging.deliverybizpro.com/admin/products 7 The key \"-ms-touch-action:\" is not recognized and ignored.">, #<Selenium::WebDriver::LogEntry:0x00007fef609860c8 @level="WARNING", @timestamp=1616702010334, @message="https://outofbox.client-staging.deliverybizpro.com/admin/products - [DOM] Found 2 elements with non-unique id #collapse-quantity: (More info: https://goo.gl/9p2vKq) %o %o">]
Add New Product,2.51430606842041,[#<Selenium::WebDriver::LogEntry:0x00007fef6133f3f8 @level="WARNING", @timestamp=1616702014701, @message="https://outofbox.client-staging.deliverybizpro.com/admin/products/create 7 The key \"touch-action:\" is not recognized and ignored.">, #<Selenium::WebDriver::LogEntry:0x00007fef6133f380 @level="WARNING", @timestamp=1616702014701, @message="https://outofbox.client-staging.deliverybizpro.com/admin/products/create 7 The key \"-ms-touch-action:\" is not recognized and ignored.">, #<Selenium::WebDriver::LogEntry:0x00007fef6133f2e0 @level="SEVERE", @timestamp=1616702015850, @message="https://outofbox.client-staging.deliverybizpro.com/skin1/css/structure.css - Failed to load resource: the server responded with a status of 404 ()">, #<Selenium::WebDriver::LogEntry:0x00007fef6133f268 @level="SEVERE", @timestamp=1616702015934, @message="https://outofbox.client-staging.deliverybizpro.com/skin1/css/structure.css - Failed to load resource: the server responded with a status of 404 ()">]
Import products,3.0448060035705566,[#<Selenium::WebDriver::LogEntry:0x00007fef614d5690 @level="WARNING", @timestamp=1616702021242, @message="https://outofbox.client-staging.deliverybizpro.com/admin/products/import 7 The key \"touch-action:\" is not recognized and ignored.">, #<Selenium::WebDriver::LogEntry:0x00007fef614d55c8 @level="WARNING", @timestamp=1616702021242, @message="https://outofbox.client-staging.deliverybizpro.com/admin/products/import 7 The key \"-ms-touch-action:\" is not recognized and ignored.">, #<Selenium::WebDriver::LogEntry:0x00007fef614d5550 @level="WARNING", @timestamp=1616702021491, @message="https://outofbox.client-staging.deliverybizpro.com/admin/router.php?iframe=Y#/task-status 7 The key \"touch-action:\" is not recognized and ignored.">, #<Selenium::WebDriver::LogEntry:0x00007fef614d5500 @level="WARNING", @timestamp=1616702021491, @message="https://outofbox.client-staging.deliverybizpro.com/admin/router.php?iframe=Y#/task-status 7 The key \"-ms-touch-action:\" is not recognized and ignored.">]
Export products,1.3388328552246094,[#<Selenium::WebDriver::LogEntry:0x00007fef60100ca0 @level="WARNING", @timestamp=1616702026273, @message="https://outofbox.client-staging.deliverybizpro.com/admin/products/export 7 The key \"touch-action:\" is not recognized and ignored.">, #<Selenium::WebDriver::LogEntry:0x00007fef60100c78 @level="WARNING", @timestamp=1616702026273, @message="https://outofbox.client-staging.deliverybizpro.com/admin/products/export 7 The key \"-ms-touch-action:\" is not recognized and ignored.">]
Product Categories,1.458418846130371,[#<Selenium::WebDriver::LogEntry:0x00007fef3889d670 @level="WARNING", @timestamp=1616702030650, @message="https://outofbox.client-staging.deliverybizpro.com/admin/categories.php 7 The key \"touch-action:\" is not recognized and ignored.">, #<Selenium::WebDriver::LogEntry:0x00007fef3889d620 @level="WARNING", @timestamp=1616702030650, @message="https://outofbox.client-staging.deliverybizpro.com/admin/categories.php 7 The key \"-ms-touch-action:\" is not recognized and ignored.">]
Extra fields,1.4383580684661865,[#<Selenium::WebDriver::LogEntry:0x00007fef6155f610 @level="WARNING", @timestamp=1616702035151, @message="https://outofbox.client-staging.deliverybizpro.com/admin/extra-fields 7 The key \"touch-action:\" is not recognized and ignored.">, #<Selenium::WebDriver::LogEntry:0x00007fef6155f5e8 @level="WARNING", @timestamp=1616702035151, @message="https://outofbox.client-staging.deliverybizpro.com/admin/extra-fields 7 The key \"-ms-touch-action:\" is not recognized and ignored.">]
Warehouse Locations,1.4630138874053955,[#<Selenium::WebDriver::LogEntry:0x00007fef615beac0 @level="WARNING", @timestamp=1616702043623, @message="https://outofbox.client-staging.deliverybizpro.com/admin/warehouse-locations 7 The key \"touch-action:\" is not recognized and ignored.">, #<Selenium::WebDriver::LogEntry:0x00007fef615bea98 @level="WARNING", @timestamp=1616702043623, @message="https://outofbox.client-staging.deliverybizpro.com/admin/warehouse-locations 7 The key \"-ms-touch-action:\" is not recognized and ignored.">]
Change/Assign Routes,1.4422972202301025,[#<Selenium::WebDriver::LogEntry:0x00007fef6161d548 @level="WARNING", @timestamp=1616702052155, @message="https://outofbox.client-staging.deliverybizpro.com/admin/assign_route_users.php 7 The key \"touch-action:\" is not recognized and ignored.">, #<Selenium::WebDriver::LogEntry:0x00007fef6161d520 @level="WARNING", @timestamp=1616702052155, @message="https://outofbox.client-staging.deliverybizpro.com/admin/assign_route_users.php 7 The key \"-ms-touch-action:\" is not recognized and ignored.">, #<Selenium::WebDriver::LogEntry:0x00007fef6161d4f8 @level="WARNING", @timestamp=1616702052278, @message="https://outofbox.client-staging.deliverybizpro.com/admin/assign_route_users.php - [DOM] Found 2 elements with non-unique id #show_not_validated: (More info: https://goo.gl/9p2vKq) %o %o">]
Create/Edit Routes,1.9242808818817139,[#<Selenium::WebDriver::LogEntry:0x00007fef61676bc0 @level="WARNING", @timestamp=1616702056619, @message="https://outofbox.client-staging.deliverybizpro.com/admin/routes.php 7 The key \"touch-action:\" is not recognized and ignored.">, #<Selenium::WebDriver::LogEntry:0x00007fef61676b48 @level="WARNING", @timestamp=1616702056619, @message="https://outofbox.client-staging.deliverybizpro.com/admin/routes.php 7 The key \"-ms-touch-action:\" is not recognized and ignored.">, #<Selenium::WebDriver::LogEntry:0x00007fef61676b20 @level="WARNING", @timestamp=1616702057038, @message="https://outofbox.client-staging.deliverybizpro.com/admin/routes.php - [DOM] Found 2 elements with non-unique id #dbp-edit-coordinates-routeid: (More info: https://goo.gl/9p2vKq) %o %o">, #<Selenium::WebDriver::LogEntry:0x00007fef61676af8 @level="WARNING", @timestamp=1616702057038, @message="https://outofbox.client-staging.deliverybizpro.com/admin/routes.php - [DOM] Found 19 elements with non-unique id #dbp-field-customer-route-name: (More info: https://goo.gl/9p2vKq) %o %o %o %o %o %o %o %o %o %o %o %o %o %o %o %o %o %o %o">, #<Selenium::WebDriver::LogEntry:0x00007fef61676ad0 @level="WARNING", @timestamp=1616702057038, @message="https://outofbox.client-staging.deliverybizpro.com/admin/routes.php - [DOM] Found 19 elements with non-unique id #dbp-field-delivery-time: (More info: https://goo.gl/9p2vKq) %o %o %o %o %o %o %o %o %o %o %o %o %o %o %o %o %o %o %o">, #<Selenium::WebDriver::LogEntry:0x00007fef61676a58 @level="SEVERE", @timestamp=1616702058243, @message="https://outofbox.client-staging.deliverybizpro.com/skin1/css/structure.css - Failed to load resource: the server responded with a status of 404 ()">]
GPS Import/Export,1.3860528469085693,[#<Selenium::WebDriver::LogEntry:0x00007fef616cabd0 @level="WARNING", @timestamp=1616702061535, @message="https://outofbox.client-staging.deliverybizpro.com/admin/gpx.php 7 The key \"touch-action:\" is not recognized and ignored.">, #<Selenium::WebDriver::LogEntry:0x00007fef616caba8 @level="WARNING", @timestamp=1616702061535, @message="https://outofbox.client-staging.deliverybizpro.com/admin/gpx.php 7 The key \"-ms-touch-action:\" is not recognized and ignored.">]
Organize Route Stops,1.605691909790039,[#<Selenium::WebDriver::LogEntry:0x00007fef60a3bf68 @level="WARNING", @timestamp=1616702065987, @message="https://outofbox.client-staging.deliverybizpro.com/admin/router.php?r=organize_route_stops#/organize_route_stops 7 The key \"touch-action:\" is not recognized and ignored.">, #<Selenium::WebDriver::LogEntry:0x00007fef60a3bf40 @level="WARNING", @timestamp=1616702065987, @message="https://outofbox.client-staging.deliverybizpro.com/admin/router.php?r=organize_route_stops#/organize_route_stops 7 The key \"-ms-touch-action:\" is not recognized and ignored.">]
Manage KML File,1.4793567657470703,[#<Selenium::WebDriver::LogEntry:0x00007fef617067c0 @level="WARNING", @timestamp=1616702078631, @message="https://outofbox.client-staging.deliverybizpro.com/admin/router.php?r=kml#/kml 7 The key \"touch-action:\" is not recognized and ignored.">, #<Selenium::WebDriver::LogEntry:0x00007fef61706798 @level="WARNING", @timestamp=1616702078631, @message="https://outofbox.client-staging.deliverybizpro.com/admin/router.php?r=kml#/kml 7 The key \"-ms-touch-action:\" is not recognized and ignored.">]
Display Route/KML Issues,1.3638298511505127,[#<Selenium::WebDriver::LogEntry:0x00007fef61750dc0 @level="WARNING", @timestamp=1616702083108, @message="https://outofbox.client-staging.deliverybizpro.com/admin/route_kml_issues.php 7 The key \"touch-action:\" is not recognized and ignored.">, #<Selenium::WebDriver::LogEntry:0x00007fef61750d98 @level="WARNING", @timestamp=1616702083108, @message="https://outofbox.client-staging.deliverybizpro.com/admin/route_kml_issues.php 7 The key \"-ms-touch-action:\" is not recognized and ignored.">]
Organize Load Sheet,1.4719769954681396,[#<Selenium::WebDriver::LogEntry:0x00007fef617932d8 @level="WARNING", @timestamp=1616702087543, @message="https://outofbox.client-staging.deliverybizpro.com/admin/order_routes_products.php 7 The key \"touch-action:\" is not recognized and ignored.">, #<Selenium::WebDriver::LogEntry:0x00007fef617932b0 @level="WARNING", @timestamp=1616702087543, @message="https://outofbox.client-staging.deliverybizpro.com/admin/order_routes_products.php 7 The key \"-ms-touch-action:\" is not recognized and ignored.">]
Print Route Sheets,1.636221170425415,[#<Selenium::WebDriver::LogEntry:0x00007fef60a01278 @level="WARNING", @timestamp=1616702093138, @message="https://outofbox.client-staging.deliverybizpro.com/admin/driving_dir.php 7 The key \"touch-action:\" is not recognized and ignored.">, #<Selenium::WebDriver::LogEntry:0x00007fef60a01200 @level="WARNING", @timestamp=1616702093138, @message="https://outofbox.client-staging.deliverybizpro.com/admin/driving_dir.php 7 The key \"-ms-touch-action:\" is not recognized and ignored.">, #<Selenium::WebDriver::LogEntry:0x00007fef60a01188 @level="WARNING", @timestamp=1616702093417, @message="https://outofbox.client-staging.deliverybizpro.com/admin/driving_dir.php - [DOM] Found 2 elements with non-unique id #custom-range-input-multiple: (More info: https://goo.gl/9p2vKq) %o %o">, #<Selenium::WebDriver::LogEntry:0x00007fef60a010c0 @level="WARNING", @timestamp=1616702093417, @message="https://outofbox.client-staging.deliverybizpro.com/admin/driving_dir.php - [DOM] Found 2 elements with non-unique id #mult-route-id: (More info: https://goo.gl/9p2vKq) %o %o">]
Print Route Sheets - Export to Excel,1.5407838821411133,[#<Selenium::WebDriver::LogEntry:0x00007fef6147ca90 @level="WARNING", @timestamp=1616702094809, @message="https://outofbox.client-staging.deliverybizpro.com/admin/driving_dir.php 7 The key \"touch-action:\" is not recognized and ignored.">, #<Selenium::WebDriver::LogEntry:0x00007fef6147c928 @level="WARNING", @timestamp=1616702094809, @message="https://outofbox.client-staging.deliverybizpro.com/admin/driving_dir.php 7 The key \"-ms-touch-action:\" is not recognized and ignored.">, #<Selenium::WebDriver::LogEntry:0x00007fef6147c8d8 @level="WARNING", @timestamp=1616702095016, @message="https://outofbox.client-staging.deliverybizpro.com/admin/driving_dir.php - [DOM] Found 2 elements with non-unique id #custom-range-input-multiple: (More info: https://goo.gl/9p2vKq) %o %o">, #<Selenium::WebDriver::LogEntry:0x00007fef6147c6d0 @level="WARNING", @timestamp=1616702095016, @message="https://outofbox.client-staging.deliverybizpro.com/admin/driving_dir.php - [DOM] Found 2 elements with non-unique id #mult-route-id: (More info: https://goo.gl/9p2vKq) %o %o">]
Print Bag Labels,1.4909210205078125,[#<Selenium::WebDriver::LogEntry:0x00007fef600c6f50 @level="WARNING", @timestamp=1616702097317, @message="https://outofbox.client-staging.deliverybizpro.com/admin/driving_dir.php?bag_label=1 7 The key \"touch-action:\" is not recognized and ignored.">, #<Selenium::WebDriver::LogEntry:0x00007fef600c6ed8 @level="WARNING", @timestamp=1616702097317, @message="https://outofbox.client-staging.deliverybizpro.com/admin/driving_dir.php?bag_label=1 7 The key \"-ms-touch-action:\" is not recognized and ignored.">, #<Selenium::WebDriver::LogEntry:0x00007fef600c6e88 @level="WARNING", @timestamp=1616702097496, @message="https://outofbox.client-staging.deliverybizpro.com/admin/driving_dir.php?bag_label=1 - [DOM] Found 2 elements with non-unique id #custom-range-input-multiple: (More info: https://goo.gl/9p2vKq) %o %o">, #<Selenium::WebDriver::LogEntry:0x00007fef600c6e38 @level="WARNING", @timestamp=1616702097496, @message="https://outofbox.client-staging.deliverybizpro.com/admin/driving_dir.php?bag_label=1 - [DOM] Found 2 elements with non-unique id #mult-route-id: (More info: https://goo.gl/9p2vKq) %o %o">]
Print Bag Labels - Export to Excel,1.4763379096984863,[#<Selenium::WebDriver::LogEntry:0x00007fef3889c180 @level="WARNING", @timestamp=1616702098823, @message="https://outofbox.client-staging.deliverybizpro.com/admin/driving_dir.php?bag_label=1 7 The key \"touch-action:\" is not recognized and ignored.">, #<Selenium::WebDriver::LogEntry:0x00007fef3889c158 @level="WARNING", @timestamp=1616702098823, @message="https://outofbox.client-staging.deliverybizpro.com/admin/driving_dir.php?bag_label=1 7 The key \"-ms-touch-action:\" is not recognized and ignored.">, #<Selenium::WebDriver::LogEntry:0x00007fef3889c0e0 @level="WARNING", @timestamp=1616702098992, @message="https://outofbox.client-staging.deliverybizpro.com/admin/driving_dir.php?bag_label=1 - [DOM] Found 2 elements with non-unique id #custom-range-input-multiple: (More info: https://goo.gl/9p2vKq) %o %o">, #<Selenium::WebDriver::LogEntry:0x00007fef3889c0b8 @level="WARNING", @timestamp=1616702098992, @message="https://outofbox.client-staging.deliverybizpro.com/admin/driving_dir.php?bag_label=1 - [DOM] Found 2 elements with non-unique id #mult-route-id: (More info: https://goo.gl/9p2vKq) %o %o">]
Show Invalid Addresses,5.159853935241699,[#<Selenium::WebDriver::LogEntry:0x00007fef388df7c8 @level="WARNING", @timestamp=1616702105039, @message="https://outofbox.client-staging.deliverybizpro.com/admin/users_invalid_zips.php 7 The key \"touch-action:\" is not recognized and ignored.">, #<Selenium::WebDriver::LogEntry:0x00007fef388df7a0 @level="WARNING", @timestamp=1616702105039, @message="https://outofbox.client-staging.deliverybizpro.com/admin/users_invalid_zips.php 7 The key \"-ms-touch-action:\" is not recognized and ignored.">]
Billing,1.0579321384429932,[]
Paper/Email Billing,1.4641520977020264,[#<Selenium::WebDriver::LogEntry:0x00007fef615e5ad0 @level="WARNING", @timestamp=1616702113626, @message="https://outofbox.client-staging.deliverybizpro.com/admin/customer_billing.php 7 The key \"touch-action:\" is not recognized and ignored.">, #<Selenium::WebDriver::LogEntry:0x00007fef615e5a80 @level="WARNING", @timestamp=1616702113626, @message="https://outofbox.client-staging.deliverybizpro.com/admin/customer_billing.php 7 The key \"-ms-touch-action:\" is not recognized and ignored.">]
Electronic Billing,1.7500557899475098,[#<Selenium::WebDriver::LogEntry:0x00007fef6163fa80 @level="WARNING", @timestamp=1616702118141, @message="https://outofbox.client-staging.deliverybizpro.com/admin/billing.php 7 The key \"touch-action:\" is not recognized and ignored.">, #<Selenium::WebDriver::LogEntry:0x00007fef6163fa08 @level="WARNING", @timestamp=1616702118141, @message="https://outofbox.client-staging.deliverybizpro.com/admin/billing.php 7 The key \"-ms-touch-action:\" is not recognized and ignored.">]
Mass Update Payments,1.464951992034912,[#<Selenium::WebDriver::LogEntry:0x00007fef6168db90 @level="WARNING", @timestamp=1616702122937, @message="https://outofbox.client-staging.deliverybizpro.com/admin/mass_update_payments.php 7 The key \"touch-action:\" is not recognized and ignored.">, #<Selenium::WebDriver::LogEntry:0x00007fef6168db68 @level="WARNING", @timestamp=1616702122937, @message="https://outofbox.client-staging.deliverybizpro.com/admin/mass_update_payments.php 7 The key \"-ms-touch-action:\" is not recognized and ignored.">]
Mass Deposit Returns/Charges,1.3664882183074951,[#<Selenium::WebDriver::LogEntry:0x00007fef616c0720 @level="WARNING", @timestamp=1616702127399, @message="https://outofbox.client-staging.deliverybizpro.com/admin/bottle_deposits.php 7 The key \"touch-action:\" is not recognized and ignored.">, #<Selenium::WebDriver::LogEntry:0x00007fef616c06f8 @level="WARNING", @timestamp=1616702127400, @message="https://outofbox.client-staging.deliverybizpro.com/admin/bottle_deposits.php 7 The key \"-ms-touch-action:\" is not recognized and ignored.">]
Global Invoice Notes,1.4965829849243164,[#<Selenium::WebDriver::LogEntry:0x00007fef3a812618 @level="WARNING", @timestamp=1616702131812, @message="https://outofbox.client-staging.deliverybizpro.com/admin/global_notes.php 7 The key \"touch-action:\" is not recognized and ignored.">, #<Selenium::WebDriver::LogEntry:0x00007fef3a8125f0 @level="WARNING", @timestamp=1616702131812, @message="https://outofbox.client-staging.deliverybizpro.com/admin/global_notes.php 7 The key \"-ms-touch-action:\" is not recognized and ignored.">, #<Selenium::WebDriver::LogEntry:0x00007fef3a8125c8 @level="SEVERE", @timestamp=1616702133082, @message="https://outofbox.client-staging.deliverybizpro.com/skin1/css/structure.css - Failed to load resource: the server responded with a status of 404 ()">]
View GC Purchase Log,1.3920230865478516,[#<Selenium::WebDriver::LogEntry:0x00007fef61710f18 @level="WARNING", @timestamp=1616702136332, @message="https://outofbox.client-staging.deliverybizpro.com/admin/giftcerts_purchase_log.php 7 The key \"touch-action:\" is not recognized and ignored.">, #<Selenium::WebDriver::LogEntry:0x00007fef61710ef0 @level="WARNING", @timestamp=1616702136332, @message="https://outofbox.client-staging.deliverybizpro.com/admin/giftcerts_purchase_log.php 7 The key \"-ms-touch-action:\" is not recognized and ignored.">]
Sales Reporting,1.0726008415222168,[]
Top Customers,1.4340789318084717,[#<Selenium::WebDriver::LogEntry:0x00007fef388f5d70 @level="WARNING", @timestamp=1616702144836, @message="https://outofbox.client-staging.deliverybizpro.com/admin/reports.php?report_type=top_customers 7 The key \"touch-action:\" is not recognized and ignored.">, #<Selenium::WebDriver::LogEntry:0x00007fef388f5d48 @level="WARNING", @timestamp=1616702144836, @message="https://outofbox.client-staging.deliverybizpro.com/admin/reports.php?report_type=top_customers 7 The key \"-ms-touch-action:\" is not recognized and ignored.">]
Top Customers - Export to Excel,1.0734021663665771,[#<Selenium::WebDriver::LogEntry:0x00007fef60964b30 @level="WARNING", @timestamp=1616702147091, @message="https://outofbox.client-staging.deliverybizpro.com/admin/reports.php?report_type=top_customers - [DOM] Found 2 elements with non-unique id #action_value: (More info: https://goo.gl/9p2vKq) %o %o">]
Countdown Sales Report,1.4702410697937012,[#<Selenium::WebDriver::LogEntry:0x00007fef612f56b8 @level="WARNING", @timestamp=1616702148375, @message="https://outofbox.client-staging.deliverybizpro.com/admin/reports.php?report_type=countdown 7 The key \"touch-action:\" is not recognized and ignored.">, #<Selenium::WebDriver::LogEntry:0x00007fef612f5690 @level="WARNING", @timestamp=1616702148375, @message="https://outofbox.client-staging.deliverybizpro.com/admin/reports.php?report_type=countdown 7 The key \"-ms-touch-action:\" is not recognized and ignored.">]
Countdown Sales Report - Export to Excel,1.1639323234558105,[]
Cross-Selling Report,1.422199010848999,[#<Selenium::WebDriver::LogEntry:0x00007fef600f0468 @level="WARNING", @timestamp=1616702152025, @message="https://outofbox.client-staging.deliverybizpro.com/admin/reports.php?report_type=cross_selling 7 The key \"touch-action:\" is not recognized and ignored.">, #<Selenium::WebDriver::LogEntry:0x00007fef600f0418 @level="WARNING", @timestamp=1616702152025, @message="https://outofbox.client-staging.deliverybizpro.com/admin/reports.php?report_type=cross_selling 7 The key \"-ms-touch-action:\" is not recognized and ignored.">]
Cross-Selling Report - Export to Excel,1.0668621063232422,[#<Selenium::WebDriver::LogEntry:0x00007fef388cd988 @level="WARNING", @timestamp=1616702154257, @message="https://outofbox.client-staging.deliverybizpro.com/admin/reports.php?report_type=cross_selling - [DOM] Found 2 elements with non-unique id #action_value: (More info: https://goo.gl/9p2vKq) %o %o">]
Discount Coupon Report,1.4188737869262695,[#<Selenium::WebDriver::LogEntry:0x00007fef6156dbe8 @level="WARNING", @timestamp=1616702155529, @message="https://outofbox.client-staging.deliverybizpro.com/admin/reports.php?report_type=discount_coupon 7 The key \"touch-action:\" is not recognized and ignored.">, #<Selenium::WebDriver::LogEntry:0x00007fef6156dbc0 @level="WARNING", @timestamp=1616702155529, @message="https://outofbox.client-staging.deliverybizpro.com/admin/reports.php?report_type=discount_coupon 7 The key \"-ms-touch-action:\" is not recognized and ignored.">]
Discount Coupon Report - Export to Excel,1.0823860168457031,[]
Manage Cross-Selling,1.3494541645050049,[#<Selenium::WebDriver::LogEntry:0x00007fef6162e6b8 @level="WARNING", @timestamp=1616702159013, @message="https://outofbox.client-staging.deliverybizpro.com/admin/reports.php?report_type=upselling 7 The key \"touch-action:\" is not recognized and ignored.">, #<Selenium::WebDriver::LogEntry:0x00007fef6162e640 @level="WARNING", @timestamp=1616702159013, @message="https://outofbox.client-staging.deliverybizpro.com/admin/reports.php?report_type=upselling 7 The key \"-ms-touch-action:\" is not recognized and ignored.">]
Manage Cross-Selling - Export to Excel,1.083085060119629,[]
Ordered Products Reports,1.8538260459899902,[#<Selenium::WebDriver::LogEntry:0x00007fef616daff8 @level="WARNING", @timestamp=1616702162727, @message="https://outofbox.client-staging.deliverybizpro.com/admin/reports.php?report_type=product 7 The key \"touch-action:\" is not recognized and ignored.">, #<Selenium::WebDriver::LogEntry:0x00007fef616dafd0 @level="WARNING", @timestamp=1616702162727, @message="https://outofbox.client-staging.deliverybizpro.com/admin/reports.php?report_type=product 7 The key \"-ms-touch-action:\" is not recognized and ignored.">]
Ordered Products Reports - Export to Excel,24.794694185256958,[]
Overall Sales,1.977820873260498,[#<Selenium::WebDriver::LogEntry:0x00007fef6172aee0 @level="WARNING", @timestamp=1616702190209, @message="https://outofbox.client-staging.deliverybizpro.com/admin/reports.php?report_type=over_sales 7 The key \"touch-action:\" is not recognized and ignored.">, #<Selenium::WebDriver::LogEntry:0x00007fef6172ae18 @level="WARNING", @timestamp=1616702190209, @message="https://outofbox.client-staging.deliverybizpro.com/admin/reports.php?report_type=over_sales 7 The key \"-ms-touch-action:\" is not recognized and ignored.">]
Overall Sales - Export to Excel,1.2632291316986084,[]
Sales By Route,1.8291590213775635,[#<Selenium::WebDriver::LogEntry:0x00007fef617b9f28 @level="WARNING", @timestamp=1616702194460, @message="https://outofbox.client-staging.deliverybizpro.com/admin/reports.php?report_type=sales_by_route 7 The key \"touch-action:\" is not recognized and ignored.">, #<Selenium::WebDriver::LogEntry:0x00007fef617b9f00 @level="WARNING", @timestamp=1616702194460, @message="https://outofbox.client-staging.deliverybizpro.com/admin/reports.php?report_type=sales_by_route 7 The key \"-ms-touch-action:\" is not recognized and ignored.">]
Sales By Route - Export to Excel,1.2625372409820557,[]
Financials Reporting,1.0653901100158691,[]
Average Order Report,1.4107699394226074,[#<Selenium::WebDriver::LogEntry:0x00007fef614e6d50 @level="WARNING", @timestamp=1616702200573, @message="https://outofbox.client-staging.deliverybizpro.com/admin/reports.php?report_type=average_order 7 The key \"touch-action:\" is not recognized and ignored.">, #<Selenium::WebDriver::LogEntry:0x00007fef614e6b70 @level="WARNING", @timestamp=1616702200573, @message="https://outofbox.client-staging.deliverybizpro.com/admin/reports.php?report_type=average_order 7 The key \"-ms-touch-action:\" is not recognized and ignored.">]
Average Order Report - Export to Excel,1.0870890617370605,[#<Selenium::WebDriver::LogEntry:0x00007fef3887f4e0 @level="WARNING", @timestamp=1616702202813, @message="https://outofbox.client-staging.deliverybizpro.com/admin/reports.php?report_type=average_order - [DOM] Found 2 elements with non-unique id #action_value: (More info: https://goo.gl/9p2vKq) %o %o">]
Credits Report,1.396528720855713,[#<Selenium::WebDriver::LogEntry:0x00007fef388be140 @level="WARNING", @timestamp=1616702204079, @message="https://outofbox.client-staging.deliverybizpro.com/admin/reports.php?report_type=credits 7 The key \"touch-action:\" is not recognized and ignored.">, #<Selenium::WebDriver::LogEntry:0x00007fef388be118 @level="WARNING", @timestamp=1616702204079, @message="https://outofbox.client-staging.deliverybizpro.com/admin/reports.php?report_type=credits 7 The key \"-ms-touch-action:\" is not recognized and ignored.">]
Credits Report - Export to Excel,1.1837270259857178,[#<Selenium::WebDriver::LogEntry:0x00007fef615ae788 @level="WARNING", @timestamp=1616702206314, @message="https://outofbox.client-staging.deliverybizpro.com/admin/reports.php?report_type=credits - [DOM] Found 2 elements with non-unique id #action_value: (More info: https://goo.gl/9p2vKq) %o %o">]
Effective Margin Report,1.3800020217895508,[#<Selenium::WebDriver::LogEntry:0x00007fef615e70b0 @level="WARNING", @timestamp=1616702207695, @message="https://outofbox.client-staging.deliverybizpro.com/admin/reports.php?report_type=effective_margin 7 The key \"touch-action:\" is not recognized and ignored.">, #<Selenium::WebDriver::LogEntry:0x00007fef615e7088 @level="WARNING", @timestamp=1616702207695, @message="https://outofbox.client-staging.deliverybizpro.com/admin/reports.php?report_type=effective_margin 7 The key \"-ms-touch-action:\" is not recognized and ignored.">]
Effective Margin Report - Export to Excel,2.2680790424346924,[]
Financials Export,1.3115568161010742,[#<Selenium::WebDriver::LogEntry:0x00007fef616a6398 @level="WARNING", @timestamp=1616702212336, @message="https://outofbox.client-staging.deliverybizpro.com/admin/reports.php?report_type=financials 7 The key \"touch-action:\" is not recognized and ignored.">, #<Selenium::WebDriver::LogEntry:0x00007fef616a6348 @level="WARNING", @timestamp=1616702212336, @message="https://outofbox.client-staging.deliverybizpro.com/admin/reports.php?report_type=financials 7 The key \"-ms-touch-action:\" is not recognized and ignored.">]
Financials Export - Export to Excel,1.230652093887329,[]
No Payment Customers,2.481065034866333,[#<Selenium::WebDriver::LogEntry:0x00007fef61700230 @level="WARNING", @timestamp=1616702216958, @message="https://outofbox.client-staging.deliverybizpro.com/admin/reports.php?report_type=not_paid 7 The key \"touch-action:\" is not recognized and ignored.">, #<Selenium::WebDriver::LogEntry:0x00007fef61700208 @level="WARNING", @timestamp=1616702216958, @message="https://outofbox.client-staging.deliverybizpro.com/admin/reports.php?report_type=not_paid 7 The key \"-ms-touch-action:\" is not recognized and ignored.">]
No Payment Customers - Export to Excel,2.229940176010132,[]
Past Due Customers,1.4210543632507324,[#<Selenium::WebDriver::LogEntry:0x00007fef61769398 @level="WARNING", @timestamp=1616702221690, @message="https://outofbox.client-staging.deliverybizpro.com/admin/reports.php?report_type=due 7 The key \"touch-action:\" is not recognized and ignored.">, #<Selenium::WebDriver::LogEntry:0x00007fef61769370 @level="WARNING", @timestamp=1616702221690, @message="https://outofbox.client-staging.deliverybizpro.com/admin/reports.php?report_type=due 7 The key \"-ms-touch-action:\" is not recognized and ignored.">]
Past Due Customers - Export to Excel,1.3460109233856201,[]
Payments On Review,1.4215190410614014,[#<Selenium::WebDriver::LogEntry:0x00007fef612be9d8 @level="WARNING", @timestamp=1616702225456, @message="https://outofbox.client-staging.deliverybizpro.com/admin/reports.php?report_type=review_payments 7 The key \"touch-action:\" is not recognized and ignored.">, #<Selenium::WebDriver::LogEntry:0x00007fef612be988 @level="WARNING", @timestamp=1616702225456, @message="https://outofbox.client-staging.deliverybizpro.com/admin/reports.php?report_type=review_payments 7 The key \"-ms-touch-action:\" is not recognized and ignored.">, #<Selenium::WebDriver::LogEntry:0x00007fef612be960 @level="SEVERE", @timestamp=1616702225577, @message="https://outofbox.client-staging.deliverybizpro.com/admin/skin1/admin/admin-modal.css - Failed to load resource: the server responded with a status of 404 ()">]
Payments On Review - Export to Excel,1.2556650638580322,[]
Payments Posted Report,1.4203028678894043,[#<Selenium::WebDriver::LogEntry:0x00007fef600e4bb8 @level="WARNING", @timestamp=1616702229145, @message="https://outofbox.client-staging.deliverybizpro.com/admin/reports.php?report_type=checks_posted 7 The key \"touch-action:\" is not recognized and ignored.">, #<Selenium::WebDriver::LogEntry:0x00007fef600e4b90 @level="WARNING", @timestamp=1616702229146, @message="https://outofbox.client-staging.deliverybizpro.com/admin/reports.php?report_type=checks_posted 7 The key \"-ms-touch-action:\" is not recognized and ignored.">]
Payments Posted Report - Export to Excel,1.5546250343322754,[]
Profit Report,1.7725791931152344,[#<Selenium::WebDriver::LogEntry:0x00007fef61566870 @level="WARNING", @timestamp=1616702233208, @message="https://outofbox.client-staging.deliverybizpro.com/admin/reports.php?report_type=profit 7 The key \"touch-action:\" is not recognized and ignored.">, #<Selenium::WebDriver::LogEntry:0x00007fef61566848 @level="WARNING", @timestamp=1616702233208, @message="https://outofbox.client-staging.deliverybizpro.com/admin/reports.php?report_type=profit 7 The key \"-ms-touch-action:\" is not recognized and ignored.">]
Profit Report - Export to Excel,1.2501850128173828,[]
Recent Payments Report,1.4031269550323486,[#<Selenium::WebDriver::LogEntry:0x00007fef616277f0 @level="WARNING", @timestamp=1616702237189, @message="https://outofbox.client-staging.deliverybizpro.com/admin/reports.php?report_type=delivery_payment 7 The key \"touch-action:\" is not recognized and ignored.">, #<Selenium::WebDriver::LogEntry:0x00007fef616277c8 @level="WARNING", @timestamp=1616702237189, @message="https://outofbox.client-staging.deliverybizpro.com/admin/reports.php?report_type=delivery_payment 7 The key \"-ms-touch-action:\" is not recognized and ignored.">]
Recent Payments Report - Export to Excel,1.1055638790130615,[]
Show Currently Owed,2.2001261711120605,[#<Selenium::WebDriver::LogEntry:0x00007fef616cf7e8 @level="WARNING", @timestamp=1616702241229, @message="https://outofbox.client-staging.deliverybizpro.com/admin/reports.php?report_type=owed 7 The key \"touch-action:\" is not recognized and ignored.">, #<Selenium::WebDriver::LogEntry:0x00007fef616cf7c0 @level="WARNING", @timestamp=1616702241229, @message="https://outofbox.client-staging.deliverybizpro.com/admin/reports.php?report_type=owed 7 The key \"-ms-touch-action:\" is not recognized and ignored.">]
Show Currently Owed - Export to Excel,1.7686560153961182,[]
Taxes Report,1.4360063076019287,[#<Selenium::WebDriver::LogEntry:0x00007fef61708cc8 @level="WARNING", @timestamp=1616702245674, @message="https://outofbox.client-staging.deliverybizpro.com/admin/reports.php?report_type=taxes 7 The key \"touch-action:\" is not recognized and ignored.">, #<Selenium::WebDriver::LogEntry:0x00007fef61708ca0 @level="WARNING", @timestamp=1616702245674, @message="https://outofbox.client-staging.deliverybizpro.com/admin/reports.php?report_type=taxes 7 The key \"-ms-touch-action:\" is not recognized and ignored.">]
Taxes Report - Export to Excel,1.193101167678833,[]
Product Reporting,1.0615849494934082,[]
Bagged Items Report,1.782599925994873,[#<Selenium::WebDriver::LogEntry:0x00007fef60a527b8 @level="WARNING", @timestamp=1616702251392, @message="https://outofbox.client-staging.deliverybizpro.com/admin/reports.php?report_type=bagged_items 7 The key \"touch-action:\" is not recognized and ignored.">, #<Selenium::WebDriver::LogEntry:0x00007fef60a52790 @level="WARNING", @timestamp=1616702251392, @message="https://outofbox.client-staging.deliverybizpro.com/admin/reports.php?report_type=bagged_items 7 The key \"-ms-touch-action:\" is not recognized and ignored.">]
Bagged Items Report - Export to Excel,2.5337629318237305,[]
Customized Products,1.4674320220947266,[#<Selenium::WebDriver::LogEntry:0x00007fef614c77c0 @level="WARNING", @timestamp=1616702256712, @message="https://outofbox.client-staging.deliverybizpro.com/admin/reports.php?report_type=customized_products 7 The key \"touch-action:\" is not recognized and ignored.">, #<Selenium::WebDriver::LogEntry:0x00007fef614c7658 @level="WARNING", @timestamp=1616702256713, @message="https://outofbox.client-staging.deliverybizpro.com/admin/reports.php?report_type=customized_products 7 The key \"-ms-touch-action:\" is not recognized and ignored.">, #<Selenium::WebDriver::LogEntry:0x00007fef614c7630 @level="SEVERE", @timestamp=1616702256836, @message="https://outofbox.client-staging.deliverybizpro.com/admin/skin1/admin/admin-modal.css - Failed to load resource: the server responded with a status of 404 ()">]
Customized Products - Export to Excel,1.190765142440796,[]
Forecast,1.5864121913909912,[#<Selenium::WebDriver::LogEntry:0x00007fef388c7330 @level="WARNING", @timestamp=1616702282392, @message="https://outofbox.client-staging.deliverybizpro.com/admin/reports.php?report_type=forecast 7 The key \"touch-action:\" is not recognized and ignored.">, #<Selenium::WebDriver::LogEntry:0x00007fef388c72b8 @level="WARNING", @timestamp=1616702282392, @message="https://outofbox.client-staging.deliverybizpro.com/admin/reports.php?report_type=forecast 7 The key \"-ms-touch-action:\" is not recognized and ignored.">]
Inventory,3.7316112518310547,[#<Selenium::WebDriver::LogEntry:0x00007fef6157dbd8 @level="WARNING", @timestamp=1616702288724, @message="https://outofbox.client-staging.deliverybizpro.com/admin/reports.php?report_type=inventory&hide_disabled_inventory=Y 7 The key \"touch-action:\" is not recognized and ignored.">, #<Selenium::WebDriver::LogEntry:0x00007fef6157db60 @level="WARNING", @timestamp=1616702288724, @message="https://outofbox.client-staging.deliverybizpro.com/admin/reports.php?report_type=inventory&hide_disabled_inventory=Y 7 The key \"-ms-touch-action:\" is not recognized and ignored.">]
Inventory - Export to Excel,2.822216033935547,[]
Product Reporting,1.0801351070404053,[]
Load Sheet Report,1.4304931163787842,[#<Selenium::WebDriver::LogEntry:0x00007fef616765f8 @level="WARNING", @timestamp=1616702296668, @message="https://outofbox.client-staging.deliverybizpro.com/admin/reports.php?report_type=load_sheet 7 The key \"touch-action:\" is not recognized and ignored.">, #<Selenium::WebDriver::LogEntry:0x00007fef616765d0 @level="WARNING", @timestamp=1616702296668, @message="https://outofbox.client-staging.deliverybizpro.com/admin/reports.php?report_type=load_sheet 7 The key \"-ms-touch-action:\" is not recognized and ignored.">]
Load Sheet Report - Export to Excel,1.0894660949707031,[]
Out Of Stock Report,1.4238848686218262,[#<Selenium::WebDriver::LogEntry:0x00007fef3a812320 @level="WARNING", @timestamp=1616702300180, @message="https://outofbox.client-staging.deliverybizpro.com/admin/reports.php?report_type=out_of_stock 7 The key \"touch-action:\" is not recognized and ignored.">, #<Selenium::WebDriver::LogEntry:0x00007fef3a8122f8 @level="WARNING", @timestamp=1616702300180, @message="https://outofbox.client-staging.deliverybizpro.com/admin/reports.php?report_type=out_of_stock 7 The key \"-ms-touch-action:\" is not recognized and ignored.">, #<Selenium::WebDriver::LogEntry:0x00007fef3a8122a8 @level="SEVERE", @timestamp=1616702300293, @message="https://outofbox.client-staging.deliverybizpro.com/admin/skin1/admin/admin-modal.css - Failed to load resource: the server responded with a status of 404 ()">]
Out Of Stock Report - Export to Excel,1.067274808883667,[]
Customer Reporting,1.0648210048675537,[]
Customer Count Report,2.4624881744384766,[#<Selenium::WebDriver::LogEntry:0x00007fef61799c00 @level="WARNING", @timestamp=1616702350809, @message="https://outofbox.client-staging.deliverybizpro.com/admin/reports.php?report_type=customer_count 7 The key \"touch-action:\" is not recognized and ignored.">, #<Selenium::WebDriver::LogEntry:0x00007fef61799bb0 @level="WARNING", @timestamp=1616702350809, @message="https://outofbox.client-staging.deliverybizpro.com/admin/reports.php?report_type=customer_count 7 The key \"-ms-touch-action:\" is not recognized and ignored.">]
Customer Count Report - Export to Excel,1.0747151374816895,[#<Selenium::WebDriver::LogEntry:0x00007fef5a02c7d0 @level="WARNING", @timestamp=1616702353088, @message="https://outofbox.client-staging.deliverybizpro.com/admin/reports.php?report_type=customer_count - [DOM] Found 2 elements with non-unique id #action_value: (More info: https://goo.gl/9p2vKq) %o %o">]
Customer Orders Count,1.4079408645629883,[#<Selenium::WebDriver::LogEntry:0x00007fef613347a0 @level="WARNING", @timestamp=1616702354343, @message="https://outofbox.client-staging.deliverybizpro.com/admin/reports.php?report_type=customer_orders 7 The key \"touch-action:\" is not recognized and ignored.">, #<Selenium::WebDriver::LogEntry:0x00007fef613345e8 @level="WARNING", @timestamp=1616702354343, @message="https://outofbox.client-staging.deliverybizpro.com/admin/reports.php?report_type=customer_orders 7 The key \"-ms-touch-action:\" is not recognized and ignored.">]
Customer Orders Count - Export to Excel,1.0844950675964355,[]
Deposit Report,1.4109010696411133,[#<Selenium::WebDriver::LogEntry:0x00007fef60118828 @level="WARNING", @timestamp=1616702357843, @message="https://outofbox.client-staging.deliverybizpro.com/admin/reports.php?report_type=bottle_deposit 7 The key \"touch-action:\" is not recognized and ignored.">, #<Selenium::WebDriver::LogEntry:0x00007fef60118800 @level="WARNING", @timestamp=1616702357843, @message="https://outofbox.client-staging.deliverybizpro.com/admin/reports.php?report_type=bottle_deposit 7 The key \"-ms-touch-action:\" is not recognized and ignored.">]
Deposit Report - Export to Excel,1.2789151668548584,[]
Followup Report,1.4177589416503906,[#<Selenium::WebDriver::LogEntry:0x00007fef6158ec58 @level="WARNING", @timestamp=1616702361550, @message="https://outofbox.client-staging.deliverybizpro.com/admin/reports.php?report_type=followup 7 The key \"touch-action:\" is not recognized and ignored.">, #<Selenium::WebDriver::LogEntry:0x00007fef6158ebe0 @level="WARNING", @timestamp=1616702361550, @message="https://outofbox.client-staging.deliverybizpro.com/admin/reports.php?report_type=followup 7 The key \"-ms-touch-action:\" is not recognized and ignored.">]
Followup Report - Export to Excel,1.0797879695892334,[#<Selenium::WebDriver::LogEntry:0x00007fef61616fe0 @level="WARNING", @timestamp=1616702363801, @message="https://outofbox.client-staging.deliverybizpro.com/admin/reports.php?report_type=followup - [DOM] Found 2 elements with non-unique id #action_value: (More info: https://goo.gl/9p2vKq) %o %o">]
Friend Referral Report,1.4058480262756348,[#<Selenium::WebDriver::LogEntry:0x00007fef6164ed78 @level="WARNING", @timestamp=1616702365062, @message="https://outofbox.client-staging.deliverybizpro.com/admin/reports.php?report_type=refer_friend 7 The key \"touch-action:\" is not recognized and ignored.">, #<Selenium::WebDriver::LogEntry:0x00007fef6164ed50 @level="WARNING", @timestamp=1616702365062, @message="https://outofbox.client-staging.deliverybizpro.com/admin/reports.php?report_type=refer_friend 7 The key \"-ms-touch-action:\" is not recognized and ignored.">]
Friend Referral Report - Export to Excel,1.2060487270355225,[]
Minimum Order Report,1.3740789890289307,[#<Selenium::WebDriver::LogEntry:0x00007fef616e9a08 @level="WARNING", @timestamp=1616702368679, @message="https://outofbox.client-staging.deliverybizpro.com/admin/reports.php?report_type=min_order_report 7 The key \"touch-action:\" is not recognized and ignored.">, #<Selenium::WebDriver::LogEntry:0x00007fef616e99e0 @level="WARNING", @timestamp=1616702368679, @message="https://outofbox.client-staging.deliverybizpro.com/admin/reports.php?report_type=min_order_report 7 The key \"-ms-touch-action:\" is not recognized and ignored.">]
Minimum Order Report - Export to Excel,1.0649402141571045,[]
Negative Balances,2.0093071460723877,[#<Selenium::WebDriver::LogEntry:0x00007fef61741938 @level="WARNING", @timestamp=1616702372727, @message="https://outofbox.client-staging.deliverybizpro.com/admin/reports.php?report_type=balance 7 The key \"touch-action:\" is not recognized and ignored.">, #<Selenium::WebDriver::LogEntry:0x00007fef61741910 @level="WARNING", @timestamp=1616702372727, @message="https://outofbox.client-staging.deliverybizpro.com/admin/reports.php?report_type=balance 7 The key \"-ms-touch-action:\" is not recognized and ignored.">]
New Customers,1.454658031463623,[#<Selenium::WebDriver::LogEntry:0x00007fef6177a9b8 @level="WARNING", @timestamp=1616702375165, @message="https://outofbox.client-staging.deliverybizpro.com/admin/reports.php?report_type=new 7 The key \"touch-action:\" is not recognized and ignored.">, #<Selenium::WebDriver::LogEntry:0x00007fef6177a990 @level="WARNING", @timestamp=1616702375165, @message="https://outofbox.client-staging.deliverybizpro.com/admin/reports.php?report_type=new 7 The key \"-ms-touch-action:\" is not recognized and ignored.">]
No Order Customers Report,1.4752938747406006,[#<Selenium::WebDriver::LogEntry:0x00007fef617aaa00 @level="WARNING", @timestamp=1616702379693, @message="https://outofbox.client-staging.deliverybizpro.com/admin/reports.php?report_type=no_orders 7 The key \"touch-action:\" is not recognized and ignored.">, #<Selenium::WebDriver::LogEntry:0x00007fef617aa9d8 @level="WARNING", @timestamp=1616702379693, @message="https://outofbox.client-staging.deliverybizpro.com/admin/reports.php?report_type=no_orders 7 The key \"-ms-touch-action:\" is not recognized and ignored.">]
No Order Customers Report - Export to Excel,1.524595022201538,[#<Selenium::WebDriver::LogEntry:0x00007fef612a78f0 @level="WARNING", @timestamp=1616702381976, @message="https://outofbox.client-staging.deliverybizpro.com/admin/reports.php?report_type=no_orders - [DOM] Found 2 elements with non-unique id #action_value: (More info: https://goo.gl/9p2vKq) %o %o">]
No Payment Customers,2.4533331394195557,[#<Selenium::WebDriver::LogEntry:0x00007fef613ad7b8 @level="WARNING", @timestamp=1616702384694, @message="https://outofbox.client-staging.deliverybizpro.com/admin/reports.php?report_type=not_paid 7 The key \"touch-action:\" is not recognized and ignored.">, #<Selenium::WebDriver::LogEntry:0x00007fef613ad718 @level="WARNING", @timestamp=1616702384694, @message="https://outofbox.client-staging.deliverybizpro.com/admin/reports.php?report_type=not_paid 7 The key \"-ms-touch-action:\" is not recognized and ignored.">]
No Payment Customers - Export to Excel,2.2278618812561035,[]
Customer Reporting,1.067356824874878,[]
On Hold Report,1.4728550910949707,[#<Selenium::WebDriver::LogEntry:0x00007fef388a4ce0 @level="WARNING", @timestamp=1616702391491, @message="https://outofbox.client-staging.deliverybizpro.com/admin/reports.php?report_type=on_hold 7 The key \"touch-action:\" is not recognized and ignored.">, #<Selenium::WebDriver::LogEntry:0x00007fef388a4cb8 @level="WARNING", @timestamp=1616702391491, @message="https://outofbox.client-staging.deliverybizpro.com/admin/reports.php?report_type=on_hold 7 The key \"-ms-touch-action:\" is not recognized and ignored.">]
On Hold Report - Export to Excel,1.1941759586334229,[]
Past Due Customers,1.3951001167297363,[#<Selenium::WebDriver::LogEntry:0x00007fef615cd6b0 @level="WARNING", @timestamp=1616702395150, @message="https://outofbox.client-staging.deliverybizpro.com/admin/reports.php?report_type=due 7 The key \"touch-action:\" is not recognized and ignored.">, #<Selenium::WebDriver::LogEntry:0x00007fef615cd688 @level="WARNING", @timestamp=1616702395150, @message="https://outofbox.client-staging.deliverybizpro.com/admin/reports.php?report_type=due 7 The key \"-ms-touch-action:\" is not recognized and ignored.">]
Past Due Customers - Export to Excel,1.3567428588867188,[]
Customer Reporting,1.0623929500579834,[]
Recurring Order Report,1.4415500164031982,[#<Selenium::WebDriver::LogEntry:0x00007fef616cb6e8 @level="WARNING", @timestamp=1616702400991, @message="https://outofbox.client-staging.deliverybizpro.com/admin/reports.php?report_type=recurring_orders 7 The key \"touch-action:\" is not recognized and ignored.">, #<Selenium::WebDriver::LogEntry:0x00007fef616cb620 @level="WARNING", @timestamp=1616702400991, @message="https://outofbox.client-staging.deliverybizpro.com/admin/reports.php?report_type=recurring_orders 7 The key \"-ms-touch-action:\" is not recognized and ignored.">]
Recurring Order Report - Export to Excel,1.3583381175994873,[]
Retention Report,1.4213809967041016,[#<Selenium::WebDriver::LogEntry:0x00007fef61711698 @level="WARNING", @timestamp=1616702404778, @message="https://outofbox.client-staging.deliverybizpro.com/admin/reports.php?report_type=customer_retention 7 The key \"touch-action:\" is not recognized and ignored.">, #<Selenium::WebDriver::LogEntry:0x00007fef61711648 @level="WARNING", @timestamp=1616702404778, @message="https://outofbox.client-staging.deliverybizpro.com/admin/reports.php?report_type=customer_retention 7 The key \"-ms-touch-action:\" is not recognized and ignored.">]
Show Inactive Customers,1.37424898147583,[#<Selenium::WebDriver::LogEntry:0x00007fef61753958 @level="WARNING", @timestamp=1616702409217, @message="https://outofbox.client-staging.deliverybizpro.com/admin/reports.php?report_type=inactive_customers 7 The key \"touch-action:\" is not recognized and ignored.">, #<Selenium::WebDriver::LogEntry:0x00007fef61753930 @level="WARNING", @timestamp=1616702409218, @message="https://outofbox.client-staging.deliverybizpro.com/admin/reports.php?report_type=inactive_customers 7 The key \"-ms-touch-action:\" is not recognized and ignored.">]
Show Inactive Customers - Export to Excel,1.425365686416626,[]
Top Customers,1.3946270942687988,[#<Selenium::WebDriver::LogEntry:0x00007fef60a52b78 @level="WARNING", @timestamp=1616702413027, @message="https://outofbox.client-staging.deliverybizpro.com/admin/reports.php?report_type=top_customers 7 The key \"touch-action:\" is not recognized and ignored.">, #<Selenium::WebDriver::LogEntry:0x00007fef60a52b50 @level="WARNING", @timestamp=1616702413027, @message="https://outofbox.client-staging.deliverybizpro.com/admin/reports.php?report_type=top_customers 7 The key \"-ms-touch-action:\" is not recognized and ignored.">]
Top Customers - Export to Excel,1.0987918376922607,[#<Selenium::WebDriver::LogEntry:0x00007fef613d5dd0 @level="WARNING", @timestamp=1616702415260, @message="https://outofbox.client-staging.deliverybizpro.com/admin/reports.php?report_type=top_customers - [DOM] Found 2 elements with non-unique id #action_value: (More info: https://goo.gl/9p2vKq) %o %o">]
Misc. Reporting,1.0700106620788574,[]
Contact Us Report,1.6850559711456299,[#<Selenium::WebDriver::LogEntry:0x00007fef617582f0 @level="WARNING", @timestamp=1616702766456, @message="https://outofbox.client-staging.deliverybizpro.com/admin/reports.php?report_type=contact_us 7 The key \"touch-action:\" is not recognized and ignored.">, #<Selenium::WebDriver::LogEntry:0x00007fef617582c8 @level="WARNING", @timestamp=1616702766456, @message="https://outofbox.client-staging.deliverybizpro.com/admin/reports.php?report_type=contact_us 7 The key \"-ms-touch-action:\" is not recognized and ignored.">]
Contact Us Report - Export to Excel,1.0751392841339111,[]
Coupon Usage,1.4765729904174805,[#<Selenium::WebDriver::LogEntry:0x00007fef6096dd98 @level="WARNING", @timestamp=1616702770038, @message="https://outofbox.client-staging.deliverybizpro.com/admin/reports.php?report_type=coupons 7 The key \"touch-action:\" is not recognized and ignored.">, #<Selenium::WebDriver::LogEntry:0x00007fef6096dc08 @level="WARNING", @timestamp=1616702770038, @message="https://outofbox.client-staging.deliverybizpro.com/admin/reports.php?report_type=coupons 7 The key \"-ms-touch-action:\" is not recognized and ignored.">]
Coupon Usage - Export to Excel,1.1885969638824463,[#<Selenium::WebDriver::LogEntry:0x00007fef614661a0 @level="WARNING", @timestamp=1616702772322, @message="https://outofbox.client-staging.deliverybizpro.com/admin/reports.php?report_type=coupons - [DOM] Found 2 elements with non-unique id #action_value: (More info: https://goo.gl/9p2vKq) %o %o">]
Missing Orders,1.539659023284912,[#<Selenium::WebDriver::LogEntry:0x00007fef600cd6e8 @level="WARNING", @timestamp=1616702795742, @message="https://outofbox.client-staging.deliverybizpro.com/admin/reports.php?report_type=missing_orders 7 The key \"touch-action:\" is not recognized and ignored.">, #<Selenium::WebDriver::LogEntry:0x00007fef600cd670 @level="WARNING", @timestamp=1616702795742, @message="https://outofbox.client-staging.deliverybizpro.com/admin/reports.php?report_type=missing_orders 7 The key \"-ms-touch-action:\" is not recognized and ignored.">, #<Selenium::WebDriver::LogEntry:0x00007fef600cd648 @level="SEVERE", @timestamp=1616702795884, @message="https://outofbox.client-staging.deliverybizpro.com/admin/skin1/admin/admin-modal.css - Failed to load resource: the server responded with a status of 404 ()">, #<Selenium::WebDriver::LogEntry:0x00007fef600cd620 @level="SEVERE", @timestamp=1616702795947, @message="https://outofbox.client-staging.deliverybizpro.com/admin/skin1/admin/admin-modal.css - Failed to load resource: the server responded with a status of 404 ()">]
Coupons,1.434433937072754,[#<Selenium::WebDriver::LogEntry:0x00007fef3887dac8 @level="WARNING", @timestamp=1616702804391, @message="https://outofbox.client-staging.deliverybizpro.com/admin/discount_coupons.php 7 The key \"touch-action:\" is not recognized and ignored.">, #<Selenium::WebDriver::LogEntry:0x00007fef3887daa0 @level="WARNING", @timestamp=1616702804391, @message="https://outofbox.client-staging.deliverybizpro.com/admin/discount_coupons.php 7 The key \"-ms-touch-action:\" is not recognized and ignored.">]
Coupon Events,1.358328104019165,[#<Selenium::WebDriver::LogEntry:0x00007fef388df0e8 @level="WARNING", @timestamp=1616702808789, @message="https://outofbox.client-staging.deliverybizpro.com/admin/coupon_events.php 7 The key \"touch-action:\" is not recognized and ignored.">, #<Selenium::WebDriver::LogEntry:0x00007fef388df070 @level="WARNING", @timestamp=1616702808789, @message="https://outofbox.client-staging.deliverybizpro.com/admin/coupon_events.php 7 The key \"-ms-touch-action:\" is not recognized and ignored.">]
Countdown Products,1.3564510345458984,[#<Selenium::WebDriver::LogEntry:0x00007fef61595968 @level="WARNING", @timestamp=1616702813173, @message="https://outofbox.client-staging.deliverybizpro.com/admin/reports.php?report_type=countdown_mgmt 7 The key \"touch-action:\" is not recognized and ignored.">, #<Selenium::WebDriver::LogEntry:0x00007fef61595940 @level="WARNING", @timestamp=1616702813173, @message="https://outofbox.client-staging.deliverybizpro.com/admin/reports.php?report_type=countdown_mgmt 7 The key \"-ms-touch-action:\" is not recognized and ignored.">]
Countdown Products - Export to Excel,1.0734891891479492,[]
Global Discounts,1.4753010272979736,[#<Selenium::WebDriver::LogEntry:0x00007fef61655d30 @level="WARNING", @timestamp=1616702816675, @message="https://outofbox.client-staging.deliverybizpro.com/provider/discounts.php 7 The key \"touch-action:\" is not recognized and ignored.">, #<Selenium::WebDriver::LogEntry:0x00007fef61655d08 @level="WARNING", @timestamp=1616702816675, @message="https://outofbox.client-staging.deliverybizpro.com/provider/discounts.php 7 The key \"-ms-touch-action:\" is not recognized and ignored.">]
Featured Products,1.6287150382995605,[#<Selenium::WebDriver::LogEntry:0x00007fef616afd80 @level="WARNING", @timestamp=1616702821141, @message="https://outofbox.client-staging.deliverybizpro.com/admin/products?search_criteria=featured_product 7 The key \"touch-action:\" is not recognized and ignored.">, #<Selenium::WebDriver::LogEntry:0x00007fef616afd08 @level="WARNING", @timestamp=1616702821141, @message="https://outofbox.client-staging.deliverybizpro.com/admin/products?search_criteria=featured_product 7 The key \"-ms-touch-action:\" is not recognized and ignored.">, #<Selenium::WebDriver::LogEntry:0x00007fef616afcb8 @level="WARNING", @timestamp=1616702821454, @message="https://outofbox.client-staging.deliverybizpro.com/admin/products?search_criteria=featured_product - [DOM] Found 2 elements with non-unique id #collapse-quantity: (More info: https://goo.gl/9p2vKq) %o %o">]
Sale Items,1.4331519603729248,[#<Selenium::WebDriver::LogEntry:0x00007fef616d05d0 @level="WARNING", @timestamp=1616702825803, @message="https://outofbox.client-staging.deliverybizpro.com/admin/products?search_criteria=sale_item 7 The key \"touch-action:\" is not recognized and ignored.">, #<Selenium::WebDriver::LogEntry:0x00007fef616d0580 @level="WARNING", @timestamp=1616702825803, @message="https://outofbox.client-staging.deliverybizpro.com/admin/products?search_criteria=sale_item 7 The key \"-ms-touch-action:\" is not recognized and ignored.">, #<Selenium::WebDriver::LogEntry:0x00007fef616d0558 @level="WARNING", @timestamp=1616702825943, @message="https://outofbox.client-staging.deliverybizpro.com/admin/products?search_criteria=sale_item - [DOM] Found 2 elements with non-unique id #collapse-quantity: (More info: https://goo.gl/9p2vKq) %o %o">]
Manage Cross-Selling,1.3643131256103516,[#<Selenium::WebDriver::LogEntry:0x00007fef3907e650 @level="WARNING", @timestamp=1616702830242, @message="https://outofbox.client-staging.deliverybizpro.com/admin/reports.php?report_type=upselling 7 The key \"touch-action:\" is not recognized and ignored.">, #<Selenium::WebDriver::LogEntry:0x00007fef3907e628 @level="WARNING", @timestamp=1616702830242, @message="https://outofbox.client-staging.deliverybizpro.com/admin/reports.php?report_type=upselling 7 The key \"-ms-touch-action:\" is not recognized and ignored.">]
Manage Cross-Selling - Export to Excel,1.0835247039794922,[]
First Time Order Specials,1.421238899230957,[#<Selenium::WebDriver::LogEntry:0x00007fef61769348 @level="WARNING", @timestamp=1616702833720, @message="https://outofbox.client-staging.deliverybizpro.com/admin/products?search_criteria=first_time_order 7 The key \"touch-action:\" is not recognized and ignored.">, #<Selenium::WebDriver::LogEntry:0x00007fef61769320 @level="WARNING", @timestamp=1616702833720, @message="https://outofbox.client-staging.deliverybizpro.com/admin/products?search_criteria=first_time_order 7 The key \"-ms-touch-action:\" is not recognized and ignored.">, #<Selenium::WebDriver::LogEntry:0x00007fef617692f8 @level="WARNING", @timestamp=1616702833847, @message="https://outofbox.client-staging.deliverybizpro.com/admin/products?search_criteria=first_time_order - [DOM] Found 2 elements with non-unique id #collapse-quantity: (More info: https://goo.gl/9p2vKq) %o %o">]
Search Orders,1.5307059288024902,[#<Selenium::WebDriver::LogEntry:0x00007fef617c07b0 @level="WARNING", @timestamp=1616702838173, @message="https://outofbox.client-staging.deliverybizpro.com/admin/orders.php 7 The key \"touch-action:\" is not recognized and ignored.">, #<Selenium::WebDriver::LogEntry:0x00007fef617c0760 @level="WARNING", @timestamp=1616702838173, @message="https://outofbox.client-staging.deliverybizpro.com/admin/orders.php 7 The key \"-ms-touch-action:\" is not recognized and ignored.">]
Today's Orders,1.5403528213500977,[#<Selenium::WebDriver::LogEntry:0x00007fef3885ea10 @level="WARNING", @timestamp=1616702842797, @message="https://outofbox.client-staging.deliverybizpro.com/admin/orders.php?mode=search 7 The key \"touch-action:\" is not recognized and ignored.">, #<Selenium::WebDriver::LogEntry:0x00007fef3885e858 @level="WARNING", @timestamp=1616702842797, @message="https://outofbox.client-staging.deliverybizpro.com/admin/orders.php?mode=search 7 The key \"-ms-touch-action:\" is not recognized and ignored.">]
This Week's Orders,1.579200029373169,[#<Selenium::WebDriver::LogEntry:0x00007fef613d4e08 @level="WARNING", @timestamp=1616702847370, @message="https://outofbox.client-staging.deliverybizpro.com/admin/orders.php?mode=search 7 The key \"touch-action:\" is not recognized and ignored.">, #<Selenium::WebDriver::LogEntry:0x00007fef613d4de0 @level="WARNING", @timestamp=1616702847370, @message="https://outofbox.client-staging.deliverybizpro.com/admin/orders.php?mode=search 7 The key \"-ms-touch-action:\" is not recognized and ignored.">]
Next Week's Orders,1.5419609546661377,[#<Selenium::WebDriver::LogEntry:0x00007fef388866a0 @level="WARNING", @timestamp=1616702851987, @message="https://outofbox.client-staging.deliverybizpro.com/admin/orders.php?mode=search 7 The key \"touch-action:\" is not recognized and ignored.">, #<Selenium::WebDriver::LogEntry:0x00007fef38886650 @level="WARNING", @timestamp=1616702851987, @message="https://outofbox.client-staging.deliverybizpro.com/admin/orders.php?mode=search 7 The key \"-ms-touch-action:\" is not recognized and ignored.">]
Create Purchase Order,1.540113925933838,[#<Selenium::WebDriver::LogEntry:0x00007fef61536760 @level="WARNING", @timestamp=1616702856461, @message="https://outofbox.client-staging.deliverybizpro.com/admin/router.php#/adv-purchase-order/create 7 The key \"touch-action:\" is not recognized and ignored.">, #<Selenium::WebDriver::LogEntry:0x00007fef61536710 @level="WARNING", @timestamp=1616702856461, @message="https://outofbox.client-staging.deliverybizpro.com/admin/router.php#/adv-purchase-order/create 7 The key \"-ms-touch-action:\" is not recognized and ignored.">]
View Purchase Orders,1.0631906986236572,[]
Autoresponders,1.4950339794158936,[#<Selenium::WebDriver::LogEntry:0x00007fef61576888 @level="WARNING", @timestamp=1616702865225, @message="https://outofbox.client-staging.deliverybizpro.com/admin/news.php?mode=messages&targetlist=2 7 The key \"touch-action:\" is not recognized and ignored.">, #<Selenium::WebDriver::LogEntry:0x00007fef61576860 @level="WARNING", @timestamp=1616702865225, @message="https://outofbox.client-staging.deliverybizpro.com/admin/news.php?mode=messages&targetlist=2 7 The key \"-ms-touch-action:\" is not recognized and ignored.">]
General News List,1.6454219818115234,[#<Selenium::WebDriver::LogEntry:0x00007fef615c5aa0 @level="WARNING", @timestamp=1616702869657, @message="https://outofbox.client-staging.deliverybizpro.com/admin/router.php#/newsletters-list/5 7 The key \"touch-action:\" is not recognized and ignored.">, #<Selenium::WebDriver::LogEntry:0x00007fef615c5a28 @level="WARNING", @timestamp=1616702869657, @message="https://outofbox.client-staging.deliverybizpro.com/admin/router.php#/newsletters-list/5 7 The key \"-ms-touch-action:\" is not recognized and ignored.">]
Unsubscribers,1.3364276885986328,[#<Selenium::WebDriver::LogEntry:0x00007fef616346f8 @level="SEVERE", @timestamp=1616702882507, @message="https://outofbox.client-staging.deliverybizpro.com/admin/unsubscribers - Failed to load resource: the server responded with a status of 502 ()">]
Fees,2.597210168838501,[#<Selenium::WebDriver::LogEntry:0x00007fef3906a948 @level="WARNING", @timestamp=1616702935652, @message="https://outofbox.client-staging.deliverybizpro.com/admin/router.php#/newsletters-list/5 7 The key \"touch-action:\" is not recognized and ignored.">, #<Selenium::WebDriver::LogEntry:0x00007fef3906a8f8 @level="WARNING", @timestamp=1616702935652, @message="https://outofbox.client-staging.deliverybizpro.com/admin/router.php#/newsletters-list/5 7 The key \"-ms-touch-action:\" is not recognized and ignored.">]
Settings,1.0623972415924072,[]
Store Locations,1.616274356842041,[#<Selenium::WebDriver::LogEntry:0x00007fef6176bd78 @level="WARNING", @timestamp=1616702952959, @message="https://outofbox.client-staging.deliverybizpro.com/admin/stores.php 7 The key \"touch-action:\" is not recognized and ignored.">, #<Selenium::WebDriver::LogEntry:0x00007fef6176bd00 @level="WARNING", @timestamp=1616702952959, @message="https://outofbox.client-staging.deliverybizpro.com/admin/stores.php 7 The key \"-ms-touch-action:\" is not recognized and ignored.">]
DBP Settings,1.6772379875183105,[#<Selenium::WebDriver::LogEntry:0x00007fef617c2ee8 @level="WARNING", @timestamp=1616702957623, @message="https://outofbox.client-staging.deliverybizpro.com/admin/dbp_settings.php 7 The key \"touch-action:\" is not recognized and ignored.">, #<Selenium::WebDriver::LogEntry:0x00007fef617c2ec0 @level="WARNING", @timestamp=1616702957623, @message="https://outofbox.client-staging.deliverybizpro.com/admin/dbp_settings.php 7 The key \"-ms-touch-action:\" is not recognized and ignored.">]
DBP Billing,2.244929075241089,[#<Selenium::WebDriver::LogEntry:0x00007fef61231470 @level="WARNING", @timestamp=1616702962992, @message="https://outofbox.client-staging.deliverybizpro.com/admin/dbp_billing.php 7 The key \"touch-action:\" is not recognized and ignored.">, #<Selenium::WebDriver::LogEntry:0x00007fef61231448 @level="WARNING", @timestamp=1616702962992, @message="https://outofbox.client-staging.deliverybizpro.com/admin/dbp_billing.php 7 The key \"-ms-touch-action:\" is not recognized and ignored.">]
Countries,1.396028757095337,[#<Selenium::WebDriver::LogEntry:0x00007fef613bc088 @level="WARNING", @timestamp=1616702967569, @message="https://outofbox.client-staging.deliverybizpro.com/admin/countries.php 7 The key \"touch-action:\" is not recognized and ignored.">, #<Selenium::WebDriver::LogEntry:0x00007fef613c7f78 @level="WARNING", @timestamp=1616702967569, @message="https://outofbox.client-staging.deliverybizpro.com/admin/countries.php 7 The key \"-ms-touch-action:\" is not recognized and ignored.">]
States,1.4517371654510498,[#<Selenium::WebDriver::LogEntry:0x00007fef6151c0b8 @level="WARNING", @timestamp=1616702971962, @message="https://outofbox.client-staging.deliverybizpro.com/admin/states.php 7 The key \"touch-action:\" is not recognized and ignored.">, #<Selenium::WebDriver::LogEntry:0x00007fef61527eb8 @level="WARNING", @timestamp=1616702971963, @message="https://outofbox.client-staging.deliverybizpro.com/admin/states.php 7 The key \"-ms-touch-action:\" is not recognized and ignored.">]
Settings,1.0545411109924316,[]
Export/Import Cities,1.3545050621032715,[#<Selenium::WebDriver::LogEntry:0x00007fef388b7430 @level="WARNING", @timestamp=1616702980541, @message="https://outofbox.client-staging.deliverybizpro.com/admin/cities_export_import.php 7 The key \"touch-action:\" is not recognized and ignored.">, #<Selenium::WebDriver::LogEntry:0x00007fef388b7408 @level="WARNING", @timestamp=1616702980541, @message="https://outofbox.client-staging.deliverybizpro.com/admin/cities_export_import.php 7 The key \"-ms-touch-action:\" is not recognized and ignored.">]
Summary,2.3733251094818115,[#<Selenium::WebDriver::LogEntry:0x00007fef6156db48 @level="WARNING", @timestamp=1616702985927, @message="https://outofbox.client-staging.deliverybizpro.com/admin/general.php 7 The key \"touch-action:\" is not recognized and ignored.">, #<Selenium::WebDriver::LogEntry:0x00007fef6156db20 @level="WARNING", @timestamp=1616702985927, @message="https://outofbox.client-staging.deliverybizpro.com/admin/general.php 7 The key \"-ms-touch-action:\" is not recognized and ignored.">]
Credit card types,1.3651759624481201,[#<Selenium::WebDriver::LogEntry:0x00007fef615bcf68 @level="WARNING", @timestamp=1616702990313, @message="https://outofbox.client-staging.deliverybizpro.com/admin/card_types.php 7 The key \"touch-action:\" is not recognized and ignored.">, #<Selenium::WebDriver::LogEntry:0x00007fef615bcf40 @level="WARNING", @timestamp=1616702990313, @message="https://outofbox.client-staging.deliverybizpro.com/admin/card_types.php 7 The key \"-ms-touch-action:\" is not recognized and ignored.">]
General Settings,1.7304842472076416,[#<Selenium::WebDriver::LogEntry:0x00007fef616172d8 @level="WARNING", @timestamp=1616702994775, @message="https://outofbox.client-staging.deliverybizpro.com/admin/configuration 7 The key \"touch-action:\" is not recognized and ignored.">, #<Selenium::WebDriver::LogEntry:0x00007fef616172b0 @level="WARNING", @timestamp=1616702994775, @message="https://outofbox.client-staging.deliverybizpro.com/admin/configuration 7 The key \"-ms-touch-action:\" is not recognized and ignored.">]
Languages,1.4357101917266846,[#<Selenium::WebDriver::LogEntry:0x00007fef61664f60 @level="WARNING", @timestamp=1616702999493, @message="https://outofbox.client-staging.deliverybizpro.com/admin/languages.php 7 The key \"touch-action:\" is not recognized and ignored.">, #<Selenium::WebDriver::LogEntry:0x00007fef61664f38 @level="WARNING", @timestamp=1616702999493, @message="https://outofbox.client-staging.deliverybizpro.com/admin/languages.php 7 The key \"-ms-touch-action:\" is not recognized and ignored.">, #<Selenium::WebDriver::LogEntry:0x00007fef61664f10 @level="SEVERE", @timestamp=1616702999612, @message="https://outofbox.client-staging.deliverybizpro.com/tinymce/tiny_mce.js - Failed to load resource: the server responded with a status of 404 ()">]
Modules,2.1747632026672363,[#<Selenium::WebDriver::LogEntry:0x00007fef616b8548 @level="WARNING", @timestamp=1616703004069, @message="https://outofbox.client-staging.deliverybizpro.com/admin/modules.php 7 The key \"touch-action:\" is not recognized and ignored.">, #<Selenium::WebDriver::LogEntry:0x00007fef616b8520 @level="WARNING", @timestamp=1616703004069, @message="https://outofbox.client-staging.deliverybizpro.com/admin/modules.php 7 The key \"-ms-touch-action:\" is not recognized and ignored.">]
Payment Methods,1.6557590961456299,[#<Selenium::WebDriver::LogEntry:0x00007fef616e8e00 @level="WARNING", @timestamp=1616703009189, @message="https://outofbox.client-staging.deliverybizpro.com/admin/payment_methods.php 7 The key \"touch-action:\" is not recognized and ignored.">, #<Selenium::WebDriver::LogEntry:0x00007fef616e8dd8 @level="WARNING", @timestamp=1616703009189, @message="https://outofbox.client-staging.deliverybizpro.com/admin/payment_methods.php 7 The key \"-ms-touch-action:\" is not recognized and ignored.">]
Clear templates cache,1.645561933517456,[#<Selenium::WebDriver::LogEntry:0x00007fef61701b80 @level="WARNING", @timestamp=1616703014126, @message="https://outofbox.client-staging.deliverybizpro.com/admin/general.php 7 The key \"touch-action:\" is not recognized and ignored.">, #<Selenium::WebDriver::LogEntry:0x00007fef61701b58 @level="WARNING", @timestamp=1616703014126, @message="https://outofbox.client-staging.deliverybizpro.com/admin/general.php 7 The key \"-ms-touch-action:\" is not recognized and ignored.">]
System Logs,1.0504567623138428,[]
DBP Overview,1.3703389167785645,[#<Selenium::WebDriver::LogEntry:0x00007fef617894b8 @level="WARNING", @timestamp=1616703022576, @message="https://outofbox.client-staging.deliverybizpro.com/admin/dbp_overview.php 7 The key \"touch-action:\" is not recognized and ignored.">, #<Selenium::WebDriver::LogEntry:0x00007fef61789468 @level="WARNING", @timestamp=1616703022576, @message="https://outofbox.client-staging.deliverybizpro.com/admin/dbp_overview.php 7 The key \"-ms-touch-action:\" is not recognized and ignored.">]
Inventory,1.5565118789672852,[#<Selenium::WebDriver::LogEntry:0x00007fef617b8c40 @level="WARNING", @timestamp=1616703027019, @message="https://outofbox.client-staging.deliverybizpro.com/admin/log_inventory.php 7 The key \"touch-action:\" is not recognized and ignored.">, #<Selenium::WebDriver::LogEntry:0x00007fef617b8c18 @level="WARNING", @timestamp=1616703027019, @message="https://outofbox.client-staging.deliverybizpro.com/admin/log_inventory.php 7 The key \"-ms-touch-action:\" is not recognized and ignored.">]
Tasks,1.5652260780334473,[#<Selenium::WebDriver::LogEntry:0x00007fef61210798 @level="WARNING", @timestamp=1616703031567, @message="https://outofbox.client-staging.deliverybizpro.com/admin/router.php?r=bt-console#/bt-console 7 The key \"touch-action:\" is not recognized and ignored.">, #<Selenium::WebDriver::LogEntry:0x00007fef61210720 @level="WARNING", @timestamp=1616703031567, @message="https://outofbox.client-staging.deliverybizpro.com/admin/router.php?r=bt-console#/bt-console 7 The key \"-ms-touch-action:\" is not recognized and ignored.">]
Periodic tasks,4.494667053222656,[#<Selenium::WebDriver::LogEntry:0x00007fef613b7ad8 @level="WARNING", @timestamp=1616703039205, @message="https://outofbox.client-staging.deliverybizpro.com/admin/periodicTasks 7 The key \"touch-action:\" is not recognized and ignored.">, #<Selenium::WebDriver::LogEntry:0x00007fef613b7970 @level="WARNING", @timestamp=1616703039206, @message="https://outofbox.client-staging.deliverybizpro.com/admin/periodicTasks 7 The key \"-ms-touch-action:\" is not recognized and ignored.">]
