Dashboard,2.3292453289031982,[#<Selenium::WebDriver::LogEntry:0x00007fabb3136710 @level="WARNING", @timestamp=1619022252649, @message="https://www.cowichanmilk.ca/admin/login 7 The key \"touch-action:\" is not recognized and ignored.">, #<Selenium::WebDriver::LogEntry:0x00007fabb31366e8 @level="WARNING", @timestamp=1619022252649, @message="https://www.cowichanmilk.ca/admin/login 7 The key \"-ms-touch-action:\" is not recognized and ignored.">, #<Selenium::WebDriver::LogEntry:0x00007fabb31366c0 @level="WARNING", @timestamp=1619022261603, @message="https://www.cowichanmilk.ca/admin/home.php 7 The key \"touch-action:\" is not recognized and ignored.">, #<Selenium::WebDriver::LogEntry:0x00007fabb3136698 @level="WARNING", @timestamp=1619022261604, @message="https://www.cowichanmilk.ca/admin/home.php 7 The key \"-ms-touch-action:\" is not recognized and ignored.">, #<Selenium::WebDriver::LogEntry:0x00007fabb3136670 @level="WARNING", @timestamp=1619022264850, @message="https://www.cowichanmilk.ca/admin/home.php 7 The key \"touch-action:\" is not recognized and ignored.">, #<Selenium::WebDriver::LogEntry:0x00007fabb3136648 @level="WARNING", @timestamp=1619022264850, @message="https://www.cowichanmilk.ca/admin/home.php 7 The key \"-ms-touch-action:\" is not recognized and ignored.">]
Customers,1.0662789344787598,[]
Search for Customers,2.5422911643981934,[#<Selenium::WebDriver::LogEntry:0x00007fabc19093f8 @level="WARNING", @timestamp=1619022286501, @message="https://www.cowichanmilk.ca/admin/users.php?mode=search&usertype=C&refresh=1&sort=last_login&sort_direction=1 14 The key \"touch-action:\" is not recognized and ignored.">, #<Selenium::WebDriver::LogEntry:0x00007fabc1909358 @level="WARNING", @timestamp=1619022286501, @message="https://www.cowichanmilk.ca/admin/users.php?mode=search&usertype=C&refresh=1&sort=last_login&sort_direction=1 14 The key \"-ms-touch-action:\" is not recognized and ignored.">, #<Selenium::WebDriver::LogEntry:0x00007fabc1908ef8 @level="WARNING", @timestamp=1619022287246, @message="https://www.cowichanmilk.ca/admin/users.php?mode=search&usertype=C&refresh=1&sort=last_login&sort_direction=1 - [DOM] Found 2 elements with non-unique id #frm-users-search: (More info: https://goo.gl/9p2vKq) %o %o">, #<Selenium::WebDriver::LogEntry:0x00007fabc1908e80 @level="WARNING", @timestamp=1619022287246, @message="https://www.cowichanmilk.ca/admin/users.php?mode=search&usertype=C&refresh=1&sort=last_login&sort_direction=1 - [DOM] Found 2 elements with non-unique id #posted_data[orders_count_type]: (More info: https://goo.gl/9p2vKq) %o %o">]
Create Customer Profile,2.831691026687622,[#<Selenium::WebDriver::LogEntry:0x00007fab910cc9b8 @level="WARNING", @timestamp=1619022291923, @message="https://www.cowichanmilk.ca/admin/user_add.php?usertype=C 7 The key \"touch-action:\" is not recognized and ignored.">, #<Selenium::WebDriver::LogEntry:0x00007fab910cc968 @level="WARNING", @timestamp=1619022291923, @message="https://www.cowichanmilk.ca/admin/user_add.php?usertype=C 7 The key \"-ms-touch-action:\" is not recognized and ignored.">]
Import Customers,2.8552541732788086,[#<Selenium::WebDriver::LogEntry:0x00007fabc208d138 @level="WARNING", @timestamp=1619022297753, @message="https://www.cowichanmilk.ca/admin/customers_import.php 7 The key \"touch-action:\" is not recognized and ignored.">, #<Selenium::WebDriver::LogEntry:0x00007fabc208d020 @level="WARNING", @timestamp=1619022297753, @message="https://www.cowichanmilk.ca/admin/customers_import.php 7 The key \"-ms-touch-action:\" is not recognized and ignored.">]
Export Customers,2.601447343826294,[#<Selenium::WebDriver::LogEntry:0x00007fabc1119850 @level="WARNING", @timestamp=1619022303589, @message="https://www.cowichanmilk.ca/admin/router.php?r=export-users#/export-users 7 The key \"touch-action:\" is not recognized and ignored.">, #<Selenium::WebDriver::LogEntry:0x00007fabc1119828 @level="WARNING", @timestamp=1619022303589, @message="https://www.cowichanmilk.ca/admin/router.php?r=export-users#/export-users 7 The key \"-ms-touch-action:\" is not recognized and ignored.">]
Export Customer Emails,1.5329480171203613,[#<Selenium::WebDriver::LogEntry:0x00007fabc1de5ac0 @level="WARNING", @timestamp=1619022309214, @message="https://www.cowichanmilk.ca/admin/export_users_emails.php 7 The key \"touch-action:\" is not recognized and ignored.">, #<Selenium::WebDriver::LogEntry:0x00007fabc1de5a98 @level="WARNING", @timestamp=1619022309214, @message="https://www.cowichanmilk.ca/admin/export_users_emails.php 7 The key \"-ms-touch-action:\" is not recognized and ignored.">]
Edit/Create Membership Levels,1.845595121383667,[#<Selenium::WebDriver::LogEntry:0x00007fabc1e2feb8 @level="WARNING", @timestamp=1619022313874, @message="https://www.cowichanmilk.ca/admin/memberships.php?usertype=C 7 The key \"touch-action:\" is not recognized and ignored.">, #<Selenium::WebDriver::LogEntry:0x00007fabc1e2fe90 @level="WARNING", @timestamp=1619022313874, @message="https://www.cowichanmilk.ca/admin/memberships.php?usertype=C 7 The key \"-ms-touch-action:\" is not recognized and ignored.">]
Customer Notes,9.752540826797485,[#<Selenium::WebDriver::LogEntry:0x00007fab8188e3c8 @level="WARNING", @timestamp=1619022326837, @message="https://www.cowichanmilk.ca/admin/customer_notes.php 7 The key \"touch-action:\" is not recognized and ignored.">, #<Selenium::WebDriver::LogEntry:0x00007fab8188e3a0 @level="WARNING", @timestamp=1619022326837, @message="https://www.cowichanmilk.ca/admin/customer_notes.php 7 The key \"-ms-touch-action:\" is not recognized and ignored.">]
Administrators,1.071000099182129,[]
Search for Admins,1.8652441501617432,[#<Selenium::WebDriver::LogEntry:0x00007fabc116bda8 @level="WARNING", @timestamp=1619022335885, @message="https://www.cowichanmilk.ca/admin/users.php?mode=search&usertype=P&refresh=1 7 The key \"touch-action:\" is not recognized and ignored.">, #<Selenium::WebDriver::LogEntry:0x00007fabc116bd80 @level="WARNING", @timestamp=1619022335885, @message="https://www.cowichanmilk.ca/admin/users.php?mode=search&usertype=P&refresh=1 7 The key \"-ms-touch-action:\" is not recognized and ignored.">, #<Selenium::WebDriver::LogEntry:0x00007fabc116bd30 @level="WARNING", @timestamp=1619022336039, @message="https://www.cowichanmilk.ca/admin/users.php?mode=search&usertype=P&refresh=1 - [DOM] Found 2 elements with non-unique id #frm-users-search: (More info: https://goo.gl/9p2vKq) %o %o">]
Create Admin Profile,1.6627318859100342,[#<Selenium::WebDriver::LogEntry:0x00007fabc1eaf6e0 @level="WARNING", @timestamp=1619022340584, @message="https://www.cowichanmilk.ca/admin/user_add.php?usertype=P 7 The key \"touch-action:\" is not recognized and ignored.">, #<Selenium::WebDriver::LogEntry:0x00007fabc1eaf6b8 @level="WARNING", @timestamp=1619022340585, @message="https://www.cowichanmilk.ca/admin/user_add.php?usertype=P 7 The key \"-ms-touch-action:\" is not recognized and ignored.">]
Access Control,1.612097978591919,[#<Selenium::WebDriver::LogEntry:0x00007fabb30ed088 @level="WARNING", @timestamp=1619022345301, @message="https://www.cowichanmilk.ca/admin/access_control.php 7 The key \"touch-action:\" is not recognized and ignored.">, #<Selenium::WebDriver::LogEntry:0x00007fabb30ed060 @level="WARNING", @timestamp=1619022345301, @message="https://www.cowichanmilk.ca/admin/access_control.php 7 The key \"-ms-touch-action:\" is not recognized and ignored.">]
Edit/Create Membership Levels,1.5922200679779053,[#<Selenium::WebDriver::LogEntry:0x00007fabc1efc3c8 @level="WARNING", @timestamp=1619022349924, @message="https://www.cowichanmilk.ca/admin/memberships.php?usertype=P 7 The key \"touch-action:\" is not recognized and ignored.">, #<Selenium::WebDriver::LogEntry:0x00007fabc1efc918 @level="WARNING", @timestamp=1619022349924, @message="https://www.cowichanmilk.ca/admin/memberships.php?usertype=P 7 The key \"-ms-touch-action:\" is not recognized and ignored.">]
Drivers,1.0812580585479736,[]
Search for Drivers,1.8343160152435303,[#<Selenium::WebDriver::LogEntry:0x00007fab91168228 @level="WARNING", @timestamp=1619022378952, @message="https://www.cowichanmilk.ca/admin/users.php?mode=search&usertype=D&refresh=1 14 The key \"touch-action:\" is not recognized and ignored.">, #<Selenium::WebDriver::LogEntry:0x00007fab91168200 @level="WARNING", @timestamp=1619022378952, @message="https://www.cowichanmilk.ca/admin/users.php?mode=search&usertype=D&refresh=1 14 The key \"-ms-touch-action:\" is not recognized and ignored.">, #<Selenium::WebDriver::LogEntry:0x00007fab911681d8 @level="WARNING", @timestamp=1619022379127, @message="https://www.cowichanmilk.ca/admin/users.php?mode=search&usertype=D&refresh=1 - [DOM] Found 2 elements with non-unique id #frm-users-search: (More info: https://goo.gl/9p2vKq) %o %o">]
Create Driver Profile,1.624074935913086,[#<Selenium::WebDriver::LogEntry:0x00007fabc11a2bf0 @level="WARNING", @timestamp=1619022383713, @message="https://www.cowichanmilk.ca/admin/user_add.php?usertype=D 7 The key \"touch-action:\" is not recognized and ignored.">, #<Selenium::WebDriver::LogEntry:0x00007fabc11a2bc8 @level="WARNING", @timestamp=1619022383713, @message="https://www.cowichanmilk.ca/admin/user_add.php?usertype=D 7 The key \"-ms-touch-action:\" is not recognized and ignored.">]
Edit/Create Membership Levels,2.045088052749634,[#<Selenium::WebDriver::LogEntry:0x00007fabc1f25840 @level="WARNING", @timestamp=1619022388767, @message="https://www.cowichanmilk.ca/admin/memberships.php?usertype=D 7 The key \"touch-action:\" is not recognized and ignored.">, #<Selenium::WebDriver::LogEntry:0x00007fabc1f25818 @level="WARNING", @timestamp=1619022388767, @message="https://www.cowichanmilk.ca/admin/memberships.php?usertype=D 7 The key \"-ms-touch-action:\" is not recognized and ignored.">]
Suppliers,1.069822072982788,[]
Search for Suppliers,1.9600188732147217,[#<Selenium::WebDriver::LogEntry:0x00007fab91197280 @level="WARNING", @timestamp=1619022397637, @message="https://www.cowichanmilk.ca/admin/users.php?mode=search&usertype=U&refresh=1 14 The key \"touch-action:\" is not recognized and ignored.">, #<Selenium::WebDriver::LogEntry:0x00007fab91197258 @level="WARNING", @timestamp=1619022397637, @message="https://www.cowichanmilk.ca/admin/users.php?mode=search&usertype=U&refresh=1 14 The key \"-ms-touch-action:\" is not recognized and ignored.">, #<Selenium::WebDriver::LogEntry:0x00007fab91197230 @level="WARNING", @timestamp=1619022397999, @message="https://www.cowichanmilk.ca/admin/users.php?mode=search&usertype=U&refresh=1 - [DOM] Found 2 elements with non-unique id #frm-users-search: (More info: https://goo.gl/9p2vKq) %o %o">]
Create Supplier Profile,2.092254877090454,[#<Selenium::WebDriver::LogEntry:0x00007fab911adf80 @level="WARNING", @timestamp=1619022402672, @message="https://www.cowichanmilk.ca/admin/user_add.php?usertype=U 7 The key \"touch-action:\" is not recognized and ignored.">, #<Selenium::WebDriver::LogEntry:0x00007fab911adf58 @level="WARNING", @timestamp=1619022402672, @message="https://www.cowichanmilk.ca/admin/user_add.php?usertype=U 7 The key \"-ms-touch-action:\" is not recognized and ignored.">]
Edit/Search Products,3.7629098892211914,[#<Selenium::WebDriver::LogEntry:0x00007fabc2124b00 @level="WARNING", @timestamp=1619022408959, @message="https://www.cowichanmilk.ca/admin/products 7 The key \"touch-action:\" is not recognized and ignored.">, #<Selenium::WebDriver::LogEntry:0x00007fabc2124ad8 @level="WARNING", @timestamp=1619022408960, @message="https://www.cowichanmilk.ca/admin/products 7 The key \"-ms-touch-action:\" is not recognized and ignored.">, #<Selenium::WebDriver::LogEntry:0x00007fabc2124ab0 @level="WARNING", @timestamp=1619022409906, @message="https://www.cowichanmilk.ca/admin/products - [DOM] Found 2 elements with non-unique id #collapse-quantity: (More info: https://goo.gl/9p2vKq) %o %o">]
Add New Product,3.2135753631591797,[#<Selenium::WebDriver::LogEntry:0x00007fabc1b10c50 @level="WARNING", @timestamp=1619022414611, @message="https://www.cowichanmilk.ca/admin/products/create 7 The key \"touch-action:\" is not recognized and ignored.">, #<Selenium::WebDriver::LogEntry:0x00007fabc1b10930 @level="WARNING", @timestamp=1619022414611, @message="https://www.cowichanmilk.ca/admin/products/create 7 The key \"-ms-touch-action:\" is not recognized and ignored.">, #<Selenium::WebDriver::LogEntry:0x00007fabc1b107c8 @level="SEVERE", @timestamp=1619022417195, @message="https://www.cowichanmilk.ca/skin1/css/structure.css - Failed to load resource: the server responded with a status of 404 ()">, #<Selenium::WebDriver::LogEntry:0x00007fabc1b10728 @level="SEVERE", @timestamp=1619022417195, @message="https://www.cowichanmilk.ca/skin1/css/structure.css - Failed to load resource: the server responded with a status of 404 ()">]
Import products,3.101289987564087,[#<Selenium::WebDriver::LogEntry:0x00007fab7180e020 @level="WARNING", @timestamp=1619022420731, @message="https://www.cowichanmilk.ca/admin/products/import 7 The key \"touch-action:\" is not recognized and ignored.">, #<Selenium::WebDriver::LogEntry:0x00007fab7180df08 @level="WARNING", @timestamp=1619022420731, @message="https://www.cowichanmilk.ca/admin/products/import 7 The key \"-ms-touch-action:\" is not recognized and ignored.">, #<Selenium::WebDriver::LogEntry:0x00007fab7180ddf0 @level="WARNING", @timestamp=1619022421179, @message="https://www.cowichanmilk.ca/admin/router.php?iframe=Y#/task-status 7 The key \"touch-action:\" is not recognized and ignored.">, #<Selenium::WebDriver::LogEntry:0x00007fab7180dcd8 @level="WARNING", @timestamp=1619022421180, @message="https://www.cowichanmilk.ca/admin/router.php?iframe=Y#/task-status 7 The key \"-ms-touch-action:\" is not recognized and ignored.">]
Export products,1.646212100982666,[#<Selenium::WebDriver::LogEntry:0x00007fabc1d53e90 @level="WARNING", @timestamp=1619022426883, @message="https://www.cowichanmilk.ca/admin/products/export 7 The key \"touch-action:\" is not recognized and ignored.">, #<Selenium::WebDriver::LogEntry:0x00007fabc1d53da0 @level="WARNING", @timestamp=1619022426883, @message="https://www.cowichanmilk.ca/admin/products/export 7 The key \"-ms-touch-action:\" is not recognized and ignored.">]
Product Categories,1.9130358695983887,[#<Selenium::WebDriver::LogEntry:0x00007fabc1dc9f28 @level="WARNING", @timestamp=1619022431693, @message="https://www.cowichanmilk.ca/admin/categories.php 7 The key \"touch-action:\" is not recognized and ignored.">, #<Selenium::WebDriver::LogEntry:0x00007fabc1dc9f00 @level="WARNING", @timestamp=1619022431693, @message="https://www.cowichanmilk.ca/admin/categories.php 7 The key \"-ms-touch-action:\" is not recognized and ignored.">]
Extra fields,1.6503689289093018,[#<Selenium::WebDriver::LogEntry:0x00007fabc1dff060 @level="WARNING", @timestamp=1619022436454, @message="https://www.cowichanmilk.ca/admin/extra-fields 7 The key \"touch-action:\" is not recognized and ignored.">, #<Selenium::WebDriver::LogEntry:0x00007fabc1dff038 @level="WARNING", @timestamp=1619022436454, @message="https://www.cowichanmilk.ca/admin/extra-fields 7 The key \"-ms-touch-action:\" is not recognized and ignored.">]
Warehouse Locations,1.7651267051696777,[#<Selenium::WebDriver::LogEntry:0x00007fabc1e44890 @level="WARNING", @timestamp=1619022445273, @message="https://www.cowichanmilk.ca/admin/warehouse-locations 7 The key \"touch-action:\" is not recognized and ignored.">, #<Selenium::WebDriver::LogEntry:0x00007fabc1e44840 @level="WARNING", @timestamp=1619022445273, @message="https://www.cowichanmilk.ca/admin/warehouse-locations 7 The key \"-ms-touch-action:\" is not recognized and ignored.">]
Change/Assign Routes,1.631917953491211,[#<Selenium::WebDriver::LogEntry:0x00007fabc114bdc8 @level="WARNING", @timestamp=1619022454156, @message="https://www.cowichanmilk.ca/admin/assign_route_users.php 7 The key \"touch-action:\" is not recognized and ignored.">, #<Selenium::WebDriver::LogEntry:0x00007fabc114bda0 @level="WARNING", @timestamp=1619022454156, @message="https://www.cowichanmilk.ca/admin/assign_route_users.php 7 The key \"-ms-touch-action:\" is not recognized and ignored.">, #<Selenium::WebDriver::LogEntry:0x00007fabc114bd78 @level="WARNING", @timestamp=1619022454253, @message="https://www.cowichanmilk.ca/admin/assign_route_users.php - [DOM] Found 2 elements with non-unique id #show_not_validated: (More info: https://goo.gl/9p2vKq) %o %o">]
Create/Edit Routes,2.533257007598877,[#<Selenium::WebDriver::LogEntry:0x00007fabc1e8e080 @level="WARNING", @timestamp=1619022459108, @message="https://www.cowichanmilk.ca/admin/routes.php 7 The key \"touch-action:\" is not recognized and ignored.">, #<Selenium::WebDriver::LogEntry:0x00007fabc1e8e058 @level="WARNING", @timestamp=1619022459108, @message="https://www.cowichanmilk.ca/admin/routes.php 7 The key \"-ms-touch-action:\" is not recognized and ignored.">, #<Selenium::WebDriver::LogEntry:0x00007fabc1e8e030 @level="SEVERE", @timestamp=1619022460875, @message="https://www.cowichanmilk.ca/skin1/css/structure.css - Failed to load resource: the server responded with a status of 404 ()">]
GPS Import/Export,1.5866787433624268,[#<Selenium::WebDriver::LogEntry:0x00007fabc1e9e138 @level="WARNING", @timestamp=1619022464365, @message="https://www.cowichanmilk.ca/admin/gpx.php 7 The key \"touch-action:\" is not recognized and ignored.">, #<Selenium::WebDriver::LogEntry:0x00007fabc1e9e110 @level="WARNING", @timestamp=1619022464365, @message="https://www.cowichanmilk.ca/admin/gpx.php 7 The key \"-ms-touch-action:\" is not recognized and ignored.">]
Organize Route Stops,4.012101173400879,[#<Selenium::WebDriver::LogEntry:0x00007fabb30e7db8 @level="WARNING", @timestamp=1619022471224, @message="https://www.cowichanmilk.ca/admin/router.php?r=organize_route_stops#/organize_route_stops 7 The key \"touch-action:\" is not recognized and ignored.">, #<Selenium::WebDriver::LogEntry:0x00007fabb30e7d90 @level="WARNING", @timestamp=1619022471224, @message="https://www.cowichanmilk.ca/admin/router.php?r=organize_route_stops#/organize_route_stops 7 The key \"-ms-touch-action:\" is not recognized and ignored.">]
Manage KML File,1.6720671653747559,[#<Selenium::WebDriver::LogEntry:0x00007fab818b57c0 @level="WARNING", @timestamp=1619022484172, @message="https://www.cowichanmilk.ca/admin/router.php?r=kml#/kml 7 The key \"touch-action:\" is not recognized and ignored.">, #<Selenium::WebDriver::LogEntry:0x00007fab818b5798 @level="WARNING", @timestamp=1619022484172, @message="https://www.cowichanmilk.ca/admin/router.php?r=kml#/kml 7 The key \"-ms-touch-action:\" is not recognized and ignored.">]
Display Route/KML Issues,1.5899698734283447,[#<Selenium::WebDriver::LogEntry:0x00007fabc118faf0 @level="WARNING", @timestamp=1619022488886, @message="https://www.cowichanmilk.ca/admin/route_kml_issues.php 7 The key \"touch-action:\" is not recognized and ignored.">, #<Selenium::WebDriver::LogEntry:0x00007fabc118fac8 @level="WARNING", @timestamp=1619022488886, @message="https://www.cowichanmilk.ca/admin/route_kml_issues.php 7 The key \"-ms-touch-action:\" is not recognized and ignored.">]
Organize Load Sheet,1.8376691341400146,[#<Selenium::WebDriver::LogEntry:0x00007fab91143e78 @level="WARNING", @timestamp=1619022493572, @message="https://www.cowichanmilk.ca/admin/order_routes_products.php 7 The key \"touch-action:\" is not recognized and ignored.">, #<Selenium::WebDriver::LogEntry:0x00007fab91143e50 @level="WARNING", @timestamp=1619022493573, @message="https://www.cowichanmilk.ca/admin/order_routes_products.php 7 The key \"-ms-touch-action:\" is not recognized and ignored.">]
Print Route Sheets,1.8558940887451172,[#<Selenium::WebDriver::LogEntry:0x00007fabc11910d0 @level="WARNING", @timestamp=1619022499507, @message="https://www.cowichanmilk.ca/admin/driving_dir.php 7 The key \"touch-action:\" is not recognized and ignored.">, #<Selenium::WebDriver::LogEntry:0x00007fabc11910a8 @level="WARNING", @timestamp=1619022499507, @message="https://www.cowichanmilk.ca/admin/driving_dir.php 7 The key \"-ms-touch-action:\" is not recognized and ignored.">, #<Selenium::WebDriver::LogEntry:0x00007fabc1191080 @level="WARNING", @timestamp=1619022499784, @message="https://www.cowichanmilk.ca/admin/driving_dir.php - [DOM] Found 2 elements with non-unique id #custom-range-input-multiple: (More info: https://goo.gl/9p2vKq) %o %o">, #<Selenium::WebDriver::LogEntry:0x00007fabc1191058 @level="WARNING", @timestamp=1619022499784, @message="https://www.cowichanmilk.ca/admin/driving_dir.php - [DOM] Found 2 elements with non-unique id #mult-route-id: (More info: https://goo.gl/9p2vKq) %o %o">]
Print Route Sheets - Export to Excel,1.6770188808441162,[#<Selenium::WebDriver::LogEntry:0x00007fabc1f30da8 @level="WARNING", @timestamp=1619022501312, @message="https://www.cowichanmilk.ca/admin/driving_dir.php 7 The key \"touch-action:\" is not recognized and ignored.">, #<Selenium::WebDriver::LogEntry:0x00007fabc1f30d80 @level="WARNING", @timestamp=1619022501312, @message="https://www.cowichanmilk.ca/admin/driving_dir.php 7 The key \"-ms-touch-action:\" is not recognized and ignored.">, #<Selenium::WebDriver::LogEntry:0x00007fabc1f30d58 @level="WARNING", @timestamp=1619022501499, @message="https://www.cowichanmilk.ca/admin/driving_dir.php - [DOM] Found 2 elements with non-unique id #custom-range-input-multiple: (More info: https://goo.gl/9p2vKq) %o %o">, #<Selenium::WebDriver::LogEntry:0x00007fabc1f30d30 @level="WARNING", @timestamp=1619022501499, @message="https://www.cowichanmilk.ca/admin/driving_dir.php - [DOM] Found 2 elements with non-unique id #mult-route-id: (More info: https://goo.gl/9p2vKq) %o %o">]
Print Bag Labels,1.6766600608825684,[#<Selenium::WebDriver::LogEntry:0x00007fabc1f60f58 @level="WARNING", @timestamp=1619022503977, @message="https://www.cowichanmilk.ca/admin/driving_dir.php?bag_label=1 7 The key \"touch-action:\" is not recognized and ignored.">, #<Selenium::WebDriver::LogEntry:0x00007fabc1f60f30 @level="WARNING", @timestamp=1619022503977, @message="https://www.cowichanmilk.ca/admin/driving_dir.php?bag_label=1 7 The key \"-ms-touch-action:\" is not recognized and ignored.">, #<Selenium::WebDriver::LogEntry:0x00007fabc1f60f08 @level="WARNING", @timestamp=1619022504159, @message="https://www.cowichanmilk.ca/admin/driving_dir.php?bag_label=1 - [DOM] Found 2 elements with non-unique id #custom-range-input-multiple: (More info: https://goo.gl/9p2vKq) %o %o">, #<Selenium::WebDriver::LogEntry:0x00007fabc1f60ee0 @level="WARNING", @timestamp=1619022504159, @message="https://www.cowichanmilk.ca/admin/driving_dir.php?bag_label=1 - [DOM] Found 2 elements with non-unique id #mult-route-id: (More info: https://goo.gl/9p2vKq) %o %o">]
Print Bag Labels - Export to Excel,1.7056269645690918,[#<Selenium::WebDriver::LogEntry:0x00007fab81900720 @level="WARNING", @timestamp=1619022505680, @message="https://www.cowichanmilk.ca/admin/driving_dir.php?bag_label=1 7 The key \"touch-action:\" is not recognized and ignored.">, #<Selenium::WebDriver::LogEntry:0x00007fab819006f8 @level="WARNING", @timestamp=1619022505681, @message="https://www.cowichanmilk.ca/admin/driving_dir.php?bag_label=1 7 The key \"-ms-touch-action:\" is not recognized and ignored.">, #<Selenium::WebDriver::LogEntry:0x00007fab819006d0 @level="WARNING", @timestamp=1619022505873, @message="https://www.cowichanmilk.ca/admin/driving_dir.php?bag_label=1 - [DOM] Found 2 elements with non-unique id #custom-range-input-multiple: (More info: https://goo.gl/9p2vKq) %o %o">, #<Selenium::WebDriver::LogEntry:0x00007fab819006a8 @level="WARNING", @timestamp=1619022505873, @message="https://www.cowichanmilk.ca/admin/driving_dir.php?bag_label=1 - [DOM] Found 2 elements with non-unique id #mult-route-id: (More info: https://goo.gl/9p2vKq) %o %o">]
Show Invalid Addresses,44.79107189178467,[#<Selenium::WebDriver::LogEntry:0x00007fabc1fa4b40 @level="WARNING", @timestamp=1619022551527, @message="https://www.cowichanmilk.ca/admin/users_invalid_zips.php 7 The key \"touch-action:\" is not recognized and ignored.">, #<Selenium::WebDriver::LogEntry:0x00007fabc1fa4b18 @level="WARNING", @timestamp=1619022551528, @message="https://www.cowichanmilk.ca/admin/users_invalid_zips.php 7 The key \"-ms-touch-action:\" is not recognized and ignored.">]
Billing,1.058892011642456,[]
Paper/Email Billing,1.7788963317871094,[#<Selenium::WebDriver::LogEntry:0x00007fab910cc968 @level="WARNING", @timestamp=1619022560421, @message="https://www.cowichanmilk.ca/admin/customer_billing.php 7 The key \"touch-action:\" is not recognized and ignored.">, #<Selenium::WebDriver::LogEntry:0x00007fab910cc8a0 @level="WARNING", @timestamp=1619022560421, @message="https://www.cowichanmilk.ca/admin/customer_billing.php 7 The key \"-ms-touch-action:\" is not recognized and ignored.">]
Electronic Billing,1.9714927673339844,[#<Selenium::WebDriver::LogEntry:0x00007fabc208d020 @level="WARNING", @timestamp=1619022565221, @message="https://www.cowichanmilk.ca/admin/billing.php 7 The key \"touch-action:\" is not recognized and ignored.">, #<Selenium::WebDriver::LogEntry:0x00007fabc208cff8 @level="WARNING", @timestamp=1619022565221, @message="https://www.cowichanmilk.ca/admin/billing.php 7 The key \"-ms-touch-action:\" is not recognized and ignored.">]
Mass Update Payments,1.8314931392669678,[#<Selenium::WebDriver::LogEntry:0x00007fabc1119828 @level="WARNING", @timestamp=1619022570166, @message="https://www.cowichanmilk.ca/admin/mass_update_payments.php 7 The key \"touch-action:\" is not recognized and ignored.">, #<Selenium::WebDriver::LogEntry:0x00007fabc1119800 @level="WARNING", @timestamp=1619022570166, @message="https://www.cowichanmilk.ca/admin/mass_update_payments.php 7 The key \"-ms-touch-action:\" is not recognized and ignored.">]
Mass Deposit Returns/Charges,1.7236957550048828,[#<Selenium::WebDriver::LogEntry:0x00007fabc1de5ac0 @level="WARNING", @timestamp=1619022575112, @message="https://www.cowichanmilk.ca/admin/bottle_deposits.php 7 The key \"touch-action:\" is not recognized and ignored.">, #<Selenium::WebDriver::LogEntry:0x00007fabc1de5a98 @level="WARNING", @timestamp=1619022575112, @message="https://www.cowichanmilk.ca/admin/bottle_deposits.php 7 The key \"-ms-touch-action:\" is not recognized and ignored.">]
Global Invoice Notes,1.8038671016693115,[#<Selenium::WebDriver::LogEntry:0x00007fabc1e2fe90 @level="WARNING", @timestamp=1619022579857, @message="https://www.cowichanmilk.ca/admin/global_notes.php 7 The key \"touch-action:\" is not recognized and ignored.">, #<Selenium::WebDriver::LogEntry:0x00007fabc1e2fe68 @level="WARNING", @timestamp=1619022579857, @message="https://www.cowichanmilk.ca/admin/global_notes.php 7 The key \"-ms-touch-action:\" is not recognized and ignored.">, #<Selenium::WebDriver::LogEntry:0x00007fabc1e2fe40 @level="SEVERE", @timestamp=1619022581100, @message="https://www.cowichanmilk.ca/skin1/css/structure.css - Failed to load resource: the server responded with a status of 404 ()">]
View GC Purchase Log,1.635617733001709,[#<Selenium::WebDriver::LogEntry:0x00007fab8188e1e8 @level="WARNING", @timestamp=1619022584627, @message="https://www.cowichanmilk.ca/admin/giftcerts_purchase_log.php 7 The key \"touch-action:\" is not recognized and ignored.">, #<Selenium::WebDriver::LogEntry:0x00007fab8188e1c0 @level="WARNING", @timestamp=1619022584627, @message="https://www.cowichanmilk.ca/admin/giftcerts_purchase_log.php 7 The key \"-ms-touch-action:\" is not recognized and ignored.">]
Sales Reporting,1.057638168334961,[]
Countdown Sales Report,2.0449411869049072,[#<Selenium::WebDriver::LogEntry:0x00007fabc117bd70 @level="WARNING", @timestamp=1619022597729, @message="https://www.cowichanmilk.ca/admin/reports.php?report_type=countdown 7 The key \"touch-action:\" is not recognized and ignored.">, #<Selenium::WebDriver::LogEntry:0x00007fabc117bd48 @level="WARNING", @timestamp=1619022597729, @message="https://www.cowichanmilk.ca/admin/reports.php?report_type=countdown 7 The key \"-ms-touch-action:\" is not recognized and ignored.">]
Countdown Sales Report - Export to Excel,1.0909638404846191,[]
Discount Coupon Report,1.709380865097046,[#<Selenium::WebDriver::LogEntry:0x00007fabc1de72a8 @level="WARNING", @timestamp=1619022613267, @message="https://www.cowichanmilk.ca/admin/reports.php?report_type=discount_coupon 7 The key \"touch-action:\" is not recognized and ignored.">, #<Selenium::WebDriver::LogEntry:0x00007fabc1de7280 @level="WARNING", @timestamp=1619022613268, @message="https://www.cowichanmilk.ca/admin/reports.php?report_type=discount_coupon 7 The key \"-ms-touch-action:\" is not recognized and ignored.">]
Discount Coupon Report - Export to Excel,1.1327791213989258,[]
Manage Cross-Selling,1.695718765258789,[#<Selenium::WebDriver::LogEntry:0x00007fabc1e66878 @level="WARNING", @timestamp=1619022617177, @message="https://www.cowichanmilk.ca/admin/reports.php?report_type=upselling 7 The key \"touch-action:\" is not recognized and ignored.">, #<Selenium::WebDriver::LogEntry:0x00007fabc1e66850 @level="WARNING", @timestamp=1619022617177, @message="https://www.cowichanmilk.ca/admin/reports.php?report_type=upselling 7 The key \"-ms-touch-action:\" is not recognized and ignored.">]
Manage Cross-Selling - Export to Excel,2.744971990585327,[]
Ordered Products Reports,2.133486032485962,[#<Selenium::WebDriver::LogEntry:0x00007fabb30dde58 @level="WARNING", @timestamp=1619022622904, @message="https://www.cowichanmilk.ca/admin/reports.php?report_type=product 7 The key \"touch-action:\" is not recognized and ignored.">, #<Selenium::WebDriver::LogEntry:0x00007fabb30dde30 @level="WARNING", @timestamp=1619022622904, @message="https://www.cowichanmilk.ca/admin/reports.php?report_type=product 7 The key \"-ms-touch-action:\" is not recognized and ignored.">]
Sales Reporting,1.057319164276123,[#<Selenium::WebDriver::LogEntry:0x00007ff87b6f39b8 @level="WARNING", @timestamp=1619022897811, @message="https://www.cowichanmilk.ca/admin/login 7 The key \"touch-action:\" is not recognized and ignored.">, #<Selenium::WebDriver::LogEntry:0x00007ff87b6f3990 @level="WARNING", @timestamp=1619022897811, @message="https://www.cowichanmilk.ca/admin/login 7 The key \"-ms-touch-action:\" is not recognized and ignored.">, #<Selenium::WebDriver::LogEntry:0x00007ff87b6f3968 @level="WARNING", @timestamp=1619022906392, @message="https://www.cowichanmilk.ca/admin/home.php 7 The key \"touch-action:\" is not recognized and ignored.">, #<Selenium::WebDriver::LogEntry:0x00007ff87b6f3940 @level="WARNING", @timestamp=1619022906392, @message="https://www.cowichanmilk.ca/admin/home.php 7 The key \"-ms-touch-action:\" is not recognized and ignored.">]
Overall Sales,2.264752149581909,[#<Selenium::WebDriver::LogEntry:0x00007ff89b1fe4b0 @level="WARNING", @timestamp=1619022913498, @message="https://www.cowichanmilk.ca/admin/reports.php?report_type=over_sales 7 The key \"touch-action:\" is not recognized and ignored.">, #<Selenium::WebDriver::LogEntry:0x00007ff89b1fe488 @level="WARNING", @timestamp=1619022913498, @message="https://www.cowichanmilk.ca/admin/reports.php?report_type=over_sales 7 The key \"-ms-touch-action:\" is not recognized and ignored.">]
Overall Sales - Export to Excel,1.6737017631530762,[]
Sales By Route,2.0658631324768066,[#<Selenium::WebDriver::LogEntry:0x00007ff89c8aace0 @level="WARNING", @timestamp=1619022918326, @message="https://www.cowichanmilk.ca/admin/reports.php?report_type=sales_by_route 7 The key \"touch-action:\" is not recognized and ignored.">, #<Selenium::WebDriver::LogEntry:0x00007ff89c8aacb8 @level="WARNING", @timestamp=1619022918326, @message="https://www.cowichanmilk.ca/admin/reports.php?report_type=sales_by_route 7 The key \"-ms-touch-action:\" is not recognized and ignored.">]
Sales By Route - Export to Excel,1.7516648769378662,[]
Financials Reporting,1.0613369941711426,[]
Average Order Report,1.6859240531921387,[#<Selenium::WebDriver::LogEntry:0x00007ff87b583628 @level="WARNING", @timestamp=1619022925017, @message="https://www.cowichanmilk.ca/admin/reports.php?report_type=average_order 7 The key \"touch-action:\" is not recognized and ignored.">, #<Selenium::WebDriver::LogEntry:0x00007ff87b583600 @level="WARNING", @timestamp=1619022925017, @message="https://www.cowichanmilk.ca/admin/reports.php?report_type=average_order 7 The key \"-ms-touch-action:\" is not recognized and ignored.">]
Average Order Report - Export to Excel,1.069305181503296,[]
Credits Report,1.6533241271972656,[#<Selenium::WebDriver::LogEntry:0x00007ff87b5c9a38 @level="WARNING", @timestamp=1619022928271, @message="https://www.cowichanmilk.ca/admin/reports.php?report_type=average_order - [DOM] Found 2 elements with non-unique id #action_value: (More info: https://goo.gl/9p2vKq) %o %o">, #<Selenium::WebDriver::LogEntry:0x00007ff87b5c9a10 @level="WARNING", @timestamp=1619022928717, @message="https://www.cowichanmilk.ca/admin/reports.php?report_type=credits 7 The key \"touch-action:\" is not recognized and ignored.">, #<Selenium::WebDriver::LogEntry:0x00007ff87b5c99e8 @level="WARNING", @timestamp=1619022928736, @message="https://www.cowichanmilk.ca/admin/reports.php?report_type=credits 7 The key \"-ms-touch-action:\" is not recognized and ignored.">]
Credits Report - Export to Excel,1.0685451030731201,[]
Financials Export,23.01204514503479,[#<Selenium::WebDriver::LogEntry:0x00007ff87b3b0850 @level="WARNING", @timestamp=1619022944840, @message="https://www.cowichanmilk.ca/admin/reports.php?report_type=credits - [DOM] Found 2 elements with non-unique id #action_value: (More info: https://goo.gl/9p2vKq) %o %o">, #<Selenium::WebDriver::LogEntry:0x00007ff87b3b0800 @level="WARNING", @timestamp=1619022966682, @message="https://www.cowichanmilk.ca/admin/reports.php?report_type=financials 7 The key \"touch-action:\" is not recognized and ignored.">, #<Selenium::WebDriver::LogEntry:0x00007ff87b3b0760 @level="WARNING", @timestamp=1619022966682, @message="https://www.cowichanmilk.ca/admin/reports.php?report_type=financials 7 The key \"-ms-touch-action:\" is not recognized and ignored.">]
Financials Export - Export to Excel,2.4526748657226562,[]
No Payment Customers,4.075048923492432,[#<Selenium::WebDriver::LogEntry:0x00007ff87b58a180 @level="WARNING", @timestamp=1619022974039, @message="https://www.cowichanmilk.ca/admin/reports.php?report_type=not_paid 7 The key \"touch-action:\" is not recognized and ignored.">, #<Selenium::WebDriver::LogEntry:0x00007ff87b58a158 @level="WARNING", @timestamp=1619022974039, @message="https://www.cowichanmilk.ca/admin/reports.php?report_type=not_paid 7 The key \"-ms-touch-action:\" is not recognized and ignored.">]
No Payment Customers - Export to Excel,6.705674171447754,[]
Past Due Customers,1.7139849662780762,[#<Selenium::WebDriver::LogEntry:0x00007ff87b5dfb80 @level="WARNING", @timestamp=1619022983669, @message="https://www.cowichanmilk.ca/admin/reports.php?report_type=due 7 The key \"touch-action:\" is not recognized and ignored.">, #<Selenium::WebDriver::LogEntry:0x00007ff87b5dfb58 @level="WARNING", @timestamp=1619022983669, @message="https://www.cowichanmilk.ca/admin/reports.php?report_type=due 7 The key \"-ms-touch-action:\" is not recognized and ignored.">]
Past Due Customers - Export to Excel,2.958059072494507,[]
Payments On Review,2.762838125228882,[#<Selenium::WebDriver::LogEntry:0x00007ff89c8edbd0 @level="WARNING", @timestamp=1619022990324, @message="https://www.cowichanmilk.ca/admin/reports.php?report_type=review_payments 7 The key \"touch-action:\" is not recognized and ignored.">, #<Selenium::WebDriver::LogEntry:0x00007ff89c8edba8 @level="WARNING", @timestamp=1619022990324, @message="https://www.cowichanmilk.ca/admin/reports.php?report_type=review_payments 7 The key \"-ms-touch-action:\" is not recognized and ignored.">, #<Selenium::WebDriver::LogEntry:0x00007ff89c8edb80 @level="SEVERE", @timestamp=1619022990515, @message="https://www.cowichanmilk.ca/admin/skin1/admin/admin-modal.css - Failed to load resource: the server responded with a status of 404 ()">]
Payments On Review - Export to Excel,2.4514808654785156,[]
Payments Posted Report,1.7311248779296875,[#<Selenium::WebDriver::LogEntry:0x00007ff89c915248 @level="WARNING", @timestamp=1619022995600, @message="https://www.cowichanmilk.ca/admin/reports.php?report_type=checks_posted 7 The key \"touch-action:\" is not recognized and ignored.">, #<Selenium::WebDriver::LogEntry:0x00007ff89c915220 @level="WARNING", @timestamp=1619022995600, @message="https://www.cowichanmilk.ca/admin/reports.php?report_type=checks_posted 7 The key \"-ms-touch-action:\" is not recognized and ignored.">]
Payments Posted Report - Export to Excel,3.384253978729248,[]
Profit Report,2.1362428665161133,[#<Selenium::WebDriver::LogEntry:0x00007ff88b829cf0 @level="WARNING", @timestamp=1619023002003, @message="https://www.cowichanmilk.ca/admin/reports.php?report_type=profit 7 The key \"touch-action:\" is not recognized and ignored.">, #<Selenium::WebDriver::LogEntry:0x00007ff88b829cc8 @level="WARNING", @timestamp=1619023002003, @message="https://www.cowichanmilk.ca/admin/reports.php?report_type=profit 7 The key \"-ms-touch-action:\" is not recognized and ignored.">]
Profit Report - Export to Excel,1.8467137813568115,[]
Recent Payments Report,1.5549402236938477,[#<Selenium::WebDriver::LogEntry:0x00007ff87b6b70a8 @level="WARNING", @timestamp=1619023006587, @message="https://www.cowichanmilk.ca/admin/reports.php?report_type=delivery_payment 7 The key \"touch-action:\" is not recognized and ignored.">, #<Selenium::WebDriver::LogEntry:0x00007ff87b6b7080 @level="WARNING", @timestamp=1619023006587, @message="https://www.cowichanmilk.ca/admin/reports.php?report_type=delivery_payment 7 The key \"-ms-touch-action:\" is not recognized and ignored.">]
Recent Payments Report - Export to Excel,1.0699470043182373,[]
Taxes Report,12.785529851913452,[#<Selenium::WebDriver::LogEntry:0x00007ff89c8ed540 @level="WARNING", @timestamp=1619023029416, @message="https://www.cowichanmilk.ca/admin/reports.php?report_type=taxes 7 The key \"touch-action:\" is not recognized and ignored.">, #<Selenium::WebDriver::LogEntry:0x00007ff89c8ed518 @level="WARNING", @timestamp=1619023029416, @message="https://www.cowichanmilk.ca/admin/reports.php?report_type=taxes 7 The key \"-ms-touch-action:\" is not recognized and ignored.">]
Taxes Report - Export to Excel,1.5248301029205322,[]
Product Reporting,1.0580790042877197,[]
Bagged Items Report,1.8162658214569092,[#<Selenium::WebDriver::LogEntry:0x00007ff87b65fe98 @level="WARNING", @timestamp=1619023035817, @message="https://www.cowichanmilk.ca/admin/reports.php?report_type=bagged_items 7 The key \"touch-action:\" is not recognized and ignored.">, #<Selenium::WebDriver::LogEntry:0x00007ff87b65fe70 @level="WARNING", @timestamp=1619023035817, @message="https://www.cowichanmilk.ca/admin/reports.php?report_type=bagged_items 7 The key \"-ms-touch-action:\" is not recognized and ignored.">]
Bagged Items Report - Export to Excel,5.860004186630249,[]
Customized Products,1.778381109237671,[#<Selenium::WebDriver::LogEntry:0x00007ff87b6aef48 @level="WARNING", @timestamp=1619023044391, @message="https://www.cowichanmilk.ca/admin/reports.php?report_type=customized_products 7 The key \"touch-action:\" is not recognized and ignored.">, #<Selenium::WebDriver::LogEntry:0x00007ff87b6aef20 @level="WARNING", @timestamp=1619023044392, @message="https://www.cowichanmilk.ca/admin/reports.php?report_type=customized_products 7 The key \"-ms-touch-action:\" is not recognized and ignored.">, #<Selenium::WebDriver::LogEntry:0x00007ff87b6aeef8 @level="SEVERE", @timestamp=1619023044601, @message="https://www.cowichanmilk.ca/admin/skin1/admin/admin-modal.css - Failed to load resource: the server responded with a status of 404 ()">]
Customized Products - Export to Excel,1.2861456871032715,[]
Forecast,1.723729133605957,[#<Selenium::WebDriver::LogEntry:0x00007ff89b195cf8 @level="WARNING", @timestamp=1619023070578, @message="https://www.cowichanmilk.ca/admin/reports.php?report_type=forecast 7 The key \"touch-action:\" is not recognized and ignored.">, #<Selenium::WebDriver::LogEntry:0x00007ff89b195cd0 @level="WARNING", @timestamp=1619023070579, @message="https://www.cowichanmilk.ca/admin/reports.php?report_type=forecast 7 The key \"-ms-touch-action:\" is not recognized and ignored.">]
Inventory,6.401493072509766,[#<Selenium::WebDriver::LogEntry:0x00007ff89b9582b0 @level="WARNING", @timestamp=1619023079643, @message="https://www.cowichanmilk.ca/admin/reports.php?report_type=inventory&hide_disabled_inventory=Y 7 The key \"touch-action:\" is not recognized and ignored.">, #<Selenium::WebDriver::LogEntry:0x00007ff89b958288 @level="WARNING", @timestamp=1619023079643, @message="https://www.cowichanmilk.ca/admin/reports.php?report_type=inventory&hide_disabled_inventory=Y 7 The key \"-ms-touch-action:\" is not recognized and ignored.">]
Inventory - Export to Excel,6.904989957809448,[]
Product Reporting,1.0699927806854248,[]
Load Sheet Report,1.6844120025634766,[#<Selenium::WebDriver::LogEntry:0x00007ff87b4d2d50 @level="WARNING", @timestamp=1619023091755, @message="https://www.cowichanmilk.ca/admin/reports.php?report_type=load_sheet 7 The key \"touch-action:\" is not recognized and ignored.">, #<Selenium::WebDriver::LogEntry:0x00007ff87b4d2cd8 @level="WARNING", @timestamp=1619023091755, @message="https://www.cowichanmilk.ca/admin/reports.php?report_type=load_sheet 7 The key \"-ms-touch-action:\" is not recognized and ignored.">]
Load Sheet Report - Export to Excel,2.4401228427886963,[]
Out Of Stock Report,1.7995648384094238,[#<Selenium::WebDriver::LogEntry:0x00007ff89d8d5de0 @level="WARNING", @timestamp=1619023096949, @message="https://www.cowichanmilk.ca/admin/reports.php?report_type=out_of_stock 7 The key \"touch-action:\" is not recognized and ignored.">, #<Selenium::WebDriver::LogEntry:0x00007ff89d8d5db8 @level="WARNING", @timestamp=1619023096949, @message="https://www.cowichanmilk.ca/admin/reports.php?report_type=out_of_stock 7 The key \"-ms-touch-action:\" is not recognized and ignored.">, #<Selenium::WebDriver::LogEntry:0x00007ff89d8d5d90 @level="SEVERE", @timestamp=1619023097155, @message="https://www.cowichanmilk.ca/admin/skin1/admin/admin-modal.css - Failed to load resource: the server responded with a status of 404 ()">]
Out Of Stock Report - Export to Excel,1.1055402755737305,[]
Customer Reporting,1.064216136932373,[]
Customer Count Report,1.5881710052490234,[#<Selenium::WebDriver::LogEntry:0x00007ff87b644990 @level="WARNING", @timestamp=1619023146944, @message="https://www.cowichanmilk.ca/admin/reports.php?report_type=customer_count 7 The key \"touch-action:\" is not recognized and ignored.">, #<Selenium::WebDriver::LogEntry:0x00007ff87b644760 @level="WARNING", @timestamp=1619023146944, @message="https://www.cowichanmilk.ca/admin/reports.php?report_type=customer_count 7 The key \"-ms-touch-action:\" is not recognized and ignored.">]
Customer Count Report - Export to Excel,2.687976837158203,[#<Selenium::WebDriver::LogEntry:0x00007ff87b6550b0 @level="WARNING", @timestamp=1619023149379, @message="https://www.cowichanmilk.ca/admin/reports.php?report_type=customer_count - [DOM] Found 2 elements with non-unique id #action_value: (More info: https://goo.gl/9p2vKq) %o %o">]
Customer Orders Count,1.6537971496582031,[#<Selenium::WebDriver::LogEntry:0x00007ff89d90ca98 @level="WARNING", @timestamp=1619023152305, @message="https://www.cowichanmilk.ca/admin/reports.php?report_type=customer_orders 7 The key \"touch-action:\" is not recognized and ignored.">, #<Selenium::WebDriver::LogEntry:0x00007ff89d90ca70 @level="WARNING", @timestamp=1619023152305, @message="https://www.cowichanmilk.ca/admin/reports.php?report_type=customer_orders 7 The key \"-ms-touch-action:\" is not recognized and ignored.">]
Customer Orders Count - Export to Excel,1.8235118389129639,[]
Deposit Report,1.7834479808807373,[#<Selenium::WebDriver::LogEntry:0x00007ff88c0deb20 @level="WARNING", @timestamp=1619023156929, @message="https://www.cowichanmilk.ca/admin/reports.php?report_type=bottle_deposit 7 The key \"touch-action:\" is not recognized and ignored.">, #<Selenium::WebDriver::LogEntry:0x00007ff88c0deaf8 @level="WARNING", @timestamp=1619023156929, @message="https://www.cowichanmilk.ca/admin/reports.php?report_type=bottle_deposit 7 The key \"-ms-touch-action:\" is not recognized and ignored.">]
Deposit Report - Export to Excel,8.056782960891724,[]
Followup Report,1.8392367362976074,[#<Selenium::WebDriver::LogEntry:0x00007ff89d946518 @level="WARNING", @timestamp=1619023167728, @message="https://www.cowichanmilk.ca/admin/reports.php?report_type=followup 7 The key \"touch-action:\" is not recognized and ignored.">, #<Selenium::WebDriver::LogEntry:0x00007ff89d9464f0 @level="WARNING", @timestamp=1619023167728, @message="https://www.cowichanmilk.ca/admin/reports.php?report_type=followup 7 The key \"-ms-touch-action:\" is not recognized and ignored.">]
Followup Report - Export to Excel,1.0739061832427979,[]
Friend Referral Report,6.606357097625732,[#<Selenium::WebDriver::LogEntry:0x00007ff89c962250 @level="WARNING", @timestamp=1619023171112, @message="https://www.cowichanmilk.ca/admin/reports.php?report_type=followup - [DOM] Found 2 elements with non-unique id #action_value: (More info: https://goo.gl/9p2vKq) %o %o">, #<Selenium::WebDriver::LogEntry:0x00007ff89c962228 @level="WARNING", @timestamp=1619023176566, @message="https://www.cowichanmilk.ca/admin/reports.php?report_type=refer_friend 7 The key \"touch-action:\" is not recognized and ignored.">, #<Selenium::WebDriver::LogEntry:0x00007ff89c962200 @level="WARNING", @timestamp=1619023176566, @message="https://www.cowichanmilk.ca/admin/reports.php?report_type=refer_friend 7 The key \"-ms-touch-action:\" is not recognized and ignored.">]
Friend Referral Report - Export to Excel,1.3029613494873047,[]
Minimum Order Report,1.6041080951690674,[#<Selenium::WebDriver::LogEntry:0x00007ff89b213a18 @level="WARNING", @timestamp=1619023180506, @message="https://www.cowichanmilk.ca/admin/reports.php?report_type=min_order_report 7 The key \"touch-action:\" is not recognized and ignored.">, #<Selenium::WebDriver::LogEntry:0x00007ff89b2139f0 @level="WARNING", @timestamp=1619023180506, @message="https://www.cowichanmilk.ca/admin/reports.php?report_type=min_order_report 7 The key \"-ms-touch-action:\" is not recognized and ignored.">]
Minimum Order Report - Export to Excel,1.122131109237671,[#<Selenium::WebDriver::LogEntry:0x00007ff87b31bb88 @level="WARNING", @timestamp=1619023182710, @message="https://www.cowichanmilk.ca/admin/reports.php?report_type=min_order_report - [DOM] Found 2 elements with non-unique id #action_value: (More info: https://goo.gl/9p2vKq) %o %o">]
Negative Balances,6.5937278270721436,[#<Selenium::WebDriver::LogEntry:0x00007ff89b8b43e0 @level="WARNING", @timestamp=1619023189283, @message="https://www.cowichanmilk.ca/admin/reports.php?report_type=balance 7 The key \"touch-action:\" is not recognized and ignored.">, #<Selenium::WebDriver::LogEntry:0x00007ff89b8b42a0 @level="WARNING", @timestamp=1619023189283, @message="https://www.cowichanmilk.ca/admin/reports.php?report_type=balance 7 The key \"-ms-touch-action:\" is not recognized and ignored.">]
New Customers,1.8741579055786133,[#<Selenium::WebDriver::LogEntry:0x00007ff87b4b3770 @level="WARNING", @timestamp=1619023192085, @message="https://www.cowichanmilk.ca/admin/reports.php?report_type=new 7 The key \"touch-action:\" is not recognized and ignored.">, #<Selenium::WebDriver::LogEntry:0x00007ff87b4b36a8 @level="WARNING", @timestamp=1619023192085, @message="https://www.cowichanmilk.ca/admin/reports.php?report_type=new 7 The key \"-ms-touch-action:\" is not recognized and ignored.">]
No Order Customers Report,2.1180970668792725,[#<Selenium::WebDriver::LogEntry:0x00007ff89b14a1e0 @level="WARNING", @timestamp=1619023197266, @message="https://www.cowichanmilk.ca/admin/reports.php?report_type=no_orders 7 The key \"touch-action:\" is not recognized and ignored.">, #<Selenium::WebDriver::LogEntry:0x00007ff89b14a1b8 @level="WARNING", @timestamp=1619023197266, @message="https://www.cowichanmilk.ca/admin/reports.php?report_type=no_orders 7 The key \"-ms-touch-action:\" is not recognized and ignored.">]
No Order Customers Report - Export to Excel,1.073774814605713,[]
No Payment Customers,9.414565086364746,[#<Selenium::WebDriver::LogEntry:0x00007ff87b5c1608 @level="WARNING", @timestamp=1619023200982, @message="https://www.cowichanmilk.ca/admin/reports.php?report_type=no_orders - [DOM] Found 2 elements with non-unique id #action_value: (More info: https://goo.gl/9p2vKq) %o %o">, #<Selenium::WebDriver::LogEntry:0x00007ff87b5c15e0 @level="WARNING", @timestamp=1619023208737, @message="https://www.cowichanmilk.ca/admin/reports.php?report_type=not_paid 7 The key \"touch-action:\" is not recognized and ignored.">, #<Selenium::WebDriver::LogEntry:0x00007ff87b5c1590 @level="WARNING", @timestamp=1619023208737, @message="https://www.cowichanmilk.ca/admin/reports.php?report_type=not_paid 7 The key \"-ms-touch-action:\" is not recognized and ignored.">]
No Payment Customers - Export to Excel,3.588989019393921,[]
Customer Reporting,1.0581488609313965,[]
On Hold Report,1.9190771579742432,[#<Selenium::WebDriver::LogEntry:0x00007ff89c8f4430 @level="WARNING", @timestamp=1619023217359, @message="https://www.cowichanmilk.ca/admin/reports.php?report_type=on_hold 7 The key \"touch-action:\" is not recognized and ignored.">, #<Selenium::WebDriver::LogEntry:0x00007ff89c8f43e0 @level="WARNING", @timestamp=1619023217359, @message="https://www.cowichanmilk.ca/admin/reports.php?report_type=on_hold 7 The key \"-ms-touch-action:\" is not recognized and ignored.">]
On Hold Report - Export to Excel,1.5130019187927246,[]
Past Due Customers,1.679358959197998,[#<Selenium::WebDriver::LogEntry:0x00007ff89c92e270 @level="WARNING", @timestamp=1619023221587, @message="https://www.cowichanmilk.ca/admin/reports.php?report_type=due 7 The key \"touch-action:\" is not recognized and ignored.">, #<Selenium::WebDriver::LogEntry:0x00007ff89c92e248 @level="WARNING", @timestamp=1619023221588, @message="https://www.cowichanmilk.ca/admin/reports.php?report_type=due 7 The key \"-ms-touch-action:\" is not recognized and ignored.">]
Past Due Customers - Export to Excel,2.819476842880249,[]
Customer Reporting,1.0556931495666504,[]
Recurring Order Report,8.600772142410278,[#<Selenium::WebDriver::LogEntry:0x00007ff89b91ebc8 @level="WARNING", @timestamp=1619023236060, @message="https://www.cowichanmilk.ca/admin/reports.php?report_type=recurring_orders 7 The key \"touch-action:\" is not recognized and ignored.">, #<Selenium::WebDriver::LogEntry:0x00007ff89b91eba0 @level="WARNING", @timestamp=1619023236060, @message="https://www.cowichanmilk.ca/admin/reports.php?report_type=recurring_orders 7 The key \"-ms-touch-action:\" is not recognized and ignored.">]
Recurring Order Report - Export to Excel,2.1585488319396973,[]
Retention Report,1.6796278953552246,[#<Selenium::WebDriver::LogEntry:0x00007ff89b1a3588 @level="WARNING", @timestamp=1619023240918, @message="https://www.cowichanmilk.ca/admin/reports.php?report_type=customer_retention 7 The key \"touch-action:\" is not recognized and ignored.">, #<Selenium::WebDriver::LogEntry:0x00007ff89b1a3560 @level="WARNING", @timestamp=1619023240918, @message="https://www.cowichanmilk.ca/admin/reports.php?report_type=customer_retention 7 The key \"-ms-touch-action:\" is not recognized and ignored.">]
Show Inactive Customers,1.4693822860717773,[#<Selenium::WebDriver::LogEntry:0x00007ff89b1c5e80 @level="WARNING", @timestamp=1619023245505, @message="https://www.cowichanmilk.ca/admin/reports.php?report_type=inactive_customers 7 The key \"touch-action:\" is not recognized and ignored.">, #<Selenium::WebDriver::LogEntry:0x00007ff89b1c5e58 @level="WARNING", @timestamp=1619023245505, @message="https://www.cowichanmilk.ca/admin/reports.php?report_type=inactive_customers 7 The key \"-ms-touch-action:\" is not recognized and ignored.">]
Show Inactive Customers - Export to Excel,1.369826078414917,[]
Total Customers Report,1.6065139770507812,[#<Selenium::WebDriver::LogEntry:0x00007ff89b211b50 @level="WARNING", @timestamp=1619023271544, @message="https://www.cowichanmilk.ca/admin/reports.php?report_type=total_customers 7 The key \"touch-action:\" is not recognized and ignored.">, #<Selenium::WebDriver::LogEntry:0x00007ff89b211b28 @level="WARNING", @timestamp=1619023271544, @message="https://www.cowichanmilk.ca/admin/reports.php?report_type=total_customers 7 The key \"-ms-touch-action:\" is not recognized and ignored.">]
Total Customers Report - Export to Excel,1.0859041213989258,[]
Vacation Report,1.4342079162597656,[#<Selenium::WebDriver::LogEntry:0x00007ff87b3e96f0 @level="WARNING", @timestamp=1619023275099, @message="https://www.cowichanmilk.ca/admin/reports.php?report_type=vacation 7 The key \"touch-action:\" is not recognized and ignored.">, #<Selenium::WebDriver::LogEntry:0x00007ff87b3e9678 @level="WARNING", @timestamp=1619023275099, @message="https://www.cowichanmilk.ca/admin/reports.php?report_type=vacation 7 The key \"-ms-touch-action:\" is not recognized and ignored.">]
Vacation Report - Export to Excel,1.0764868259429932,[#<Selenium::WebDriver::LogEntry:0x00007ff89b148f48 @level="WARNING", @timestamp=1619023277308, @message="https://www.cowichanmilk.ca/admin/reports.php?report_type=vacation - [DOM] Found 2 elements with non-unique id #action_value: (More info: https://goo.gl/9p2vKq) %o %o">]
Misc. Reporting,1.0529332160949707,[]
Missing Orders,1.7617228031158447,[#<Selenium::WebDriver::LogEntry:0x00007ff87b625f40 @level="WARNING", @timestamp=1619023343038, @message="https://www.cowichanmilk.ca/admin/reports.php?report_type=missing_orders 7 The key \"touch-action:\" is not recognized and ignored.">, #<Selenium::WebDriver::LogEntry:0x00007ff87b625f18 @level="WARNING", @timestamp=1619023343038, @message="https://www.cowichanmilk.ca/admin/reports.php?report_type=missing_orders 7 The key \"-ms-touch-action:\" is not recognized and ignored.">, #<Selenium::WebDriver::LogEntry:0x00007ff87b625ef0 @level="SEVERE", @timestamp=1619023343253, @message="https://www.cowichanmilk.ca/admin/skin1/admin/admin-modal.css - Failed to load resource: the server responded with a status of 404 ()">]
Coupons,1.8472261428833008,[#<Selenium::WebDriver::LogEntry:0x00007ff89c8dcee8 @level="WARNING", @timestamp=1619023351924, @message="https://www.cowichanmilk.ca/admin/discount_coupons.php 7 The key \"touch-action:\" is not recognized and ignored.">, #<Selenium::WebDriver::LogEntry:0x00007ff89c8dcec0 @level="WARNING", @timestamp=1619023351924, @message="https://www.cowichanmilk.ca/admin/discount_coupons.php 7 The key \"-ms-touch-action:\" is not recognized and ignored.">]
Coupon Events,1.6376419067382812,[#<Selenium::WebDriver::LogEntry:0x00007ff87b64fb60 @level="WARNING", @timestamp=1619023356752, @message="https://www.cowichanmilk.ca/admin/coupon_events.php 7 The key \"touch-action:\" is not recognized and ignored.">, #<Selenium::WebDriver::LogEntry:0x00007ff87b64fb38 @level="WARNING", @timestamp=1619023356752, @message="https://www.cowichanmilk.ca/admin/coupon_events.php 7 The key \"-ms-touch-action:\" is not recognized and ignored.">]
Countdown Products,1.5695040225982666,[#<Selenium::WebDriver::LogEntry:0x00007ff89d8fca08 @level="WARNING", @timestamp=1619023361389, @message="https://www.cowichanmilk.ca/admin/reports.php?report_type=countdown_mgmt 7 The key \"touch-action:\" is not recognized and ignored.">, #<Selenium::WebDriver::LogEntry:0x00007ff89d8fc9e0 @level="WARNING", @timestamp=1619023361389, @message="https://www.cowichanmilk.ca/admin/reports.php?report_type=countdown_mgmt 7 The key \"-ms-touch-action:\" is not recognized and ignored.">]
Countdown Products - Export to Excel,1.1342461109161377,[]
Global Discounts,2.0461301803588867,[#<Selenium::WebDriver::LogEntry:0x00007ff87b67ccc8 @level="WARNING", @timestamp=1619023365543, @message="https://www.cowichanmilk.ca/provider/discounts.php 7 The key \"touch-action:\" is not recognized and ignored.">, #<Selenium::WebDriver::LogEntry:0x00007ff87b67cca0 @level="WARNING", @timestamp=1619023365543, @message="https://www.cowichanmilk.ca/provider/discounts.php 7 The key \"-ms-touch-action:\" is not recognized and ignored.">]
Sale Items,1.866278886795044,[#<Selenium::WebDriver::LogEntry:0x00007ff87b6ad148 @level="WARNING", @timestamp=1619023374421, @message="https://www.cowichanmilk.ca/admin/products?search_criteria=sale_item 7 The key \"touch-action:\" is not recognized and ignored.">, #<Selenium::WebDriver::LogEntry:0x00007ff87b6ad0f8 @level="WARNING", @timestamp=1619023374421, @message="https://www.cowichanmilk.ca/admin/products?search_criteria=sale_item 7 The key \"-ms-touch-action:\" is not recognized and ignored.">, #<Selenium::WebDriver::LogEntry:0x00007ff87b6ad0d0 @level="WARNING", @timestamp=1619023374622, @message="https://www.cowichanmilk.ca/admin/products?search_criteria=sale_item - [DOM] Found 2 elements with non-unique id #collapse-quantity: (More info: https://goo.gl/9p2vKq) %o %o">]
Manage Cross-Selling,1.566366195678711,[#<Selenium::WebDriver::LogEntry:0x00007ff89b9378d0 @level="WARNING", @timestamp=1619023379123, @message="https://www.cowichanmilk.ca/admin/reports.php?report_type=upselling 7 The key \"touch-action:\" is not recognized and ignored.">, #<Selenium::WebDriver::LogEntry:0x00007ff89b9378a8 @level="WARNING", @timestamp=1619023379123, @message="https://www.cowichanmilk.ca/admin/reports.php?report_type=upselling 7 The key \"-ms-touch-action:\" is not recognized and ignored.">]
Manage Cross-Selling - Export to Excel,1.1022531986236572,[]
First Time Order Specials,1.7033522129058838,[#<Selenium::WebDriver::LogEntry:0x00007ff87b71fba8 @level="WARNING", @timestamp=1619023382914, @message="https://www.cowichanmilk.ca/admin/products?search_criteria=first_time_order 7 The key \"touch-action:\" is not recognized and ignored.">, #<Selenium::WebDriver::LogEntry:0x00007ff87b71fb80 @level="WARNING", @timestamp=1619023382914, @message="https://www.cowichanmilk.ca/admin/products?search_criteria=first_time_order 7 The key \"-ms-touch-action:\" is not recognized and ignored.">, #<Selenium::WebDriver::LogEntry:0x00007ff87b71fb58 @level="WARNING", @timestamp=1619023383051, @message="https://www.cowichanmilk.ca/admin/products?search_criteria=first_time_order - [DOM] Found 2 elements with non-unique id #collapse-quantity: (More info: https://goo.gl/9p2vKq) %o %o">]
Search Orders,2.164396047592163,[#<Selenium::WebDriver::LogEntry:0x00007ff87b318ac8 @level="WARNING", @timestamp=1619023387789, @message="https://www.cowichanmilk.ca/admin/orders.php 7 The key \"touch-action:\" is not recognized and ignored.">, #<Selenium::WebDriver::LogEntry:0x00007ff87b318618 @level="WARNING", @timestamp=1619023387789, @message="https://www.cowichanmilk.ca/admin/orders.php 7 The key \"-ms-touch-action:\" is not recognized and ignored.">]
This Week's Orders,2.4166159629821777,[#<Selenium::WebDriver::LogEntry:0x00007ff87b47a9c0 @level="WARNING", @timestamp=1619023397408, @message="https://www.cowichanmilk.ca/admin/orders.php?mode=search 7 The key \"touch-action:\" is not recognized and ignored.">, #<Selenium::WebDriver::LogEntry:0x00007ff87b47a920 @level="WARNING", @timestamp=1619023397409, @message="https://www.cowichanmilk.ca/admin/orders.php?mode=search 7 The key \"-ms-touch-action:\" is not recognized and ignored.">]
Next Week's Orders,2.2696168422698975,[#<Selenium::WebDriver::LogEntry:0x00007ff89b143f20 @level="WARNING", @timestamp=1619023402704, @message="https://www.cowichanmilk.ca/admin/orders.php?mode=search 7 The key \"touch-action:\" is not recognized and ignored.">, #<Selenium::WebDriver::LogEntry:0x00007ff89b143ef8 @level="WARNING", @timestamp=1619023402704, @message="https://www.cowichanmilk.ca/admin/orders.php?mode=search 7 The key \"-ms-touch-action:\" is not recognized and ignored.">]
Create Purchase Order,4.460299015045166,[#<Selenium::WebDriver::LogEntry:0x00007ff89d8a85c0 @level="WARNING", @timestamp=1619023407702, @message="https://www.cowichanmilk.ca/admin/router.php#/adv-purchase-order/create 7 The key \"touch-action:\" is not recognized and ignored.">, #<Selenium::WebDriver::LogEntry:0x00007ff89d8a8598 @level="WARNING", @timestamp=1619023407702, @message="https://www.cowichanmilk.ca/admin/router.php#/adv-purchase-order/create 7 The key \"-ms-touch-action:\" is not recognized and ignored.">]
View Purchase Orders,1.1258771419525146,[]
Autoresponders,2.0010199546813965,[#<Selenium::WebDriver::LogEntry:0x00007ff87b5e4798 @level="WARNING", @timestamp=1619023419462, @message="https://www.cowichanmilk.ca/admin/news.php?mode=messages&targetlist=2 7 The key \"touch-action:\" is not recognized and ignored.">, #<Selenium::WebDriver::LogEntry:0x00007ff87b5e4770 @level="WARNING", @timestamp=1619023419463, @message="https://www.cowichanmilk.ca/admin/news.php?mode=messages&targetlist=2 7 The key \"-ms-touch-action:\" is not recognized and ignored.">]
General News List,1.7797281742095947,[#<Selenium::WebDriver::LogEntry:0x00007ff87b6371c8 @level="WARNING", @timestamp=1619023424256, @message="https://www.cowichanmilk.ca/admin/router.php#/newsletters-list/3 7 The key \"touch-action:\" is not recognized and ignored.">, #<Selenium::WebDriver::LogEntry:0x00007ff87b6371a0 @level="WARNING", @timestamp=1619023424256, @message="https://www.cowichanmilk.ca/admin/router.php#/newsletters-list/3 7 The key \"-ms-touch-action:\" is not recognized and ignored.">]
Unsubscribers,2.008188247680664,[#<Selenium::WebDriver::LogEntry:0x00007ff89c8f6208 @level="WARNING", @timestamp=1619023437453, @message="https://www.cowichanmilk.ca/admin/unsubscribers 7 The key \"touch-action:\" is not recognized and ignored.">, #<Selenium::WebDriver::LogEntry:0x00007ff89c8f61b8 @level="WARNING", @timestamp=1619023437453, @message="https://www.cowichanmilk.ca/admin/unsubscribers 7 The key \"-ms-touch-action:\" is not recognized and ignored.">]
Edit Static Pages,2.571432113647461,[#<Selenium::WebDriver::LogEntry:0x00007ff85b813340 @level="WARNING", @timestamp=1619023443065, @message="https://www.cowichanmilk.ca/admin/pages.php 7 The key \"touch-action:\" is not recognized and ignored.">, #<Selenium::WebDriver::LogEntry:0x00007ff85b813318 @level="WARNING", @timestamp=1619023443065, @message="https://www.cowichanmilk.ca/admin/pages.php 7 The key \"-ms-touch-action:\" is not recognized and ignored.">]
Manage Files,2.1594910621643066,[#<Selenium::WebDriver::LogEntry:0x00007ff89c917750 @level="WARNING", @timestamp=1619023447755, @message="https://www.cowichanmilk.ca/admin/files.php 7 The key \"touch-action:\" is not recognized and ignored.">, #<Selenium::WebDriver::LogEntry:0x00007ff89c917728 @level="WARNING", @timestamp=1619023447755, @message="https://www.cowichanmilk.ca/admin/files.php 7 The key \"-ms-touch-action:\" is not recognized and ignored.">]
Recipes,1.0642290115356445,[]
301 Redirects,1.628103256225586,[#<Selenium::WebDriver::LogEntry:0x00007ff88c0d70f0 @level="WARNING", @timestamp=1619023457076, @message="https://www.cowichanmilk.ca/admin/redirects 7 The key \"touch-action:\" is not recognized and ignored.">, #<Selenium::WebDriver::LogEntry:0x00007ff88c0d70c8 @level="WARNING", @timestamp=1619023457076, @message="https://www.cowichanmilk.ca/admin/redirects 7 The key \"-ms-touch-action:\" is not recognized and ignored.">]
FAQ,2.2541749477386475,[#<Selenium::WebDriver::LogEntry:0x00007ff87b6a52e0 @level="WARNING", @timestamp=1619023462078, @message="https://www.cowichanmilk.ca/admin/faq 7 The key \"touch-action:\" is not recognized and ignored.">, #<Selenium::WebDriver::LogEntry:0x00007ff87b6a5290 @level="WARNING", @timestamp=1619023462078, @message="https://www.cowichanmilk.ca/admin/faq 7 The key \"-ms-touch-action:\" is not recognized and ignored.">]
Company Settings,5.079571962356567,[#<Selenium::WebDriver::LogEntry:0x00007ff89b92ae28 @level="WARNING", @timestamp=1619023467328, @message="https://www.cowichanmilk.ca/admin/company.php 7 The key \"touch-action:\" is not recognized and ignored.">, #<Selenium::WebDriver::LogEntry:0x00007ff89b92ae00 @level="WARNING", @timestamp=1619023467328, @message="https://www.cowichanmilk.ca/admin/company.php 7 The key \"-ms-touch-action:\" is not recognized and ignored.">, #<Selenium::WebDriver::LogEntry:0x00007ff89b92add8 @level="SEVERE", @timestamp=1619023469872, @message="https://www.cowichanmilk.ca/skin1/css/structure.css - Failed to load resource: the server responded with a status of 404 ()">, #<Selenium::WebDriver::LogEntry:0x00007ff89b92adb0 @level="SEVERE", @timestamp=1619023470218, @message="https://www.cowichanmilk.ca/skin1/css/structure.css - Failed to load resource: the server responded with a status of 404 ()">, #<Selenium::WebDriver::LogEntry:0x00007ff89b92ad88 @level="SEVERE", @timestamp=1619023470393, @message="https://www.cowichanmilk.ca/skin1/css/structure.css - Failed to load resource: the server responded with a status of 404 ()">, #<Selenium::WebDriver::LogEntry:0x00007ff89b92ad60 @level="SEVERE", @timestamp=1619023470574, @message="https://www.cowichanmilk.ca/skin1/css/structure.css - Failed to load resource: the server responded with a status of 404 ()">, #<Selenium::WebDriver::LogEntry:0x00007ff89b92ad38 @level="SEVERE", @timestamp=1619023471584, @message="https://www.cowichanmilk.ca/skin1/css/structure.css - Failed to load resource: the server responded with a status of 404 ()">, #<Selenium::WebDriver::LogEntry:0x00007ff89b92ad10 @level="SEVERE", @timestamp=1619023471584, @message="https://www.cowichanmilk.ca/skin1/css/structure.css - Failed to load resource: the server responded with a status of 404 ()">]
States/Counties,1.9394819736480713,[#<Selenium::WebDriver::LogEntry:0x00007ff87b6c5220 @level="WARNING", @timestamp=1619023473325, @message="https://maps.googleapis.com/maps-api-v3/api/js/44/10/util.js 228:26 \"Google Maps JavaScript API warning: NoApiKeys https://developers.google.com/maps/documentation/javascript/error-messages#no-api-keys\"">, #<Selenium::WebDriver::LogEntry:0x00007ff87b6c51f8 @level="WARNING", @timestamp=1619023473325, @message="https://maps.googleapis.com/maps-api-v3/api/js/44/10/util.js 228:26 \"Google Maps JavaScript API warning: InvalidKey https://developers.google.com/maps/documentation/javascript/error-messages#invalid-key\"">, #<Selenium::WebDriver::LogEntry:0x00007ff87b6c51d0 @level="WARNING", @timestamp=1619023475338, @message="https://www.cowichanmilk.ca/admin/states.php 7 The key \"touch-action:\" is not recognized and ignored.">, #<Selenium::WebDriver::LogEntry:0x00007ff87b6c51a8 @level="WARNING", @timestamp=1619023475338, @message="https://www.cowichanmilk.ca/admin/states.php 7 The key \"-ms-touch-action:\" is not recognized and ignored.">]
Taxes,1.0530781745910645,[]
Taxing Zones,1.657785177230835,[#<Selenium::WebDriver::LogEntry:0x00007ff87b6dd618 @level="WARNING", @timestamp=1619023484166, @message="https://www.cowichanmilk.ca/admin/zones.php 7 The key \"touch-action:\" is not recognized and ignored.">, #<Selenium::WebDriver::LogEntry:0x00007ff87b6dd5f0 @level="WARNING", @timestamp=1619023484166, @message="https://www.cowichanmilk.ca/admin/zones.php 7 The key \"-ms-touch-action:\" is not recognized and ignored.">]
Taxing System,1.7481820583343506,[#<Selenium::WebDriver::LogEntry:0x00007ff89b1eeb00 @level="WARNING", @timestamp=1619023488957, @message="https://www.cowichanmilk.ca/admin/taxes.php 7 The key \"touch-action:\" is not recognized and ignored.">, #<Selenium::WebDriver::LogEntry:0x00007ff89b1eead8 @level="WARNING", @timestamp=1619023488957, @message="https://www.cowichanmilk.ca/admin/taxes.php 7 The key \"-ms-touch-action:\" is not recognized and ignored.">]
Minimum Orders Settings,1.7452940940856934,[#<Selenium::WebDriver::LogEntry:0x00007ff89b98c150 @level="WARNING", @timestamp=1619023493656, @message="https://www.cowichanmilk.ca/admin/min_orders_settings.php 7 The key \"touch-action:\" is not recognized and ignored.">, #<Selenium::WebDriver::LogEntry:0x00007ff89b98c128 @level="WARNING", @timestamp=1619023493656, @message="https://www.cowichanmilk.ca/admin/min_orders_settings.php 7 The key \"-ms-touch-action:\" is not recognized and ignored.">]
Zip Codes,1.6848793029785156,[#<Selenium::WebDriver::LogEntry:0x00007ff89c8787b8 @level="WARNING", @timestamp=1619023498464, @message="https://www.cowichanmilk.ca/admin/zip_codes.php 7 The key \"touch-action:\" is not recognized and ignored.">, #<Selenium::WebDriver::LogEntry:0x00007ff89c878498 @level="WARNING", @timestamp=1619023498464, @message="https://www.cowichanmilk.ca/admin/zip_codes.php 7 The key \"-ms-touch-action:\" is not recognized and ignored.">, #<Selenium::WebDriver::LogEntry:0x00007ff89c8783d0 @level="WARNING", @timestamp=1619023498576, @message="https://www.cowichanmilk.ca/admin/zip_codes.php - [DOM] Found 2 elements with non-unique id #zip_delivery_type: (More info: https://goo.gl/9p2vKq) %o %o">]
Fees,1.072282314300537,[]
App Settings,2.027756929397583,[#<Selenium::WebDriver::LogEntry:0x00007ff87b4b3838 @level="WARNING", @timestamp=1619023507382, @message="https://www.cowichanmilk.ca/admin/driver_app.php 7 The key \"touch-action:\" is not recognized and ignored.">, #<Selenium::WebDriver::LogEntry:0x00007ff87b4b3810 @level="WARNING", @timestamp=1619023507382, @message="https://www.cowichanmilk.ca/admin/driver_app.php 7 The key \"-ms-touch-action:\" is not recognized and ignored.">]
Driver Log Report,1.7353951930999756,[#<Selenium::WebDriver::LogEntry:0x00007ff89b14a230 @level="WARNING", @timestamp=1619023512305, @message="https://www.cowichanmilk.ca/admin/router.php?r=driver-log#/driver-log/ 7 The key \"touch-action:\" is not recognized and ignored.">, #<Selenium::WebDriver::LogEntry:0x00007ff89b14a208 @level="WARNING", @timestamp=1619023512306, @message="https://www.cowichanmilk.ca/admin/router.php?r=driver-log#/driver-log/ 7 The key \"-ms-touch-action:\" is not recognized and ignored.">]
Settings,1.0595519542694092,[]
Store Locations,2.0850720405578613,[#<Selenium::WebDriver::LogEntry:0x00007ff87b5a3180 @level="WARNING", @timestamp=1619023521372, @message="https://www.cowichanmilk.ca/admin/stores.php 7 The key \"touch-action:\" is not recognized and ignored.">, #<Selenium::WebDriver::LogEntry:0x00007ff87b5a3158 @level="WARNING", @timestamp=1619023521372, @message="https://www.cowichanmilk.ca/admin/stores.php 7 The key \"-ms-touch-action:\" is not recognized and ignored.">]
DBP Settings,2.752100706100464,[#<Selenium::WebDriver::LogEntry:0x00007ff87b5f4cb0 @level="WARNING", @timestamp=1619023527263, @message="https://www.cowichanmilk.ca/admin/dbp_settings.php 7 The key \"touch-action:\" is not recognized and ignored.">, #<Selenium::WebDriver::LogEntry:0x00007ff87b5f4c60 @level="WARNING", @timestamp=1619023527263, @message="https://www.cowichanmilk.ca/admin/dbp_settings.php 7 The key \"-ms-touch-action:\" is not recognized and ignored.">]
DBP Billing,2.8083300590515137,[#<Selenium::WebDriver::LogEntry:0x00007ff89c8ce6b8 @level="WARNING", @timestamp=1619023533199, @message="https://www.cowichanmilk.ca/admin/dbp_billing.php 7 The key \"touch-action:\" is not recognized and ignored.">, #<Selenium::WebDriver::LogEntry:0x00007ff89c8ce690 @level="WARNING", @timestamp=1619023533199, @message="https://www.cowichanmilk.ca/admin/dbp_billing.php 7 The key \"-ms-touch-action:\" is not recognized and ignored.">]
Countries,1.8948981761932373,[#<Selenium::WebDriver::LogEntry:0x00007ff89c8ed5e0 @level="WARNING", @timestamp=1619023538215, @message="https://www.cowichanmilk.ca/admin/countries.php 7 The key \"touch-action:\" is not recognized and ignored.">, #<Selenium::WebDriver::LogEntry:0x00007ff89c8ed5b8 @level="WARNING", @timestamp=1619023538215, @message="https://www.cowichanmilk.ca/admin/countries.php 7 The key \"-ms-touch-action:\" is not recognized and ignored.">]
Settings,1.0489838123321533,[]
Credit card types,1.866243839263916,[#<Selenium::WebDriver::LogEntry:0x00007ff88c0d6d30 @level="WARNING", @timestamp=1619023576914, @message="https://www.cowichanmilk.ca/admin/card_types.php 7 The key \"touch-action:\" is not recognized and ignored.">, #<Selenium::WebDriver::LogEntry:0x00007ff88c0d6d08 @level="WARNING", @timestamp=1619023576914, @message="https://www.cowichanmilk.ca/admin/card_types.php 7 The key \"-ms-touch-action:\" is not recognized and ignored.">]
General Settings,2.62428617477417,[#<Selenium::WebDriver::LogEntry:0x00007ff87b6a4f20 @level="WARNING", @timestamp=1619023582199, @message="https://www.cowichanmilk.ca/admin/configuration 7 The key \"touch-action:\" is not recognized and ignored.">, #<Selenium::WebDriver::LogEntry:0x00007ff87b6a4ef8 @level="WARNING", @timestamp=1619023582199, @message="https://www.cowichanmilk.ca/admin/configuration 7 The key \"-ms-touch-action:\" is not recognized and ignored.">]
Languages,1.845365047454834,[#<Selenium::WebDriver::LogEntry:0x00007ff89b92b0d0 @level="WARNING", @timestamp=1619023587339, @message="https://www.cowichanmilk.ca/admin/languages.php 7 The key \"touch-action:\" is not recognized and ignored.">, #<Selenium::WebDriver::LogEntry:0x00007ff89b92b0a8 @level="WARNING", @timestamp=1619023587339, @message="https://www.cowichanmilk.ca/admin/languages.php 7 The key \"-ms-touch-action:\" is not recognized and ignored.">, #<Selenium::WebDriver::LogEntry:0x00007ff89b92b080 @level="SEVERE", @timestamp=1619023587538, @message="https://www.cowichanmilk.ca/tinymce/tiny_mce.js - Failed to load resource: the server responded with a status of 404 ()">]
Modules,3.152263879776001,[#<Selenium::WebDriver::LogEntry:0x00007ff87b6c5c20 @level="WARNING", @timestamp=1619023592845, @message="https://www.cowichanmilk.ca/admin/modules.php 7 The key \"touch-action:\" is not recognized and ignored.">, #<Selenium::WebDriver::LogEntry:0x00007ff87b6c5bf8 @level="WARNING", @timestamp=1619023592845, @message="https://www.cowichanmilk.ca/admin/modules.php 7 The key \"-ms-touch-action:\" is not recognized and ignored.">]
Payment Methods,1.9429049491882324,[#<Selenium::WebDriver::LogEntry:0x00007ff89c9580e8 @level="WARNING", @timestamp=1619023598433, @message="https://www.cowichanmilk.ca/admin/payment_methods.php 7 The key \"touch-action:\" is not recognized and ignored.">, #<Selenium::WebDriver::LogEntry:0x00007ff89c9580c0 @level="WARNING", @timestamp=1619023598433, @message="https://www.cowichanmilk.ca/admin/payment_methods.php 7 The key \"-ms-touch-action:\" is not recognized and ignored.">]
Clear templates cache,4.834595680236816,[#<Selenium::WebDriver::LogEntry:0x00007ff87b6de1a8 @level="WARNING", @timestamp=1619023606535, @message="https://www.cowichanmilk.ca/admin/general.php 7 The key \"touch-action:\" is not recognized and ignored.">, #<Selenium::WebDriver::LogEntry:0x00007ff87b6de180 @level="WARNING", @timestamp=1619023606535, @message="https://www.cowichanmilk.ca/admin/general.php 7 The key \"-ms-touch-action:\" is not recognized and ignored.">]
System Logs,1.0579471588134766,[]
DBP Overview,2.661198139190674,[#<Selenium::WebDriver::LogEntry:0x00007ff89b98d230 @level="WARNING", @timestamp=1619023616299, @message="https://www.cowichanmilk.ca/admin/dbp_overview.php 7 The key \"touch-action:\" is not recognized and ignored.">, #<Selenium::WebDriver::LogEntry:0x00007ff89b98d208 @level="WARNING", @timestamp=1619023616299, @message="https://www.cowichanmilk.ca/admin/dbp_overview.php 7 The key \"-ms-touch-action:\" is not recognized and ignored.">]
Inventory,1.6086080074310303,[#<Selenium::WebDriver::LogEntry:0x00007ff88c090038 @level="WARNING", @timestamp=1619023620926, @message="https://www.cowichanmilk.ca/admin/log_inventory.php 7 The key \"touch-action:\" is not recognized and ignored.">, #<Selenium::WebDriver::LogEntry:0x00007ff88c09bf50 @level="WARNING", @timestamp=1619023620926, @message="https://www.cowichanmilk.ca/admin/log_inventory.php 7 The key \"-ms-touch-action:\" is not recognized and ignored.">]
Tasks,1.7359609603881836,[#<Selenium::WebDriver::LogEntry:0x00007ff87b3a03d8 @level="WARNING", @timestamp=1619023625606, @message="https://www.cowichanmilk.ca/admin/router.php?r=bt-console#/bt-console 7 The key \"touch-action:\" is not recognized and ignored.">, #<Selenium::WebDriver::LogEntry:0x00007ff87b3a03b0 @level="WARNING", @timestamp=1619023625606, @message="https://www.cowichanmilk.ca/admin/router.php?r=bt-console#/bt-console 7 The key \"-ms-touch-action:\" is not recognized and ignored.">]
Periodic tasks,4.649822235107422,[#<Selenium::WebDriver::LogEntry:0x00007ff87b4a8078 @level="WARNING", @timestamp=1619023633333, @message="https://www.cowichanmilk.ca/admin/periodicTasks 7 The key \"touch-action:\" is not recognized and ignored.">, #<Selenium::WebDriver::LogEntry:0x00007ff87b4a8050 @level="WARNING", @timestamp=1619023633333, @message="https://www.cowichanmilk.ca/admin/periodicTasks 7 The key \"-ms-touch-action:\" is not recognized and ignored.">]
