Dashboard,1.87367582321167,[#<Selenium::WebDriver::LogEntry:0x00007f8ed072b260 @level="WARNING", @timestamp=1619807139275, @message="https://kappers.client-staging.deliverybizpro.com/admin/login 7 The key \"touch-action:\" is not recognized and ignored.">, #<Selenium::WebDriver::LogEntry:0x00007f8ed072b238 @level="WARNING", @timestamp=1619807139275, @message="https://kappers.client-staging.deliverybizpro.com/admin/login 7 The key \"-ms-touch-action:\" is not recognized and ignored.">, #<Selenium::WebDriver::LogEntry:0x00007f8ed072b210 @level="WARNING", @timestamp=1619807147267, @message="https://kappers.client-staging.deliverybizpro.com/admin/home.php 7 The key \"touch-action:\" is not recognized and ignored.">, #<Selenium::WebDriver::LogEntry:0x00007f8ed072b1e8 @level="WARNING", @timestamp=1619807147294, @message="https://kappers.client-staging.deliverybizpro.com/admin/home.php 7 The key \"-ms-touch-action:\" is not recognized and ignored.">, #<Selenium::WebDriver::LogEntry:0x00007f8ed072b1c0 @level="WARNING", @timestamp=1619807149564, @message="https://kappers.client-staging.deliverybizpro.com/admin/home.php 7 The key \"touch-action:\" is not recognized and ignored.">, #<Selenium::WebDriver::LogEntry:0x00007f8ed072b198 @level="WARNING", @timestamp=1619807149564, @message="https://kappers.client-staging.deliverybizpro.com/admin/home.php 7 The key \"-ms-touch-action:\" is not recognized and ignored.">]
Customers,1.0642621517181396,[]
Search for Customers,2.186047077178955,[#<Selenium::WebDriver::LogEntry:0x00007f8ed0466ac0 @level="WARNING", @timestamp=1619807177431, @message="https://kappers.client-staging.deliverybizpro.com/admin/users.php?mode=search&usertype=C&refresh=1&sort=last_login&sort_direction=1 14 The key \"touch-action:\" is not recognized and ignored.">, #<Selenium::WebDriver::LogEntry:0x00007f8ed0466a98 @level="WARNING", @timestamp=1619807177431, @message="https://kappers.client-staging.deliverybizpro.com/admin/users.php?mode=search&usertype=C&refresh=1&sort=last_login&sort_direction=1 14 The key \"-ms-touch-action:\" is not recognized and ignored.">, #<Selenium::WebDriver::LogEntry:0x00007f8ed0466a70 @level="WARNING", @timestamp=1619807177996, @message="https://kappers.client-staging.deliverybizpro.com/admin/users.php?mode=search&usertype=C&refresh=1&sort=last_login&sort_direction=1 - [DOM] Found 2 elements with non-unique id #frm-users-search: (More info: https://goo.gl/9p2vKq) %o %o">, #<Selenium::WebDriver::LogEntry:0x00007f8ed04669f8 @level="WARNING", @timestamp=1619807177996, @message="https://kappers.client-staging.deliverybizpro.com/admin/users.php?mode=search&usertype=C&refresh=1&sort=last_login&sort_direction=1 - [DOM] Found 2 elements with non-unique id #posted_data[orders_count_type]: (More info: https://goo.gl/9p2vKq) %o %o">]
Create Customer Profile,2.6273751258850098,[#<Selenium::WebDriver::LogEntry:0x00007f8eb6095730 @level="WARNING", @timestamp=1619807185902, @message="https://kappers.client-staging.deliverybizpro.com/admin/user_add.php?usertype=C 7 The key \"touch-action:\" is not recognized and ignored.">, #<Selenium::WebDriver::LogEntry:0x00007f8eb6095690 @level="WARNING", @timestamp=1619807185902, @message="https://kappers.client-staging.deliverybizpro.com/admin/user_add.php?usertype=C 7 The key \"-ms-touch-action:\" is not recognized and ignored.">]
Import Customers,1.852506160736084,[#<Selenium::WebDriver::LogEntry:0x00007f8eb5186f78 @level="WARNING", @timestamp=1619807194545, @message="https://kappers.client-staging.deliverybizpro.com/admin/customers_import.php 7 The key \"touch-action:\" is not recognized and ignored.">, #<Selenium::WebDriver::LogEntry:0x00007f8eb5186f50 @level="WARNING", @timestamp=1619807194545, @message="https://kappers.client-staging.deliverybizpro.com/admin/customers_import.php 7 The key \"-ms-touch-action:\" is not recognized and ignored.">]
Export Customers,2.552626132965088,[#<Selenium::WebDriver::LogEntry:0x00007f8ed05a6fc0 @level="WARNING", @timestamp=1619807202738, @message="https://kappers.client-staging.deliverybizpro.com/admin/router.php?r=export-users#/export-users 7 The key \"touch-action:\" is not recognized and ignored.">, #<Selenium::WebDriver::LogEntry:0x00007f8ed05a6f70 @level="WARNING", @timestamp=1619807202739, @message="https://kappers.client-staging.deliverybizpro.com/admin/router.php?r=export-users#/export-users 7 The key \"-ms-touch-action:\" is not recognized and ignored.">]
Export Customer Emails,1.4283878803253174,[#<Selenium::WebDriver::LogEntry:0x00007f8ed05dc2b0 @level="WARNING", @timestamp=1619807211461, @message="https://kappers.client-staging.deliverybizpro.com/admin/export_users_emails.php 7 The key \"touch-action:\" is not recognized and ignored.">, #<Selenium::WebDriver::LogEntry:0x00007f8ed05dc288 @level="WARNING", @timestamp=1619807211461, @message="https://kappers.client-staging.deliverybizpro.com/admin/export_users_emails.php 7 The key \"-ms-touch-action:\" is not recognized and ignored.">]
Edit/Create Membership Levels,1.6484310626983643,[#<Selenium::WebDriver::LogEntry:0x00007f8ed0626158 @level="WARNING", @timestamp=1619807219175, @message="https://kappers.client-staging.deliverybizpro.com/admin/memberships.php?usertype=C 7 The key \"touch-action:\" is not recognized and ignored.">, #<Selenium::WebDriver::LogEntry:0x00007f8ed0626130 @level="WARNING", @timestamp=1619807219175, @message="https://kappers.client-staging.deliverybizpro.com/admin/memberships.php?usertype=C 7 The key \"-ms-touch-action:\" is not recognized and ignored.">]
Customer Notes,1.6592600345611572,[#<Selenium::WebDriver::LogEntry:0x00007f8ed0675898 @level="WARNING", @timestamp=1619807227194, @message="https://kappers.client-staging.deliverybizpro.com/admin/customer_notes.php 7 The key \"touch-action:\" is not recognized and ignored.">, #<Selenium::WebDriver::LogEntry:0x00007f8ed0675870 @level="WARNING", @timestamp=1619807227195, @message="https://kappers.client-staging.deliverybizpro.com/admin/customer_notes.php 7 The key \"-ms-touch-action:\" is not recognized and ignored.">]
Administrators,1.0712671279907227,[]
Search for Admins,1.5397861003875732,[#<Selenium::WebDriver::LogEntry:0x00007f8ed06c5708 @level="WARNING", @timestamp=1619807242368, @message="https://kappers.client-staging.deliverybizpro.com/admin/users.php?mode=search&usertype=P&refresh=1 7 The key \"touch-action:\" is not recognized and ignored.">, #<Selenium::WebDriver::LogEntry:0x00007f8ed06c56e0 @level="WARNING", @timestamp=1619807242368, @message="https://kappers.client-staging.deliverybizpro.com/admin/users.php?mode=search&usertype=P&refresh=1 7 The key \"-ms-touch-action:\" is not recognized and ignored.">, #<Selenium::WebDriver::LogEntry:0x00007f8ed06c56b8 @level="WARNING", @timestamp=1619807242506, @message="https://kappers.client-staging.deliverybizpro.com/admin/users.php?mode=search&usertype=P&refresh=1 - [DOM] Found 2 elements with non-unique id #frm-users-search: (More info: https://goo.gl/9p2vKq) %o %o">]
Create Admin Profile,1.5682706832885742,[#<Selenium::WebDriver::LogEntry:0x00007f8ec5865618 @level="WARNING", @timestamp=1619807250199, @message="https://kappers.client-staging.deliverybizpro.com/admin/user_add.php?usertype=P 7 The key \"touch-action:\" is not recognized and ignored.">, #<Selenium::WebDriver::LogEntry:0x00007f8ec58655f0 @level="WARNING", @timestamp=1619807250200, @message="https://kappers.client-staging.deliverybizpro.com/admin/user_add.php?usertype=P 7 The key \"-ms-touch-action:\" is not recognized and ignored.">]
Access Control,1.4711003303527832,[#<Selenium::WebDriver::LogEntry:0x00007f8ed06db030 @level="WARNING", @timestamp=1619807257993, @message="https://kappers.client-staging.deliverybizpro.com/admin/access_control.php 7 The key \"touch-action:\" is not recognized and ignored.">, #<Selenium::WebDriver::LogEntry:0x00007f8ed06db008 @level="WARNING", @timestamp=1619807257993, @message="https://kappers.client-staging.deliverybizpro.com/admin/access_control.php 7 The key \"-ms-touch-action:\" is not recognized and ignored.">]
Edit/Create Membership Levels,1.4693629741668701,[#<Selenium::WebDriver::LogEntry:0x00007f8eb58e34d8 @level="WARNING", @timestamp=1619807265668, @message="https://kappers.client-staging.deliverybizpro.com/admin/memberships.php?usertype=P 7 The key \"touch-action:\" is not recognized and ignored.">, #<Selenium::WebDriver::LogEntry:0x00007f8eb58e34b0 @level="WARNING", @timestamp=1619807265668, @message="https://kappers.client-staging.deliverybizpro.com/admin/memberships.php?usertype=P 7 The key \"-ms-touch-action:\" is not recognized and ignored.">]
Drivers,1.077552318572998,[]
Search for Drivers,2.5218381881713867,[#<Selenium::WebDriver::LogEntry:0x00007f8ec528ccf0 @level="WARNING", @timestamp=1619807302011, @message="https://kappers.client-staging.deliverybizpro.com/admin/users.php?mode=search&usertype=D&refresh=1 14 The key \"touch-action:\" is not recognized and ignored.">, #<Selenium::WebDriver::LogEntry:0x00007f8ec528ccc8 @level="WARNING", @timestamp=1619807302011, @message="https://kappers.client-staging.deliverybizpro.com/admin/users.php?mode=search&usertype=D&refresh=1 14 The key \"-ms-touch-action:\" is not recognized and ignored.">, #<Selenium::WebDriver::LogEntry:0x00007f8ec528cca0 @level="WARNING", @timestamp=1619807302158, @message="https://kappers.client-staging.deliverybizpro.com/admin/users.php?mode=search&usertype=D&refresh=1 - [DOM] Found 2 elements with non-unique id #frm-users-search: (More info: https://goo.gl/9p2vKq) %o %o">]
Create Driver Profile,1.5299708843231201,[#<Selenium::WebDriver::LogEntry:0x00007f8eb602d6d0 @level="WARNING", @timestamp=1619807309838, @message="https://kappers.client-staging.deliverybizpro.com/admin/user_add.php?usertype=D 7 The key \"touch-action:\" is not recognized and ignored.">, #<Selenium::WebDriver::LogEntry:0x00007f8eb602c488 @level="WARNING", @timestamp=1619807309838, @message="https://kappers.client-staging.deliverybizpro.com/admin/user_add.php?usertype=D 7 The key \"-ms-touch-action:\" is not recognized and ignored.">]
Edit/Create Membership Levels,1.4863080978393555,[#<Selenium::WebDriver::LogEntry:0x00007f8eb50fc148 @level="WARNING", @timestamp=1619807317615, @message="https://kappers.client-staging.deliverybizpro.com/admin/memberships.php?usertype=D 7 The key \"touch-action:\" is not recognized and ignored.">, #<Selenium::WebDriver::LogEntry:0x00007f8eb50fc120 @level="WARNING", @timestamp=1619807317615, @message="https://kappers.client-staging.deliverybizpro.com/admin/memberships.php?usertype=D 7 The key \"-ms-touch-action:\" is not recognized and ignored.">]
Suppliers,1.0712072849273682,[]
Search for Suppliers,1.6391868591308594,[#<Selenium::WebDriver::LogEntry:0x00007f8eb51a5ec8 @level="WARNING", @timestamp=1619807332648, @message="https://kappers.client-staging.deliverybizpro.com/admin/users.php?mode=search&usertype=U&refresh=1 14 The key \"touch-action:\" is not recognized and ignored.">, #<Selenium::WebDriver::LogEntry:0x00007f8eb51a5ea0 @level="WARNING", @timestamp=1619807332648, @message="https://kappers.client-staging.deliverybizpro.com/admin/users.php?mode=search&usertype=U&refresh=1 14 The key \"-ms-touch-action:\" is not recognized and ignored.">, #<Selenium::WebDriver::LogEntry:0x00007f8eb51a5e50 @level="WARNING", @timestamp=1619807332857, @message="https://kappers.client-staging.deliverybizpro.com/admin/users.php?mode=search&usertype=U&refresh=1 - [DOM] Found 2 elements with non-unique id #frm-users-search: (More info: https://goo.gl/9p2vKq) %o %o">]
Create Supplier Profile,1.6825518608093262,[#<Selenium::WebDriver::LogEntry:0x00007f8ed05bf570 @level="WARNING", @timestamp=1619807340561, @message="https://kappers.client-staging.deliverybizpro.com/admin/user_add.php?usertype=U 7 The key \"touch-action:\" is not recognized and ignored.">, #<Selenium::WebDriver::LogEntry:0x00007f8ed05bf548 @level="WARNING", @timestamp=1619807340561, @message="https://kappers.client-staging.deliverybizpro.com/admin/user_add.php?usertype=U 7 The key \"-ms-touch-action:\" is not recognized and ignored.">]
Edit/Search Products,2.3763978481292725,[#<Selenium::WebDriver::LogEntry:0x00007f8ed061e7a0 @level="WARNING", @timestamp=1619807348621, @message="https://kappers.client-staging.deliverybizpro.com/admin/products 7 The key \"touch-action:\" is not recognized and ignored.">, #<Selenium::WebDriver::LogEntry:0x00007f8ed061e778 @level="WARNING", @timestamp=1619807348621, @message="https://kappers.client-staging.deliverybizpro.com/admin/products 7 The key \"-ms-touch-action:\" is not recognized and ignored.">, #<Selenium::WebDriver::LogEntry:0x00007f8ed061e750 @level="WARNING", @timestamp=1619807349416, @message="https://kappers.client-staging.deliverybizpro.com/admin/products - [DOM] Found 2 elements with non-unique id #collapse-quantity: (More info: https://goo.gl/9p2vKq) %o %o">]
Add New Product,3.0496792793273926,[#<Selenium::WebDriver::LogEntry:0x00007f8ed065e508 @level="WARNING", @timestamp=1619807357197, @message="https://kappers.client-staging.deliverybizpro.com/admin/products/create 7 The key \"touch-action:\" is not recognized and ignored.">, #<Selenium::WebDriver::LogEntry:0x00007f8ed065e4e0 @level="WARNING", @timestamp=1619807357198, @message="https://kappers.client-staging.deliverybizpro.com/admin/products/create 7 The key \"-ms-touch-action:\" is not recognized and ignored.">, #<Selenium::WebDriver::LogEntry:0x00007f8ed065e4b8 @level="SEVERE", @timestamp=1619807359784, @message="https://kappers.client-staging.deliverybizpro.com/skin1/css/structure.css - Failed to load resource: the server responded with a status of 404 ()">, #<Selenium::WebDriver::LogEntry:0x00007f8ed065e490 @level="SEVERE", @timestamp=1619807359784, @message="https://kappers.client-staging.deliverybizpro.com/skin1/css/structure.css - Failed to load resource: the server responded with a status of 404 ()">]
Import products,3.262929916381836,[#<Selenium::WebDriver::LogEntry:0x00007f8eb60e91a0 @level="WARNING", @timestamp=1619807366396, @message="https://kappers.client-staging.deliverybizpro.com/admin/products/import 7 The key \"touch-action:\" is not recognized and ignored.">, #<Selenium::WebDriver::LogEntry:0x00007f8eb60e9178 @level="WARNING", @timestamp=1619807366396, @message="https://kappers.client-staging.deliverybizpro.com/admin/products/import 7 The key \"-ms-touch-action:\" is not recognized and ignored.">, #<Selenium::WebDriver::LogEntry:0x00007f8eb60e9150 @level="WARNING", @timestamp=1619807366907, @message="https://kappers.client-staging.deliverybizpro.com/admin/router.php?iframe=Y#/task-status 7 The key \"touch-action:\" is not recognized and ignored.">, #<Selenium::WebDriver::LogEntry:0x00007f8eb60e9128 @level="WARNING", @timestamp=1619807366907, @message="https://kappers.client-staging.deliverybizpro.com/admin/router.php?iframe=Y#/task-status 7 The key \"-ms-touch-action:\" is not recognized and ignored.">]
Export products,1.4885399341583252,[#<Selenium::WebDriver::LogEntry:0x00007f8ed06b7720 @level="WARNING", @timestamp=1619807375955, @message="https://kappers.client-staging.deliverybizpro.com/admin/products/export 7 The key \"touch-action:\" is not recognized and ignored.">, #<Selenium::WebDriver::LogEntry:0x00007f8ed06b76f8 @level="WARNING", @timestamp=1619807375955, @message="https://kappers.client-staging.deliverybizpro.com/admin/products/export 7 The key \"-ms-touch-action:\" is not recognized and ignored.">]
Product Categories,1.7117760181427002,[#<Selenium::WebDriver::LogEntry:0x00007f8ec521e840 @level="WARNING", @timestamp=1619807383761, @message="https://kappers.client-staging.deliverybizpro.com/admin/categories.php 7 The key \"touch-action:\" is not recognized and ignored.">, #<Selenium::WebDriver::LogEntry:0x00007f8ec521e818 @level="WARNING", @timestamp=1619807383761, @message="https://kappers.client-staging.deliverybizpro.com/admin/categories.php 7 The key \"-ms-touch-action:\" is not recognized and ignored.">]
Extra fields,1.5274460315704346,[#<Selenium::WebDriver::LogEntry:0x00007f8ec5894a58 @level="WARNING", @timestamp=1619807391602, @message="https://kappers.client-staging.deliverybizpro.com/admin/extra-fields 7 The key \"touch-action:\" is not recognized and ignored.">, #<Selenium::WebDriver::LogEntry:0x00007f8ec5894a30 @level="WARNING", @timestamp=1619807391602, @message="https://kappers.client-staging.deliverybizpro.com/admin/extra-fields 7 The key \"-ms-touch-action:\" is not recognized and ignored.">]
Warehouse Locations,1.461686134338379,[#<Selenium::WebDriver::LogEntry:0x00007f8eb58cf758 @level="WARNING", @timestamp=1619807403398, @message="https://kappers.client-staging.deliverybizpro.com/admin/warehouse-locations 7 The key \"touch-action:\" is not recognized and ignored.">, #<Selenium::WebDriver::LogEntry:0x00007f8eb58cf730 @level="WARNING", @timestamp=1619807403398, @message="https://kappers.client-staging.deliverybizpro.com/admin/warehouse-locations 7 The key \"-ms-touch-action:\" is not recognized and ignored.">]
Change/Assign Routes,1.5283269882202148,[#<Selenium::WebDriver::LogEntry:0x00007f8ed0706500 @level="WARNING", @timestamp=1619807415189, @message="https://kappers.client-staging.deliverybizpro.com/admin/assign_route_users.php 7 The key \"touch-action:\" is not recognized and ignored.">, #<Selenium::WebDriver::LogEntry:0x00007f8ed07064d8 @level="WARNING", @timestamp=1619807415189, @message="https://kappers.client-staging.deliverybizpro.com/admin/assign_route_users.php 7 The key \"-ms-touch-action:\" is not recognized and ignored.">, #<Selenium::WebDriver::LogEntry:0x00007f8ed07064b0 @level="WARNING", @timestamp=1619807415301, @message="https://kappers.client-staging.deliverybizpro.com/admin/assign_route_users.php - [DOM] Found 2 elements with non-unique id #show_not_validated: (More info: https://goo.gl/9p2vKq) %o %o">]
Create/Edit Routes,1.9842870235443115,[#<Selenium::WebDriver::LogEntry:0x00007f8ed073e130 @level="WARNING", @timestamp=1619807423012, @message="https://kappers.client-staging.deliverybizpro.com/admin/routes.php 7 The key \"touch-action:\" is not recognized and ignored.">, #<Selenium::WebDriver::LogEntry:0x00007f8ed073e108 @level="WARNING", @timestamp=1619807423012, @message="https://kappers.client-staging.deliverybizpro.com/admin/routes.php 7 The key \"-ms-touch-action:\" is not recognized and ignored.">, #<Selenium::WebDriver::LogEntry:0x00007f8ed073e0e0 @level="WARNING", @timestamp=1619807423447, @message="https://kappers.client-staging.deliverybizpro.com/admin/routes.php - [DOM] Found 2 elements with non-unique id #dbp-edit-coordinates-routeid: (More info: https://goo.gl/9p2vKq) %o %o">, #<Selenium::WebDriver::LogEntry:0x00007f8ed073e0b8 @level="WARNING", @timestamp=1619807423447, @message="https://kappers.client-staging.deliverybizpro.com/admin/routes.php - [DOM] Found 16 elements with non-unique id #dbp-field-customer-route-name: (More info: https://goo.gl/9p2vKq) %o %o %o %o %o %o %o %o %o %o %o %o %o %o %o %o">, #<Selenium::WebDriver::LogEntry:0x00007f8ed073e090 @level="WARNING", @timestamp=1619807423447, @message="https://kappers.client-staging.deliverybizpro.com/admin/routes.php - [DOM] Found 16 elements with non-unique id #dbp-field-delivery-time: (More info: https://goo.gl/9p2vKq) %o %o %o %o %o %o %o %o %o %o %o %o %o %o %o %o">, #<Selenium::WebDriver::LogEntry:0x00007f8ed073e068 @level="SEVERE", @timestamp=1619807424595, @message="https://kappers.client-staging.deliverybizpro.com/skin1/css/structure.css - Failed to load resource: the server responded with a status of 404 ()">]
GPS Import/Export,1.493211030960083,[#<Selenium::WebDriver::LogEntry:0x00007f8eb610e270 @level="WARNING", @timestamp=1619807431212, @message="https://kappers.client-staging.deliverybizpro.com/admin/gpx.php 7 The key \"touch-action:\" is not recognized and ignored.">, #<Selenium::WebDriver::LogEntry:0x00007f8eb610e248 @level="WARNING", @timestamp=1619807431212, @message="https://kappers.client-staging.deliverybizpro.com/admin/gpx.php 7 The key \"-ms-touch-action:\" is not recognized and ignored.">]
Organize Route Stops,1.6100819110870361,[#<Selenium::WebDriver::LogEntry:0x00007f8ed0454398 @level="WARNING", @timestamp=1619807438955, @message="https://kappers.client-staging.deliverybizpro.com/admin/router.php?r=organize_route_stops#/organize_route_stops 7 The key \"touch-action:\" is not recognized and ignored.">, #<Selenium::WebDriver::LogEntry:0x00007f8ed0454320 @level="WARNING", @timestamp=1619807438955, @message="https://kappers.client-staging.deliverybizpro.com/admin/router.php?r=organize_route_stops#/organize_route_stops 7 The key \"-ms-touch-action:\" is not recognized and ignored.">]
Pickup Locations,1.8382160663604736,[#<Selenium::WebDriver::LogEntry:0x00007f8eb6074828 @level="WARNING", @timestamp=1619807446837, @message="https://kappers.client-staging.deliverybizpro.com/admin/pickup_locations.php 7 The key \"touch-action:\" is not recognized and ignored.">, #<Selenium::WebDriver::LogEntry:0x00007f8eb60747d8 @level="WARNING", @timestamp=1619807446837, @message="https://kappers.client-staging.deliverybizpro.com/admin/pickup_locations.php 7 The key \"-ms-touch-action:\" is not recognized and ignored.">, #<Selenium::WebDriver::LogEntry:0x00007f8eb60746e8 @level="WARNING", @timestamp=1619807447194, @message="https://kappers.client-staging.deliverybizpro.com/admin/pickup_locations.php - [DOM] Found 3 elements with non-unique id #assign_route_button: (More info: https://goo.gl/9p2vKq) %o %o %o">, #<Selenium::WebDriver::LogEntry:0x00007f8eb6074698 @level="WARNING", @timestamp=1619807447194, @message="https://kappers.client-staging.deliverybizpro.com/admin/pickup_locations.php - [DOM] Found 3 elements with non-unique id #backup_contact: (More info: https://goo.gl/9p2vKq) %o %o %o">, #<Selenium::WebDriver::LogEntry:0x00007f8eb60744b8 @level="WARNING", @timestamp=1619807447194, @message="https://kappers.client-staging.deliverybizpro.com/admin/pickup_locations.php - [DOM] Found 3 elements with non-unique id #host_name: (More info: https://goo.gl/9p2vKq) %o %o %o">, #<Selenium::WebDriver::LogEntry:0x00007f8eb6074490 @level="WARNING", @timestamp=1619807447194, @message="https://kappers.client-staging.deliverybizpro.com/admin/pickup_locations.php - [DOM] Found 3 elements with non-unique id #location_access_key: (More info: https://goo.gl/9p2vKq) %o %o %o">, #<Selenium::WebDriver::LogEntry:0x00007f8eb60743c8 @level="WARNING", @timestamp=1619807447194, @message="https://kappers.client-staging.deliverybizpro.com/admin/pickup_locations.php - [DOM] Found 3 elements with non-unique id #location_email: (More info: https://goo.gl/9p2vKq) %o %o %o">, #<Selenium::WebDriver::LogEntry:0x00007f8eb607fd90 @level="WARNING", @timestamp=1619807447194, @message="https://kappers.client-staging.deliverybizpro.com/admin/pickup_locations.php - [DOM] Found 3 elements with non-unique id #location_info: (More info: https://goo.gl/9p2vKq) %o %o %o">, #<Selenium::WebDriver::LogEntry:0x00007f8eb607fd68 @level="WARNING", @timestamp=1619807447194, @message="https://kappers.client-staging.deliverybizpro.com/admin/pickup_locations.php - [DOM] Found 3 elements with non-unique id #location_message: (More info: https://goo.gl/9p2vKq) %o %o %o">, #<Selenium::WebDriver::LogEntry:0x00007f8eb607fae8 @level="WARNING", @timestamp=1619807447195, @message="https://kappers.client-staging.deliverybizpro.com/admin/pickup_locations.php - [DOM] Found 3 elements with non-unique id #move_route_button: (More info: https://goo.gl/9p2vKq) %o %o %o">, #<Selenium::WebDriver::LogEntry:0x00007f8eb607fa98 @level="WARNING", @timestamp=1619807447195, @message="https://kappers.client-staging.deliverybizpro.com/admin/pickup_locations.php - [DOM] Found 3 elements with non-unique id #phone: (More info: https://goo.gl/9p2vKq) %o %o %o">]
Organize Pickup Locations,1.5565900802612305,[#<Selenium::WebDriver::LogEntry:0x00007f8ed057d850 @level="WARNING", @timestamp=1619807455012, @message="https://kappers.client-staging.deliverybizpro.com/admin/route_pickup_locations.php 7 The key \"touch-action:\" is not recognized and ignored.">, #<Selenium::WebDriver::LogEntry:0x00007f8ed057d828 @level="WARNING", @timestamp=1619807455012, @message="https://kappers.client-staging.deliverybizpro.com/admin/route_pickup_locations.php 7 The key \"-ms-touch-action:\" is not recognized and ignored.">]
Manage KML File,1.5758647918701172,[#<Selenium::WebDriver::LogEntry:0x00007f8ed059d150 @level="WARNING", @timestamp=1619807462737, @message="https://kappers.client-staging.deliverybizpro.com/admin/router.php?r=kml#/kml 7 The key \"touch-action:\" is not recognized and ignored.">, #<Selenium::WebDriver::LogEntry:0x00007f8ed059d128 @level="WARNING", @timestamp=1619807462737, @message="https://kappers.client-staging.deliverybizpro.com/admin/router.php?r=kml#/kml 7 The key \"-ms-touch-action:\" is not recognized and ignored.">]
Display Route/KML Issues,1.532456874847412,[#<Selenium::WebDriver::LogEntry:0x00007f8ed05de628 @level="WARNING", @timestamp=1619807470705, @message="https://kappers.client-staging.deliverybizpro.com/admin/route_kml_issues.php 7 The key \"touch-action:\" is not recognized and ignored.">, #<Selenium::WebDriver::LogEntry:0x00007f8ed05de600 @level="WARNING", @timestamp=1619807470705, @message="https://kappers.client-staging.deliverybizpro.com/admin/route_kml_issues.php 7 The key \"-ms-touch-action:\" is not recognized and ignored.">]
Organize Load Sheet,1.6005759239196777,[#<Selenium::WebDriver::LogEntry:0x00007f8eb60d4868 @level="WARNING", @timestamp=1619807478405, @message="https://kappers.client-staging.deliverybizpro.com/admin/order_routes_products.php 7 The key \"touch-action:\" is not recognized and ignored.">, #<Selenium::WebDriver::LogEntry:0x00007f8eb60d4840 @level="WARNING", @timestamp=1619807478405, @message="https://kappers.client-staging.deliverybizpro.com/admin/order_routes_products.php 7 The key \"-ms-touch-action:\" is not recognized and ignored.">]
Print Route Sheets,1.6248891353607178,[#<Selenium::WebDriver::LogEntry:0x00007f8ec51c15a0 @level="WARNING", @timestamp=1619807487359, @message="https://kappers.client-staging.deliverybizpro.com/admin/driving_dir.php 7 The key \"touch-action:\" is not recognized and ignored.">, #<Selenium::WebDriver::LogEntry:0x00007f8ec51c1578 @level="WARNING", @timestamp=1619807487359, @message="https://kappers.client-staging.deliverybizpro.com/admin/driving_dir.php 7 The key \"-ms-touch-action:\" is not recognized and ignored.">, #<Selenium::WebDriver::LogEntry:0x00007f8ec51c1528 @level="WARNING", @timestamp=1619807487601, @message="https://kappers.client-staging.deliverybizpro.com/admin/driving_dir.php - [DOM] Found 2 elements with non-unique id #custom-range-input-multiple: (More info: https://goo.gl/9p2vKq) %o %o">, #<Selenium::WebDriver::LogEntry:0x00007f8ec51c1500 @level="WARNING", @timestamp=1619807487601, @message="https://kappers.client-staging.deliverybizpro.com/admin/driving_dir.php - [DOM] Found 2 elements with non-unique id #mult-route-id: (More info: https://goo.gl/9p2vKq) %o %o">]
Print Bag Labels,1.5745291709899902,[#<Selenium::WebDriver::LogEntry:0x00007f8ed06af1d8 @level="WARNING", @timestamp=1619807493282, @message="https://kappers.client-staging.deliverybizpro.com/admin/driving_dir.php?bag_label=1 7 The key \"touch-action:\" is not recognized and ignored.">, #<Selenium::WebDriver::LogEntry:0x00007f8ed06af1b0 @level="WARNING", @timestamp=1619807493282, @message="https://kappers.client-staging.deliverybizpro.com/admin/driving_dir.php?bag_label=1 7 The key \"-ms-touch-action:\" is not recognized and ignored.">, #<Selenium::WebDriver::LogEntry:0x00007f8ed06af188 @level="WARNING", @timestamp=1619807493437, @message="https://kappers.client-staging.deliverybizpro.com/admin/driving_dir.php?bag_label=1 - [DOM] Found 2 elements with non-unique id #custom-range-input-multiple: (More info: https://goo.gl/9p2vKq) %o %o">, #<Selenium::WebDriver::LogEntry:0x00007f8ed06af160 @level="WARNING", @timestamp=1619807493437, @message="https://kappers.client-staging.deliverybizpro.com/admin/driving_dir.php?bag_label=1 - [DOM] Found 2 elements with non-unique id #mult-route-id: (More info: https://goo.gl/9p2vKq) %o %o">]
Show Invalid Addresses,5.335787057876587,[#<Selenium::WebDriver::LogEntry:0x00007f8ec521cdb0 @level="WARNING", @timestamp=1619807502932, @message="https://kappers.client-staging.deliverybizpro.com/admin/users_invalid_zips.php 7 The key \"touch-action:\" is not recognized and ignored.">, #<Selenium::WebDriver::LogEntry:0x00007f8ec521cd88 @level="WARNING", @timestamp=1619807502932, @message="https://kappers.client-staging.deliverybizpro.com/admin/users_invalid_zips.php 7 The key \"-ms-touch-action:\" is not recognized and ignored.">]
Billing,1.0657529830932617,[]
Paper/Email Billing,1.5670061111450195,[#<Selenium::WebDriver::LogEntry:0x00007f8ec5257f78 @level="WARNING", @timestamp=1619807518008, @message="https://kappers.client-staging.deliverybizpro.com/admin/customer_billing.php 7 The key \"touch-action:\" is not recognized and ignored.">, #<Selenium::WebDriver::LogEntry:0x00007f8ec5257f50 @level="WARNING", @timestamp=1619807518008, @message="https://kappers.client-staging.deliverybizpro.com/admin/customer_billing.php 7 The key \"-ms-touch-action:\" is not recognized and ignored.">]
Electronic Billing,1.7072832584381104,[#<Selenium::WebDriver::LogEntry:0x00007f8eb58f45a8 @level="WARNING", @timestamp=1619807525824, @message="https://kappers.client-staging.deliverybizpro.com/admin/billing.php 7 The key \"touch-action:\" is not recognized and ignored.">, #<Selenium::WebDriver::LogEntry:0x00007f8eb58f4580 @level="WARNING", @timestamp=1619807525824, @message="https://kappers.client-staging.deliverybizpro.com/admin/billing.php 7 The key \"-ms-touch-action:\" is not recognized and ignored.">]
Mass Update Payments,1.6281719207763672,[#<Selenium::WebDriver::LogEntry:0x00007f8ec52647f0 @level="WARNING", @timestamp=1619807533817, @message="https://kappers.client-staging.deliverybizpro.com/admin/mass_update_payments.php 7 The key \"touch-action:\" is not recognized and ignored.">, #<Selenium::WebDriver::LogEntry:0x00007f8ec52647c8 @level="WARNING", @timestamp=1619807533818, @message="https://kappers.client-staging.deliverybizpro.com/admin/mass_update_payments.php 7 The key \"-ms-touch-action:\" is not recognized and ignored.">]
Mass Deposit Returns/Charges,1.5088720321655273,[#<Selenium::WebDriver::LogEntry:0x00007f8ec528cd40 @level="WARNING", @timestamp=1619807541724, @message="https://kappers.client-staging.deliverybizpro.com/admin/bottle_deposits.php 7 The key \"touch-action:\" is not recognized and ignored.">, #<Selenium::WebDriver::LogEntry:0x00007f8ec528cd18 @level="WARNING", @timestamp=1619807541724, @message="https://kappers.client-staging.deliverybizpro.com/admin/bottle_deposits.php 7 The key \"-ms-touch-action:\" is not recognized and ignored.">]
Global Invoice Notes,1.6344997882843018,[#<Selenium::WebDriver::LogEntry:0x00007f8eb6047f08 @level="WARNING", @timestamp=1619807549541, @message="https://kappers.client-staging.deliverybizpro.com/admin/global_notes.php 7 The key \"touch-action:\" is not recognized and ignored.">, #<Selenium::WebDriver::LogEntry:0x00007f8eb6047df0 @level="WARNING", @timestamp=1619807549541, @message="https://kappers.client-staging.deliverybizpro.com/admin/global_notes.php 7 The key \"-ms-touch-action:\" is not recognized and ignored.">, #<Selenium::WebDriver::LogEntry:0x00007f8eb6047760 @level="SEVERE", @timestamp=1619807550771, @message="https://kappers.client-staging.deliverybizpro.com/skin1/css/structure.css - Failed to load resource: the server responded with a status of 404 ()">]
View GC Purchase Log,1.4725370407104492,[#<Selenium::WebDriver::LogEntry:0x00007f8eb5105360 @level="WARNING", @timestamp=1619807557390, @message="https://kappers.client-staging.deliverybizpro.com/admin/giftcerts_purchase_log.php 7 The key \"touch-action:\" is not recognized and ignored.">, #<Selenium::WebDriver::LogEntry:0x00007f8eb51052c0 @level="WARNING", @timestamp=1619807557391, @message="https://kappers.client-staging.deliverybizpro.com/admin/giftcerts_purchase_log.php 7 The key \"-ms-touch-action:\" is not recognized and ignored.">]
Sales Reporting,1.0548009872436523,[]
Countdown Sales Report,1.6628358364105225,[#<Selenium::WebDriver::LogEntry:0x00007f8eb585ae80 @level="WARNING", @timestamp=1619807576472, @message="https://kappers.client-staging.deliverybizpro.com/admin/reports.php?report_type=countdown 7 The key \"touch-action:\" is not recognized and ignored.">, #<Selenium::WebDriver::LogEntry:0x00007f8eb585ae58 @level="WARNING", @timestamp=1619807576472, @message="https://kappers.client-staging.deliverybizpro.com/admin/reports.php?report_type=countdown 7 The key \"-ms-touch-action:\" is not recognized and ignored.">]
Cross-Selling Report,1.4976091384887695,[#<Selenium::WebDriver::LogEntry:0x00007f8ed05d4b50 @level="WARNING", @timestamp=1619807582377, @message="https://kappers.client-staging.deliverybizpro.com/admin/reports.php?report_type=cross_selling 7 The key \"touch-action:\" is not recognized and ignored.">, #<Selenium::WebDriver::LogEntry:0x00007f8ed05d4b00 @level="WARNING", @timestamp=1619807582377, @message="https://kappers.client-staging.deliverybizpro.com/admin/reports.php?report_type=cross_selling 7 The key \"-ms-touch-action:\" is not recognized and ignored.">]
Discount Coupon Report,1.4978621006011963,[#<Selenium::WebDriver::LogEntry:0x00007f8ed06254d8 @level="WARNING", @timestamp=1619807588149, @message="https://kappers.client-staging.deliverybizpro.com/admin/reports.php?report_type=discount_coupon 7 The key \"touch-action:\" is not recognized and ignored.">, #<Selenium::WebDriver::LogEntry:0x00007f8ed06254b0 @level="WARNING", @timestamp=1619807588149, @message="https://kappers.client-staging.deliverybizpro.com/admin/reports.php?report_type=discount_coupon 7 The key \"-ms-touch-action:\" is not recognized and ignored.">]
Manage Cross-Selling,1.441338062286377,[#<Selenium::WebDriver::LogEntry:0x00007f8ed0687610 @level="WARNING", @timestamp=1619807593859, @message="https://kappers.client-staging.deliverybizpro.com/admin/reports.php?report_type=upselling 7 The key \"touch-action:\" is not recognized and ignored.">, #<Selenium::WebDriver::LogEntry:0x00007f8ed06875e8 @level="WARNING", @timestamp=1619807593859, @message="https://kappers.client-staging.deliverybizpro.com/admin/reports.php?report_type=upselling 7 The key \"-ms-touch-action:\" is not recognized and ignored.">]
Ordered Products Reports,1.708251953125,[#<Selenium::WebDriver::LogEntry:0x00007f8ec51db6a8 @level="WARNING", @timestamp=1619807599578, @message="https://kappers.client-staging.deliverybizpro.com/admin/reports.php?report_type=product 7 The key \"touch-action:\" is not recognized and ignored.">, #<Selenium::WebDriver::LogEntry:0x00007f8ec51db680 @level="WARNING", @timestamp=1619807599578, @message="https://kappers.client-staging.deliverybizpro.com/admin/reports.php?report_type=product 7 The key \"-ms-touch-action:\" is not recognized and ignored.">]
Overall Sales,2.825923204421997,[#<Selenium::WebDriver::LogEntry:0x00007f8ed06d62d8 @level="WARNING", @timestamp=1619807606519, @message="https://kappers.client-staging.deliverybizpro.com/admin/reports.php?report_type=over_sales 7 The key \"touch-action:\" is not recognized and ignored.">, #<Selenium::WebDriver::LogEntry:0x00007f8ed06d62b0 @level="WARNING", @timestamp=1619807606521, @message="https://kappers.client-staging.deliverybizpro.com/admin/reports.php?report_type=over_sales 7 The key \"-ms-touch-action:\" is not recognized and ignored.">]
Sales By Route,1.7171740531921387,[#<Selenium::WebDriver::LogEntry:0x00007f8ec588f828 @level="WARNING", @timestamp=1619807612582, @message="https://kappers.client-staging.deliverybizpro.com/admin/reports.php?report_type=sales_by_route 7 The key \"touch-action:\" is not recognized and ignored.">, #<Selenium::WebDriver::LogEntry:0x00007f8ec588f800 @level="WARNING", @timestamp=1619807612582, @message="https://kappers.client-staging.deliverybizpro.com/admin/reports.php?report_type=sales_by_route 7 The key \"-ms-touch-action:\" is not recognized and ignored.">]
Financials Reporting,1.0563206672668457,[]
Average Order Report,1.5366320610046387,[#<Selenium::WebDriver::LogEntry:0x00007f8eb58e8910 @level="WARNING", @timestamp=1619807623828, @message="https://kappers.client-staging.deliverybizpro.com/admin/reports.php?report_type=average_order 7 The key \"touch-action:\" is not recognized and ignored.">, #<Selenium::WebDriver::LogEntry:0x00007f8eb58e88e8 @level="WARNING", @timestamp=1619807623828, @message="https://kappers.client-staging.deliverybizpro.com/admin/reports.php?report_type=average_order 7 The key \"-ms-touch-action:\" is not recognized and ignored.">]
Credits Report,1.4678900241851807,[#<Selenium::WebDriver::LogEntry:0x00007f8eb51e7f80 @level="WARNING", @timestamp=1619807629564, @message="https://kappers.client-staging.deliverybizpro.com/admin/reports.php?report_type=credits 7 The key \"touch-action:\" is not recognized and ignored.">, #<Selenium::WebDriver::LogEntry:0x00007f8eb51e7f58 @level="WARNING", @timestamp=1619807629564, @message="https://kappers.client-staging.deliverybizpro.com/admin/reports.php?report_type=credits 7 The key \"-ms-touch-action:\" is not recognized and ignored.">]
Effective Margin Report,1.4555437564849854,[#<Selenium::WebDriver::LogEntry:0x00007f8ec528f888 @level="WARNING", @timestamp=1619807635283, @message="https://kappers.client-staging.deliverybizpro.com/admin/reports.php?report_type=effective_margin 7 The key \"touch-action:\" is not recognized and ignored.">, #<Selenium::WebDriver::LogEntry:0x00007f8ec528f860 @level="WARNING", @timestamp=1619807635283, @message="https://kappers.client-staging.deliverybizpro.com/admin/reports.php?report_type=effective_margin 7 The key \"-ms-touch-action:\" is not recognized and ignored.">]
Financials Export,1.4708077907562256,[#<Selenium::WebDriver::LogEntry:0x00007f8ed03dd248 @level="WARNING", @timestamp=1619807640978, @message="https://kappers.client-staging.deliverybizpro.com/admin/reports.php?report_type=financials 7 The key \"touch-action:\" is not recognized and ignored.">, #<Selenium::WebDriver::LogEntry:0x00007f8ed03dce10 @level="WARNING", @timestamp=1619807640979, @message="https://kappers.client-staging.deliverybizpro.com/admin/reports.php?report_type=financials 7 The key \"-ms-touch-action:\" is not recognized and ignored.">]
No Payment Customers,1.6822659969329834,[#<Selenium::WebDriver::LogEntry:0x00007f8eb515ff18 @level="WARNING", @timestamp=1619807646861, @message="https://kappers.client-staging.deliverybizpro.com/admin/reports.php?report_type=not_paid 7 The key \"touch-action:\" is not recognized and ignored.">, #<Selenium::WebDriver::LogEntry:0x00007f8eb515fe78 @level="WARNING", @timestamp=1619807646861, @message="https://kappers.client-staging.deliverybizpro.com/admin/reports.php?report_type=not_paid 7 The key \"-ms-touch-action:\" is not recognized and ignored.">]
Past Due Customers,1.523953914642334,[#<Selenium::WebDriver::LogEntry:0x00007f8ed057dd78 @level="WARNING", @timestamp=1619807652653, @message="https://kappers.client-staging.deliverybizpro.com/admin/reports.php?report_type=due 7 The key \"touch-action:\" is not recognized and ignored.">, #<Selenium::WebDriver::LogEntry:0x00007f8ed057dd50 @level="WARNING", @timestamp=1619807652653, @message="https://kappers.client-staging.deliverybizpro.com/admin/reports.php?report_type=due 7 The key \"-ms-touch-action:\" is not recognized and ignored.">]
Payments On Review,1.6182582378387451,[#<Selenium::WebDriver::LogEntry:0x00007f8ed05afdf0 @level="WARNING", @timestamp=1619807658400, @message="https://kappers.client-staging.deliverybizpro.com/admin/reports.php?report_type=review_payments 7 The key \"touch-action:\" is not recognized and ignored.">, #<Selenium::WebDriver::LogEntry:0x00007f8ed05afdc8 @level="WARNING", @timestamp=1619807658400, @message="https://kappers.client-staging.deliverybizpro.com/admin/reports.php?report_type=review_payments 7 The key \"-ms-touch-action:\" is not recognized and ignored.">, #<Selenium::WebDriver::LogEntry:0x00007f8ed05afda0 @level="SEVERE", @timestamp=1619807658604, @message="https://kappers.client-staging.deliverybizpro.com/admin/skin1/admin/admin-modal.css - Failed to load resource: the server responded with a status of 404 ()">]
Payments Posted Report,1.5909512042999268,[#<Selenium::WebDriver::LogEntry:0x00007f8ed05f77e0 @level="WARNING", @timestamp=1619807664276, @message="https://kappers.client-staging.deliverybizpro.com/admin/reports.php?report_type=checks_posted 7 The key \"touch-action:\" is not recognized and ignored.">, #<Selenium::WebDriver::LogEntry:0x00007f8ed05f77b8 @level="WARNING", @timestamp=1619807664276, @message="https://kappers.client-staging.deliverybizpro.com/admin/reports.php?report_type=checks_posted 7 The key \"-ms-touch-action:\" is not recognized and ignored.">]
Profit Report,1.6846022605895996,[#<Selenium::WebDriver::LogEntry:0x00007f8ed063e320 @level="WARNING", @timestamp=1619807670080, @message="https://kappers.client-staging.deliverybizpro.com/admin/reports.php?report_type=profit 7 The key \"touch-action:\" is not recognized and ignored.">, #<Selenium::WebDriver::LogEntry:0x00007f8ed063e2f8 @level="WARNING", @timestamp=1619807670080, @message="https://kappers.client-staging.deliverybizpro.com/admin/reports.php?report_type=profit 7 The key \"-ms-touch-action:\" is not recognized and ignored.">]
Recent Payments Report,1.462294101715088,[#<Selenium::WebDriver::LogEntry:0x00007f8ec51c2298 @level="WARNING", @timestamp=1619807676025, @message="https://kappers.client-staging.deliverybizpro.com/admin/reports.php?report_type=delivery_payment 7 The key \"touch-action:\" is not recognized and ignored.">, #<Selenium::WebDriver::LogEntry:0x00007f8ec51c2270 @level="WARNING", @timestamp=1619807676025, @message="https://kappers.client-staging.deliverybizpro.com/admin/reports.php?report_type=delivery_payment 7 The key \"-ms-touch-action:\" is not recognized and ignored.">]
Show Currently Owed,1.8722798824310303,[#<Selenium::WebDriver::LogEntry:0x00007f8ed06afed0 @level="WARNING", @timestamp=1619807682032, @message="https://kappers.client-staging.deliverybizpro.com/admin/reports.php?report_type=owed 7 The key \"touch-action:\" is not recognized and ignored.">, #<Selenium::WebDriver::LogEntry:0x00007f8ed06afea8 @level="WARNING", @timestamp=1619807682032, @message="https://kappers.client-staging.deliverybizpro.com/admin/reports.php?report_type=owed 7 The key \"-ms-touch-action:\" is not recognized and ignored.">]
Taxes Report,1.5174241065979004,[#<Selenium::WebDriver::LogEntry:0x00007f8ec521e250 @level="WARNING", @timestamp=1619807687860, @message="https://kappers.client-staging.deliverybizpro.com/admin/reports.php?report_type=taxes 7 The key \"touch-action:\" is not recognized and ignored.">, #<Selenium::WebDriver::LogEntry:0x00007f8ec521e228 @level="WARNING", @timestamp=1619807687860, @message="https://kappers.client-staging.deliverybizpro.com/admin/reports.php?report_type=taxes 7 The key \"-ms-touch-action:\" is not recognized and ignored.">]
Product Reporting,1.0549139976501465,[]
Bagged Items Report,1.700390100479126,[#<Selenium::WebDriver::LogEntry:0x00007f8ec52419f8 @level="WARNING", @timestamp=1619807698918, @message="https://kappers.client-staging.deliverybizpro.com/admin/reports.php?report_type=bagged_items 7 The key \"touch-action:\" is not recognized and ignored.">, #<Selenium::WebDriver::LogEntry:0x00007f8ec52419d0 @level="WARNING", @timestamp=1619807698918, @message="https://kappers.client-staging.deliverybizpro.com/admin/reports.php?report_type=bagged_items 7 The key \"-ms-touch-action:\" is not recognized and ignored.">]
Customized Products,1.7500510215759277,[#<Selenium::WebDriver::LogEntry:0x00007f8eb58f5318 @level="WARNING", @timestamp=1619807704952, @message="https://kappers.client-staging.deliverybizpro.com/admin/reports.php?report_type=customized_products 7 The key \"touch-action:\" is not recognized and ignored.">, #<Selenium::WebDriver::LogEntry:0x00007f8eb58f52f0 @level="WARNING", @timestamp=1619807704952, @message="https://kappers.client-staging.deliverybizpro.com/admin/reports.php?report_type=customized_products 7 The key \"-ms-touch-action:\" is not recognized and ignored.">, #<Selenium::WebDriver::LogEntry:0x00007f8eb58f52c8 @level="SEVERE", @timestamp=1619807705171, @message="https://kappers.client-staging.deliverybizpro.com/admin/skin1/admin/admin-modal.css - Failed to load resource: the server responded with a status of 404 ()">]
Forecast,60.691044092178345,[#<Selenium::WebDriver::LogEntry:0x00007f8ed0730648 @level="WARNING", @timestamp=1619807830870, @message="https://kappers.client-staging.deliverybizpro.com/admin/reports.php?report_type=forecast 7 The key \"touch-action:\" is not recognized and ignored.">, #<Selenium::WebDriver::LogEntry:0x00007f8ed0730620 @level="WARNING", @timestamp=1619807830870, @message="https://kappers.client-staging.deliverybizpro.com/admin/reports.php?report_type=forecast 7 The key \"-ms-touch-action:\" is not recognized and ignored.">]
Inventory,2.2131779193878174,[#<Selenium::WebDriver::LogEntry:0x00007f8eb60fca20 @level="WARNING", @timestamp=1619807839221, @message="https://kappers.client-staging.deliverybizpro.com/admin/reports.php?report_type=inventory&hide_disabled_inventory=Y 7 The key \"touch-action:\" is not recognized and ignored.">, #<Selenium::WebDriver::LogEntry:0x00007f8eb60fc9f8 @level="WARNING", @timestamp=1619807839221, @message="https://kappers.client-staging.deliverybizpro.com/admin/reports.php?report_type=inventory&hide_disabled_inventory=Y 7 The key \"-ms-touch-action:\" is not recognized and ignored.">]
Product Reporting,1.0663750171661377,[]
Load Sheet Report,1.5028419494628906,[#<Selenium::WebDriver::LogEntry:0x00007f8eb512df68 @level="WARNING", @timestamp=1619807850560, @message="https://kappers.client-staging.deliverybizpro.com/admin/reports.php?report_type=load_sheet 7 The key \"touch-action:\" is not recognized and ignored.">, #<Selenium::WebDriver::LogEntry:0x00007f8eb512ddb0 @level="WARNING", @timestamp=1619807850560, @message="https://kappers.client-staging.deliverybizpro.com/admin/reports.php?report_type=load_sheet 7 The key \"-ms-touch-action:\" is not recognized and ignored.">]
Out Of Stock Report,1.6180131435394287,[#<Selenium::WebDriver::LogEntry:0x00007f8eb60ce0d0 @level="WARNING", @timestamp=1619807856327, @message="https://kappers.client-staging.deliverybizpro.com/admin/reports.php?report_type=out_of_stock 7 The key \"touch-action:\" is not recognized and ignored.">, #<Selenium::WebDriver::LogEntry:0x00007f8eb60ce0a8 @level="WARNING", @timestamp=1619807856327, @message="https://kappers.client-staging.deliverybizpro.com/admin/reports.php?report_type=out_of_stock 7 The key \"-ms-touch-action:\" is not recognized and ignored.">, #<Selenium::WebDriver::LogEntry:0x00007f8eb60ce080 @level="SEVERE", @timestamp=1619807856537, @message="https://kappers.client-staging.deliverybizpro.com/admin/skin1/admin/admin-modal.css - Failed to load resource: the server responded with a status of 404 ()">]
Customer Reporting,60.061636209487915,[]
Customer Count Report,2.568856716156006,[#<Selenium::WebDriver::LogEntry:0x00007f8ed05dd8b8 @level="WARNING", @timestamp=1619807993552, @message="https://kappers.client-staging.deliverybizpro.com/admin/reports.php?report_type=customer_count 7 The key \"touch-action:\" is not recognized and ignored.">, #<Selenium::WebDriver::LogEntry:0x00007f8ed05dd890 @level="WARNING", @timestamp=1619807993552, @message="https://kappers.client-staging.deliverybizpro.com/admin/reports.php?report_type=customer_count 7 The key \"-ms-touch-action:\" is not recognized and ignored.">]
Customer Orders Count,1.4966638088226318,[#<Selenium::WebDriver::LogEntry:0x00007f8ed062cad0 @level="WARNING", @timestamp=1619807999286, @message="https://kappers.client-staging.deliverybizpro.com/admin/reports.php?report_type=customer_orders 7 The key \"touch-action:\" is not recognized and ignored.">, #<Selenium::WebDriver::LogEntry:0x00007f8ed062caa8 @level="WARNING", @timestamp=1619807999286, @message="https://kappers.client-staging.deliverybizpro.com/admin/reports.php?report_type=customer_orders 7 The key \"-ms-touch-action:\" is not recognized and ignored.">]
Deposit Report,1.4971098899841309,[#<Selenium::WebDriver::LogEntry:0x00007f8ed068f720 @level="WARNING", @timestamp=1619808005032, @message="https://kappers.client-staging.deliverybizpro.com/admin/reports.php?report_type=bottle_deposit 7 The key \"touch-action:\" is not recognized and ignored.">, #<Selenium::WebDriver::LogEntry:0x00007f8ed068f6f8 @level="WARNING", @timestamp=1619808005032, @message="https://kappers.client-staging.deliverybizpro.com/admin/reports.php?report_type=bottle_deposit 7 The key \"-ms-touch-action:\" is not recognized and ignored.">]
Followup Report,1.595203161239624,[#<Selenium::WebDriver::LogEntry:0x00007f8ec51d87a0 @level="WARNING", @timestamp=1619808010745, @message="https://kappers.client-staging.deliverybizpro.com/admin/reports.php?report_type=followup 7 The key \"touch-action:\" is not recognized and ignored.">, #<Selenium::WebDriver::LogEntry:0x00007f8ec51d8778 @level="WARNING", @timestamp=1619808010745, @message="https://kappers.client-staging.deliverybizpro.com/admin/reports.php?report_type=followup 7 The key \"-ms-touch-action:\" is not recognized and ignored.">]
Friend Referral Report,1.4833028316497803,[#<Selenium::WebDriver::LogEntry:0x00007f8ec51fdcd0 @level="WARNING", @timestamp=1619808016551, @message="https://kappers.client-staging.deliverybizpro.com/admin/reports.php?report_type=refer_friend 7 The key \"touch-action:\" is not recognized and ignored.">, #<Selenium::WebDriver::LogEntry:0x00007f8ec51fdbe0 @level="WARNING", @timestamp=1619808016551, @message="https://kappers.client-staging.deliverybizpro.com/admin/reports.php?report_type=refer_friend 7 The key \"-ms-touch-action:\" is not recognized and ignored.">]
Minimum Order Report,1.4600589275360107,[#<Selenium::WebDriver::LogEntry:0x00007f8ec588c858 @level="WARNING", @timestamp=1619808022279, @message="https://kappers.client-staging.deliverybizpro.com/admin/reports.php?report_type=min_order_report 7 The key \"touch-action:\" is not recognized and ignored.">, #<Selenium::WebDriver::LogEntry:0x00007f8ec588c830 @level="WARNING", @timestamp=1619808022279, @message="https://kappers.client-staging.deliverybizpro.com/admin/reports.php?report_type=min_order_report 7 The key \"-ms-touch-action:\" is not recognized and ignored.">]
Negative Balances,1.6910130977630615,[#<Selenium::WebDriver::LogEntry:0x00007f8ec5257a78 @level="WARNING", @timestamp=1619808028199, @message="https://kappers.client-staging.deliverybizpro.com/admin/reports.php?report_type=balance 7 The key \"touch-action:\" is not recognized and ignored.">, #<Selenium::WebDriver::LogEntry:0x00007f8ec5257a50 @level="WARNING", @timestamp=1619808028199, @message="https://kappers.client-staging.deliverybizpro.com/admin/reports.php?report_type=balance 7 The key \"-ms-touch-action:\" is not recognized and ignored.">]
New Customers,1.5230579376220703,[#<Selenium::WebDriver::LogEntry:0x00007f8ec58bd750 @level="WARNING", @timestamp=1619808033942, @message="https://kappers.client-staging.deliverybizpro.com/admin/reports.php?report_type=new 7 The key \"touch-action:\" is not recognized and ignored.">, #<Selenium::WebDriver::LogEntry:0x00007f8ec58bd728 @level="WARNING", @timestamp=1619808033942, @message="https://kappers.client-staging.deliverybizpro.com/admin/reports.php?report_type=new 7 The key \"-ms-touch-action:\" is not recognized and ignored.">]
No Order Customers Report,1.53364896774292,[#<Selenium::WebDriver::LogEntry:0x00007f8eb51d98e0 @level="WARNING", @timestamp=1619808041786, @message="https://kappers.client-staging.deliverybizpro.com/admin/reports.php?report_type=no_orders 7 The key \"touch-action:\" is not recognized and ignored.">, #<Selenium::WebDriver::LogEntry:0x00007f8eb51d98b8 @level="WARNING", @timestamp=1619808041786, @message="https://kappers.client-staging.deliverybizpro.com/admin/reports.php?report_type=no_orders 7 The key \"-ms-touch-action:\" is not recognized and ignored.">]
No Payment Customers,1.593691110610962,[#<Selenium::WebDriver::LogEntry:0x00007f8ec52851f8 @level="WARNING", @timestamp=1619808047664, @message="https://kappers.client-staging.deliverybizpro.com/admin/reports.php?report_type=not_paid 7 The key \"touch-action:\" is not recognized and ignored.">, #<Selenium::WebDriver::LogEntry:0x00007f8ec52851d0 @level="WARNING", @timestamp=1619808047664, @message="https://kappers.client-staging.deliverybizpro.com/admin/reports.php?report_type=not_paid 7 The key \"-ms-touch-action:\" is not recognized and ignored.">]
Customer Reporting,1.0627801418304443,[]
On Hold Report,1.4872722625732422,[#<Selenium::WebDriver::LogEntry:0x00007f8ed0536630 @level="WARNING", @timestamp=1619808058713, @message="https://kappers.client-staging.deliverybizpro.com/admin/reports.php?report_type=on_hold 7 The key \"touch-action:\" is not recognized and ignored.">, #<Selenium::WebDriver::LogEntry:0x00007f8ed0536608 @level="WARNING", @timestamp=1619808058713, @message="https://kappers.client-staging.deliverybizpro.com/admin/reports.php?report_type=on_hold 7 The key \"-ms-touch-action:\" is not recognized and ignored.">]
Past Due Customers,1.5005028247833252,[#<Selenium::WebDriver::LogEntry:0x00007f8ed05667b8 @level="WARNING", @timestamp=1619808066464, @message="https://kappers.client-staging.deliverybizpro.com/admin/reports.php?report_type=due 7 The key \"touch-action:\" is not recognized and ignored.">, #<Selenium::WebDriver::LogEntry:0x00007f8ed0566790 @level="WARNING", @timestamp=1619808066464, @message="https://kappers.client-staging.deliverybizpro.com/admin/reports.php?report_type=due 7 The key \"-ms-touch-action:\" is not recognized and ignored.">]
Customer Reporting,1.0581350326538086,[]
Recurring Order Report,1.5318799018859863,[#<Selenium::WebDriver::LogEntry:0x00007f8eb585cd20 @level="WARNING", @timestamp=1619808077547, @message="https://kappers.client-staging.deliverybizpro.com/admin/reports.php?report_type=recurring_orders 7 The key \"touch-action:\" is not recognized and ignored.">, #<Selenium::WebDriver::LogEntry:0x00007f8eb585ccf8 @level="WARNING", @timestamp=1619808077547, @message="https://kappers.client-staging.deliverybizpro.com/admin/reports.php?report_type=recurring_orders 7 The key \"-ms-touch-action:\" is not recognized and ignored.">]
Retention Report,1.5419750213623047,[#<Selenium::WebDriver::LogEntry:0x00007f8ed0604ee0 @level="WARNING", @timestamp=1619808083348, @message="https://kappers.client-staging.deliverybizpro.com/admin/reports.php?report_type=customer_retention 7 The key \"touch-action:\" is not recognized and ignored.">, #<Selenium::WebDriver::LogEntry:0x00007f8ed0604eb8 @level="WARNING", @timestamp=1619808083348, @message="https://kappers.client-staging.deliverybizpro.com/admin/reports.php?report_type=customer_retention 7 The key \"-ms-touch-action:\" is not recognized and ignored.">]
Show Inactive Customers,1.457184076309204,[#<Selenium::WebDriver::LogEntry:0x00007f8ed0645260 @level="WARNING", @timestamp=1619808091128, @message="https://kappers.client-staging.deliverybizpro.com/admin/reports.php?report_type=inactive_customers 7 The key \"touch-action:\" is not recognized and ignored.">, #<Selenium::WebDriver::LogEntry:0x00007f8ed0645238 @level="WARNING", @timestamp=1619808091128, @message="https://kappers.client-staging.deliverybizpro.com/admin/reports.php?report_type=inactive_customers 7 The key \"-ms-touch-action:\" is not recognized and ignored.">]
Total Customers Report,60.50478911399841,[#<Selenium::WebDriver::LogEntry:0x00007f8eb60e9ba0 @level="WARNING", @timestamp=1619808216896, @message="https://kappers.client-staging.deliverybizpro.com/admin/reports.php?report_type=total_customers 7 The key \"touch-action:\" is not recognized and ignored.">, #<Selenium::WebDriver::LogEntry:0x00007f8eb60e9b78 @level="WARNING", @timestamp=1619808216896, @message="https://kappers.client-staging.deliverybizpro.com/admin/reports.php?report_type=total_customers 7 The key \"-ms-touch-action:\" is not recognized and ignored.">]
Vacation Report,1.4769001007080078,[#<Selenium::WebDriver::LogEntry:0x00007f8ec51e3470 @level="WARNING", @timestamp=1619808222603, @message="https://kappers.client-staging.deliverybizpro.com/admin/reports.php?report_type=vacation 7 The key \"touch-action:\" is not recognized and ignored.">, #<Selenium::WebDriver::LogEntry:0x00007f8ec51e3420 @level="WARNING", @timestamp=1619808222603, @message="https://kappers.client-staging.deliverybizpro.com/admin/reports.php?report_type=vacation 7 The key \"-ms-touch-action:\" is not recognized and ignored.">]
Misc. Reporting,1.0571331977844238,[]
Birthday Report,1.4887168407440186,[#<Selenium::WebDriver::LogEntry:0x00007f8ec5895bd8 @level="WARNING", @timestamp=1619808233564, @message="https://kappers.client-staging.deliverybizpro.com/admin/reports.php?report_type=birthday 7 The key \"touch-action:\" is not recognized and ignored.">, #<Selenium::WebDriver::LogEntry:0x00007f8ec5895bb0 @level="WARNING", @timestamp=1619808233565, @message="https://kappers.client-staging.deliverybizpro.com/admin/reports.php?report_type=birthday 7 The key \"-ms-touch-action:\" is not recognized and ignored.">]
Contact Us Report,1.72829270362854,[#<Selenium::WebDriver::LogEntry:0x00007f8ec5249e28 @level="WARNING", @timestamp=1619808241322, @message="https://kappers.client-staging.deliverybizpro.com/admin/reports.php?report_type=contact_us 7 The key \"touch-action:\" is not recognized and ignored.">, #<Selenium::WebDriver::LogEntry:0x00007f8ec5249e00 @level="WARNING", @timestamp=1619808241322, @message="https://kappers.client-staging.deliverybizpro.com/admin/reports.php?report_type=contact_us 7 The key \"-ms-touch-action:\" is not recognized and ignored.">]
Coupon Usage,1.4868474006652832,[#<Selenium::WebDriver::LogEntry:0x00007f8eb5901848 @level="WARNING", @timestamp=1619808247222, @message="https://kappers.client-staging.deliverybizpro.com/admin/reports.php?report_type=coupons 7 The key \"touch-action:\" is not recognized and ignored.">, #<Selenium::WebDriver::LogEntry:0x00007f8eb5901820 @level="WARNING", @timestamp=1619808247222, @message="https://kappers.client-staging.deliverybizpro.com/admin/reports.php?report_type=coupons 7 The key \"-ms-touch-action:\" is not recognized and ignored.">]
Missing Orders,60.72366905212402,[#<Selenium::WebDriver::LogEntry:0x00007f8ed073c920 @level="WARNING", @timestamp=1619808372973, @message="https://kappers.client-staging.deliverybizpro.com/admin/reports.php?report_type=missing_orders 7 The key \"touch-action:\" is not recognized and ignored.">, #<Selenium::WebDriver::LogEntry:0x00007f8ed073c8f8 @level="WARNING", @timestamp=1619808372973, @message="https://kappers.client-staging.deliverybizpro.com/admin/reports.php?report_type=missing_orders 7 The key \"-ms-touch-action:\" is not recognized and ignored.">, #<Selenium::WebDriver::LogEntry:0x00007f8ed073c8d0 @level="SEVERE", @timestamp=1619808373161, @message="https://kappers.client-staging.deliverybizpro.com/admin/skin1/admin/admin-modal.css - Failed to load resource: the server responded with a status of 404 ()">, #<Selenium::WebDriver::LogEntry:0x00007f8ed073c8a8 @level="SEVERE", @timestamp=1619808373269, @message="https://kappers.client-staging.deliverybizpro.com/admin/skin1/admin/admin-modal.css - Failed to load resource: the server responded with a status of 404 ()">]
Coupons,1.4616661071777344,[#<Selenium::WebDriver::LogEntry:0x00007f8ed00e5540 @level="WARNING", @timestamp=1619808385012, @message="https://kappers.client-staging.deliverybizpro.com/admin/discount_coupons.php 7 The key \"touch-action:\" is not recognized and ignored.">, #<Selenium::WebDriver::LogEntry:0x00007f8ed00e5518 @level="WARNING", @timestamp=1619808385012, @message="https://kappers.client-staging.deliverybizpro.com/admin/discount_coupons.php 7 The key \"-ms-touch-action:\" is not recognized and ignored.">, #<Selenium::WebDriver::LogEntry:0x00007f8ed00e4f78 @level="WARNING", @timestamp=1619808386134, @message="https://kappers.client-staging.deliverybizpro.com/admin/discount_coupons.php - [DOM] Found 2 elements with non-unique id #action_value: (More info: https://goo.gl/9p2vKq) %o %o">]
Coupon Events,1.490264892578125,[#<Selenium::WebDriver::LogEntry:0x00007f8ed0484930 @level="WARNING", @timestamp=1619808392772, @message="https://kappers.client-staging.deliverybizpro.com/admin/coupon_events.php 7 The key \"touch-action:\" is not recognized and ignored.">, #<Selenium::WebDriver::LogEntry:0x00007f8ed04847c8 @level="WARNING", @timestamp=1619808392772, @message="https://kappers.client-staging.deliverybizpro.com/admin/coupon_events.php 7 The key \"-ms-touch-action:\" is not recognized and ignored.">]
Countdown Products,1.4975450038909912,[#<Selenium::WebDriver::LogEntry:0x00007f8eb60c6d58 @level="WARNING", @timestamp=1619808400547, @message="https://kappers.client-staging.deliverybizpro.com/admin/reports.php?report_type=countdown_mgmt 7 The key \"touch-action:\" is not recognized and ignored.">, #<Selenium::WebDriver::LogEntry:0x00007f8eb60c6cb8 @level="WARNING", @timestamp=1619808400548, @message="https://kappers.client-staging.deliverybizpro.com/admin/reports.php?report_type=countdown_mgmt 7 The key \"-ms-touch-action:\" is not recognized and ignored.">]
Global Discounts,1.5214059352874756,[#<Selenium::WebDriver::LogEntry:0x00007f8ed058c0f8 @level="WARNING", @timestamp=1619808406312, @message="https://kappers.client-staging.deliverybizpro.com/provider/discounts.php 7 The key \"touch-action:\" is not recognized and ignored.">, #<Selenium::WebDriver::LogEntry:0x00007f8ed058c0d0 @level="WARNING", @timestamp=1619808406312, @message="https://kappers.client-staging.deliverybizpro.com/provider/discounts.php 7 The key \"-ms-touch-action:\" is not recognized and ignored.">]
Featured Products,1.5781669616699219,[#<Selenium::WebDriver::LogEntry:0x00007f8ed05b4378 @level="WARNING", @timestamp=1619808414086, @message="https://kappers.client-staging.deliverybizpro.com/admin/products?search_criteria=featured_product 7 The key \"touch-action:\" is not recognized and ignored.">, #<Selenium::WebDriver::LogEntry:0x00007f8ed05b4350 @level="WARNING", @timestamp=1619808414086, @message="https://kappers.client-staging.deliverybizpro.com/admin/products?search_criteria=featured_product 7 The key \"-ms-touch-action:\" is not recognized and ignored.">, #<Selenium::WebDriver::LogEntry:0x00007f8ed05b4328 @level="WARNING", @timestamp=1619808414280, @message="https://kappers.client-staging.deliverybizpro.com/admin/products?search_criteria=featured_product - [DOM] Found 2 elements with non-unique id #collapse-quantity: (More info: https://goo.gl/9p2vKq) %o %o">]
Sale Items,1.6034810543060303,[#<Selenium::WebDriver::LogEntry:0x00007f8ed05f5850 @level="WARNING", @timestamp=1619808421996, @message="https://kappers.client-staging.deliverybizpro.com/admin/products?search_criteria=sale_item 7 The key \"touch-action:\" is not recognized and ignored.">, #<Selenium::WebDriver::LogEntry:0x00007f8ed05f5828 @level="WARNING", @timestamp=1619808421996, @message="https://kappers.client-staging.deliverybizpro.com/admin/products?search_criteria=sale_item 7 The key \"-ms-touch-action:\" is not recognized and ignored.">, #<Selenium::WebDriver::LogEntry:0x00007f8ed05f5800 @level="WARNING", @timestamp=1619808422177, @message="https://kappers.client-staging.deliverybizpro.com/admin/products?search_criteria=sale_item - [DOM] Found 2 elements with non-unique id #collapse-quantity: (More info: https://goo.gl/9p2vKq) %o %o">]
Manage Cross-Selling,1.4444799423217773,[#<Selenium::WebDriver::LogEntry:0x00007f8eb51b6048 @level="WARNING", @timestamp=1619808429867, @message="https://kappers.client-staging.deliverybizpro.com/admin/reports.php?report_type=upselling 7 The key \"touch-action:\" is not recognized and ignored.">, #<Selenium::WebDriver::LogEntry:0x00007f8eb51b6020 @level="WARNING", @timestamp=1619808429871, @message="https://kappers.client-staging.deliverybizpro.com/admin/reports.php?report_type=upselling 7 The key \"-ms-touch-action:\" is not recognized and ignored.">]
First Time Order Specials,1.5445377826690674,[#<Selenium::WebDriver::LogEntry:0x00007f8ed0695e18 @level="WARNING", @timestamp=1619808435579, @message="https://kappers.client-staging.deliverybizpro.com/admin/products?search_criteria=first_time_order 7 The key \"touch-action:\" is not recognized and ignored.">, #<Selenium::WebDriver::LogEntry:0x00007f8ed0695df0 @level="WARNING", @timestamp=1619808435579, @message="https://kappers.client-staging.deliverybizpro.com/admin/products?search_criteria=first_time_order 7 The key \"-ms-touch-action:\" is not recognized and ignored.">, #<Selenium::WebDriver::LogEntry:0x00007f8ed0695dc8 @level="WARNING", @timestamp=1619808435720, @message="https://kappers.client-staging.deliverybizpro.com/admin/products?search_criteria=first_time_order - [DOM] Found 2 elements with non-unique id #collapse-quantity: (More info: https://goo.gl/9p2vKq) %o %o">]
Search Orders,1.804602861404419,[#<Selenium::WebDriver::LogEntry:0x00007f8ed069fd78 @level="WARNING", @timestamp=1619808443495, @message="https://kappers.client-staging.deliverybizpro.com/admin/orders.php 7 The key \"touch-action:\" is not recognized and ignored.">, #<Selenium::WebDriver::LogEntry:0x00007f8ed069fd50 @level="WARNING", @timestamp=1619808443495, @message="https://kappers.client-staging.deliverybizpro.com/admin/orders.php 7 The key \"-ms-touch-action:\" is not recognized and ignored.">]
This Week's Orders,2.045233964920044,[#<Selenium::WebDriver::LogEntry:0x00007f8ec52072a8 @level="WARNING", @timestamp=1619808455810, @message="https://kappers.client-staging.deliverybizpro.com/admin/orders.php?mode=search 7 The key \"touch-action:\" is not recognized and ignored.">, #<Selenium::WebDriver::LogEntry:0x00007f8ec5207280 @level="WARNING", @timestamp=1619808455810, @message="https://kappers.client-staging.deliverybizpro.com/admin/orders.php?mode=search 7 The key \"-ms-touch-action:\" is not recognized and ignored.">]
Next Week's Orders,2.0449609756469727,[#<Selenium::WebDriver::LogEntry:0x00007f8ec58844c8 @level="WARNING", @timestamp=1619808464142, @message="https://kappers.client-staging.deliverybizpro.com/admin/orders.php?mode=search 7 The key \"touch-action:\" is not recognized and ignored.">, #<Selenium::WebDriver::LogEntry:0x00007f8ec58844a0 @level="WARNING", @timestamp=1619808464142, @message="https://kappers.client-staging.deliverybizpro.com/admin/orders.php?mode=search 7 The key \"-ms-touch-action:\" is not recognized and ignored.">]
Create Purchase Order,1.8724100589752197,[#<Selenium::WebDriver::LogEntry:0x00007f8ec5243d70 @level="WARNING", @timestamp=1619808472170, @message="https://kappers.client-staging.deliverybizpro.com/admin/router.php#/adv-purchase-order/create 7 The key \"touch-action:\" is not recognized and ignored.">, #<Selenium::WebDriver::LogEntry:0x00007f8ec5243d48 @level="WARNING", @timestamp=1619808472170, @message="https://kappers.client-staging.deliverybizpro.com/admin/router.php#/adv-purchase-order/create 7 The key \"-ms-touch-action:\" is not recognized and ignored.">]
View Purchase Orders,1.0703232288360596,[]
Autoresponders,1.5506229400634766,[#<Selenium::WebDriver::LogEntry:0x00007f8eb51d8aa8 @level="WARNING", @timestamp=1619808487752, @message="https://kappers.client-staging.deliverybizpro.com/admin/news.php?mode=messages&targetlist=2 7 The key \"touch-action:\" is not recognized and ignored.">, #<Selenium::WebDriver::LogEntry:0x00007f8eb51d8a80 @level="WARNING", @timestamp=1619808487752, @message="https://kappers.client-staging.deliverybizpro.com/admin/news.php?mode=messages&targetlist=2 7 The key \"-ms-touch-action:\" is not recognized and ignored.">]
General News List,1.5786161422729492,[#<Selenium::WebDriver::LogEntry:0x00007f8eb51f0fe0 @level="WARNING", @timestamp=1619808495523, @message="https://kappers.client-staging.deliverybizpro.com/admin/router.php#/newsletters-list/3 7 The key \"touch-action:\" is not recognized and ignored.">, #<Selenium::WebDriver::LogEntry:0x00007f8eb51f0fb8 @level="WARNING", @timestamp=1619808495523, @message="https://kappers.client-staging.deliverybizpro.com/admin/router.php#/newsletters-list/3 7 The key \"-ms-touch-action:\" is not recognized and ignored.">]
Unsubscribers,1.5988218784332275,[#<Selenium::WebDriver::LogEntry:0x00007f8ed03e5d08 @level="WARNING", @timestamp=1619808511524, @message="https://kappers.client-staging.deliverybizpro.com/admin/unsubscribers 7 The key \"touch-action:\" is not recognized and ignored.">, #<Selenium::WebDriver::LogEntry:0x00007f8ed03e5c40 @level="WARNING", @timestamp=1619808511524, @message="https://kappers.client-staging.deliverybizpro.com/admin/unsubscribers 7 The key \"-ms-touch-action:\" is not recognized and ignored.">]
Edit Static Pages,1.4923791885375977,[#<Selenium::WebDriver::LogEntry:0x00007f8eb51251d8 @level="WARNING", @timestamp=1619808519331, @message="https://kappers.client-staging.deliverybizpro.com/admin/pages.php 7 The key \"touch-action:\" is not recognized and ignored.">, #<Selenium::WebDriver::LogEntry:0x00007f8eb5125160 @level="WARNING", @timestamp=1619808519331, @message="https://kappers.client-staging.deliverybizpro.com/admin/pages.php 7 The key \"-ms-touch-action:\" is not recognized and ignored.">]
Manage Files,2.0688209533691406,[#<Selenium::WebDriver::LogEntry:0x00007f8ec5834810 @level="WARNING", @timestamp=1619808527116, @message="https://kappers.client-staging.deliverybizpro.com/admin/files.php 7 The key \"touch-action:\" is not recognized and ignored.">, #<Selenium::WebDriver::LogEntry:0x00007f8ec58347e8 @level="WARNING", @timestamp=1619808527116, @message="https://kappers.client-staging.deliverybizpro.com/admin/files.php 7 The key \"-ms-touch-action:\" is not recognized and ignored.">]
301 Redirects,1.4938828945159912,[#<Selenium::WebDriver::LogEntry:0x00007f8eb587f500 @level="WARNING", @timestamp=1619808539560, @message="https://kappers.client-staging.deliverybizpro.com/admin/redirects 7 The key \"touch-action:\" is not recognized and ignored.">, #<Selenium::WebDriver::LogEntry:0x00007f8eb587f4d8 @level="WARNING", @timestamp=1619808539560, @message="https://kappers.client-staging.deliverybizpro.com/admin/redirects 7 The key \"-ms-touch-action:\" is not recognized and ignored.">]
FAQ,1.4993867874145508,[#<Selenium::WebDriver::LogEntry:0x00007f8ed05d6d38 @level="WARNING", @timestamp=1619808547313, @message="https://kappers.client-staging.deliverybizpro.com/admin/faq 7 The key \"touch-action:\" is not recognized and ignored.">, #<Selenium::WebDriver::LogEntry:0x00007f8ed05d6d10 @level="WARNING", @timestamp=1619808547313, @message="https://kappers.client-staging.deliverybizpro.com/admin/faq 7 The key \"-ms-touch-action:\" is not recognized and ignored.">]
Company Settings,2.2393219470977783,[#<Selenium::WebDriver::LogEntry:0x00007f8ec51b4030 @level="WARNING", @timestamp=1619808555106, @message="https://kappers.client-staging.deliverybizpro.com/admin/company.php 7 The key \"touch-action:\" is not recognized and ignored.">, #<Selenium::WebDriver::LogEntry:0x00007f8eb60d7f90 @level="WARNING", @timestamp=1619808555106, @message="https://kappers.client-staging.deliverybizpro.com/admin/company.php 7 The key \"-ms-touch-action:\" is not recognized and ignored.">, #<Selenium::WebDriver::LogEntry:0x00007f8eb60d7f68 @level="SEVERE", @timestamp=1619808555941, @message="https://kappers.client-staging.deliverybizpro.com/skin1/css/structure.css - Failed to load resource: the server responded with a status of 404 ()">, #<Selenium::WebDriver::LogEntry:0x00007f8eb60d7f40 @level="SEVERE", @timestamp=1619808556973, @message="https://kappers.client-staging.deliverybizpro.com/skin1/css/structure.css - Failed to load resource: the server responded with a status of 404 ()">, #<Selenium::WebDriver::LogEntry:0x00007f8eb60d7f18 @level="SEVERE", @timestamp=1619808556973, @message="https://kappers.client-staging.deliverybizpro.com/skin1/css/structure.css - Failed to load resource: the server responded with a status of 404 ()">, #<Selenium::WebDriver::LogEntry:0x00007f8eb60d7ef0 @level="SEVERE", @timestamp=1619808556973, @message="https://kappers.client-staging.deliverybizpro.com/skin1/css/structure.css - Failed to load resource: the server responded with a status of 404 ()">, #<Selenium::WebDriver::LogEntry:0x00007f8eb60d7ec8 @level="SEVERE", @timestamp=1619808556973, @message="https://kappers.client-staging.deliverybizpro.com/skin1/css/structure.css - Failed to load resource: the server responded with a status of 404 ()">, #<Selenium::WebDriver::LogEntry:0x00007f8eb60d7ea0 @level="SEVERE", @timestamp=1619808556973, @message="https://kappers.client-staging.deliverybizpro.com/skin1/css/structure.css - Failed to load resource: the server responded with a status of 404 ()">]
States/Counties,1.5806028842926025,[#<Selenium::WebDriver::LogEntry:0x00007f8ed066f498 @level="WARNING", @timestamp=1619808560447, @message="https://maps.googleapis.com/maps-api-v3/api/js/44/12/util.js 227:26 \"Google Maps JavaScript API warning: NoApiKeys https://developers.google.com/maps/documentation/javascript/error-messages#no-api-keys\"">, #<Selenium::WebDriver::LogEntry:0x00007f8ed066f470 @level="WARNING", @timestamp=1619808560447, @message="https://maps.googleapis.com/maps-api-v3/api/js/44/12/util.js 227:26 \"Google Maps JavaScript API warning: InvalidKey https://developers.google.com/maps/documentation/javascript/error-messages#invalid-key\"">, #<Selenium::WebDriver::LogEntry:0x00007f8ed066f448 @level="WARNING", @timestamp=1619808563649, @message="https://kappers.client-staging.deliverybizpro.com/admin/states.php 7 The key \"touch-action:\" is not recognized and ignored.">, #<Selenium::WebDriver::LogEntry:0x00007f8ed066f420 @level="WARNING", @timestamp=1619808563649, @message="https://kappers.client-staging.deliverybizpro.com/admin/states.php 7 The key \"-ms-touch-action:\" is not recognized and ignored.">]
Taxes,1.0616366863250732,[]
Taxing Zones,1.4720208644866943,[#<Selenium::WebDriver::LogEntry:0x00007f8ed06be110 @level="WARNING", @timestamp=1619808578890, @message="https://kappers.client-staging.deliverybizpro.com/admin/zones.php 7 The key \"touch-action:\" is not recognized and ignored.">, #<Selenium::WebDriver::LogEntry:0x00007f8ed06be0e8 @level="WARNING", @timestamp=1619808578890, @message="https://kappers.client-staging.deliverybizpro.com/admin/zones.php 7 The key \"-ms-touch-action:\" is not recognized and ignored.">]
Taxing System,1.4598362445831299,[#<Selenium::WebDriver::LogEntry:0x00007f8ec5853030 @level="WARNING", @timestamp=1619808586650, @message="https://kappers.client-staging.deliverybizpro.com/admin/taxes.php 7 The key \"touch-action:\" is not recognized and ignored.">, #<Selenium::WebDriver::LogEntry:0x00007f8ec5852fe0 @level="WARNING", @timestamp=1619808586650, @message="https://kappers.client-staging.deliverybizpro.com/admin/taxes.php 7 The key \"-ms-touch-action:\" is not recognized and ignored.">]
Minimum Orders Settings,2.52032208442688,[#<Selenium::WebDriver::LogEntry:0x00007f8ec58abb90 @level="WARNING", @timestamp=1619808595377, @message="https://kappers.client-staging.deliverybizpro.com/admin/min_orders_settings.php 7 The key \"touch-action:\" is not recognized and ignored.">, #<Selenium::WebDriver::LogEntry:0x00007f8ec58abb68 @level="WARNING", @timestamp=1619808595377, @message="https://kappers.client-staging.deliverybizpro.com/admin/min_orders_settings.php 7 The key \"-ms-touch-action:\" is not recognized and ignored.">]
Zip Codes,1.4861812591552734,[#<Selenium::WebDriver::LogEntry:0x00007f8eb58cc008 @level="WARNING", @timestamp=1619808603217, @message="https://kappers.client-staging.deliverybizpro.com/admin/zip_codes.php 7 The key \"touch-action:\" is not recognized and ignored.">, #<Selenium::WebDriver::LogEntry:0x00007f8eb58d7f98 @level="WARNING", @timestamp=1619808603217, @message="https://kappers.client-staging.deliverybizpro.com/admin/zip_codes.php 7 The key \"-ms-touch-action:\" is not recognized and ignored.">, #<Selenium::WebDriver::LogEntry:0x00007f8eb58d7f70 @level="WARNING", @timestamp=1619808603326, @message="https://kappers.client-staging.deliverybizpro.com/admin/zip_codes.php - [DOM] Found 2 elements with non-unique id #zip_delivery_type: (More info: https://goo.gl/9p2vKq) %o %o">]
Fees,1.0590040683746338,[]
App Settings,1.6855978965759277,[#<Selenium::WebDriver::LogEntry:0x00007f8ed0730b20 @level="WARNING", @timestamp=1619808618406, @message="https://kappers.client-staging.deliverybizpro.com/admin/driver_app.php 7 The key \"touch-action:\" is not recognized and ignored.">, #<Selenium::WebDriver::LogEntry:0x00007f8ed0730af8 @level="WARNING", @timestamp=1619808618406, @message="https://kappers.client-staging.deliverybizpro.com/admin/driver_app.php 7 The key \"-ms-touch-action:\" is not recognized and ignored.">]
Driver Log Report,1.5817790031433105,[#<Selenium::WebDriver::LogEntry:0x00007f8eb60fd0b0 @level="WARNING", @timestamp=1619808626333, @message="https://kappers.client-staging.deliverybizpro.com/admin/router.php?r=driver-log#/driver-log/ 7 The key \"touch-action:\" is not recognized and ignored.">, #<Selenium::WebDriver::LogEntry:0x00007f8eb60fd088 @level="WARNING", @timestamp=1619808626333, @message="https://kappers.client-staging.deliverybizpro.com/admin/router.php?r=driver-log#/driver-log/ 7 The key \"-ms-touch-action:\" is not recognized and ignored.">]
Settings,1.05967116355896,[]
Store Locations,1.7828242778778076,[#<Selenium::WebDriver::LogEntry:0x00007f8eb51679e8 @level="WARNING", @timestamp=1619808641577, @message="https://kappers.client-staging.deliverybizpro.com/admin/stores.php 7 The key \"touch-action:\" is not recognized and ignored.">, #<Selenium::WebDriver::LogEntry:0x00007f8eb51678d0 @level="WARNING", @timestamp=1619808641577, @message="https://kappers.client-staging.deliverybizpro.com/admin/stores.php 7 The key \"-ms-touch-action:\" is not recognized and ignored.">]
DBP Settings,1.7561957836151123,[#<Selenium::WebDriver::LogEntry:0x00007f8eb60cf250 @level="WARNING", @timestamp=1619808649696, @message="https://kappers.client-staging.deliverybizpro.com/admin/dbp_settings.php 7 The key \"touch-action:\" is not recognized and ignored.">, #<Selenium::WebDriver::LogEntry:0x00007f8eb60cf228 @level="WARNING", @timestamp=1619808649696, @message="https://kappers.client-staging.deliverybizpro.com/admin/dbp_settings.php 7 The key \"-ms-touch-action:\" is not recognized and ignored.">]
DBP Billing,1.7442967891693115,[#<Selenium::WebDriver::LogEntry:0x00007f8eb58587c0 @level="WARNING", @timestamp=1619808657907, @message="https://kappers.client-staging.deliverybizpro.com/admin/dbp_billing.php 7 The key \"touch-action:\" is not recognized and ignored.">, #<Selenium::WebDriver::LogEntry:0x00007f8eb5858798 @level="WARNING", @timestamp=1619808657907, @message="https://kappers.client-staging.deliverybizpro.com/admin/dbp_billing.php 7 The key \"-ms-touch-action:\" is not recognized and ignored.">]
Countries,1.4815630912780762,[#<Selenium::WebDriver::LogEntry:0x00007f8ed05d7990 @level="WARNING", @timestamp=1619808665767, @message="https://kappers.client-staging.deliverybizpro.com/admin/countries.php 7 The key \"touch-action:\" is not recognized and ignored.">, #<Selenium::WebDriver::LogEntry:0x00007f8ed05d7968 @level="WARNING", @timestamp=1619808665767, @message="https://kappers.client-staging.deliverybizpro.com/admin/countries.php 7 The key \"-ms-touch-action:\" is not recognized and ignored.">]
States,1.5485100746154785,[#<Selenium::WebDriver::LogEntry:0x00007f8ec51b5548 @level="WARNING", @timestamp=1619808673533, @message="https://kappers.client-staging.deliverybizpro.com/admin/states.php 7 The key \"touch-action:\" is not recognized and ignored.">, #<Selenium::WebDriver::LogEntry:0x00007f8ec51b5520 @level="WARNING", @timestamp=1619808673533, @message="https://kappers.client-staging.deliverybizpro.com/admin/states.php 7 The key \"-ms-touch-action:\" is not recognized and ignored.">]
Settings,1.0558457374572754,[]
Export/Import Cities,1.4623832702636719,[#<Selenium::WebDriver::LogEntry:0x00007f8eb58addb0 @level="WARNING", @timestamp=1619808688712, @message="https://kappers.client-staging.deliverybizpro.com/admin/cities_export_import.php 7 The key \"touch-action:\" is not recognized and ignored.">, #<Selenium::WebDriver::LogEntry:0x00007f8eb58add88 @level="WARNING", @timestamp=1619808688712, @message="https://kappers.client-staging.deliverybizpro.com/admin/cities_export_import.php 7 The key \"-ms-touch-action:\" is not recognized and ignored.">]
Summary,1.4638409614562988,[#<Selenium::WebDriver::LogEntry:0x00007f8ed06bff38 @level="WARNING", @timestamp=1619808696479, @message="https://kappers.client-staging.deliverybizpro.com/admin/general.php 7 The key \"touch-action:\" is not recognized and ignored.">, #<Selenium::WebDriver::LogEntry:0x00007f8ed06bff10 @level="WARNING", @timestamp=1619808696479, @message="https://kappers.client-staging.deliverybizpro.com/admin/general.php 7 The key \"-ms-touch-action:\" is not recognized and ignored.">]
Credit card types,1.4617421627044678,[#<Selenium::WebDriver::LogEntry:0x00007f8ec522d660 @level="WARNING", @timestamp=1619808704227, @message="https://kappers.client-staging.deliverybizpro.com/admin/card_types.php 7 The key \"touch-action:\" is not recognized and ignored.">, #<Selenium::WebDriver::LogEntry:0x00007f8ec522d638 @level="WARNING", @timestamp=1619808704227, @message="https://kappers.client-staging.deliverybizpro.com/admin/card_types.php 7 The key \"-ms-touch-action:\" is not recognized and ignored.">]
General Settings,1.8008480072021484,[#<Selenium::WebDriver::LogEntry:0x00007f8eb51bd9b0 @level="WARNING", @timestamp=1619808712026, @message="https://kappers.client-staging.deliverybizpro.com/admin/configuration 7 The key \"touch-action:\" is not recognized and ignored.">, #<Selenium::WebDriver::LogEntry:0x00007f8eb51bd988 @level="WARNING", @timestamp=1619808712026, @message="https://kappers.client-staging.deliverybizpro.com/admin/configuration 7 The key \"-ms-touch-action:\" is not recognized and ignored.">]
Languages,1.583075761795044,[#<Selenium::WebDriver::LogEntry:0x00007f8eb58cdde0 @level="WARNING", @timestamp=1619808720113, @message="https://kappers.client-staging.deliverybizpro.com/admin/languages.php 7 The key \"touch-action:\" is not recognized and ignored.">, #<Selenium::WebDriver::LogEntry:0x00007f8eb58cddb8 @level="WARNING", @timestamp=1619808720113, @message="https://kappers.client-staging.deliverybizpro.com/admin/languages.php 7 The key \"-ms-touch-action:\" is not recognized and ignored.">, #<Selenium::WebDriver::LogEntry:0x00007f8eb58cdd90 @level="SEVERE", @timestamp=1619808720236, @message="https://kappers.client-staging.deliverybizpro.com/tinymce/tiny_mce.js - Failed to load resource: the server responded with a status of 404 ()">]
Modules,2.2646799087524414,[#<Selenium::WebDriver::LogEntry:0x00007f8eb590a2e0 @level="WARNING", @timestamp=1619808728093, @message="https://kappers.client-staging.deliverybizpro.com/admin/modules.php 7 The key \"touch-action:\" is not recognized and ignored.">, #<Selenium::WebDriver::LogEntry:0x00007f8eb590a2b8 @level="WARNING", @timestamp=1619808728093, @message="https://kappers.client-staging.deliverybizpro.com/admin/modules.php 7 The key \"-ms-touch-action:\" is not recognized and ignored.">]
Payment Methods,2.1107866764068604,[#<Selenium::WebDriver::LogEntry:0x00007f8ed0732448 @level="WARNING", @timestamp=1619808736661, @message="https://kappers.client-staging.deliverybizpro.com/admin/payment_methods.php 7 The key \"touch-action:\" is not recognized and ignored.">, #<Selenium::WebDriver::LogEntry:0x00007f8ed0732420 @level="WARNING", @timestamp=1619808736661, @message="https://kappers.client-staging.deliverybizpro.com/admin/payment_methods.php 7 The key \"-ms-touch-action:\" is not recognized and ignored.">]
Clear templates cache,2.004041910171509,[#<Selenium::WebDriver::LogEntry:0x00007f8eb60fe988 @level="WARNING", @timestamp=1619808745397, @message="https://kappers.client-staging.deliverybizpro.com/admin/general.php 7 The key \"touch-action:\" is not recognized and ignored.">, #<Selenium::WebDriver::LogEntry:0x00007f8eb60fe960 @level="WARNING", @timestamp=1619808745397, @message="https://kappers.client-staging.deliverybizpro.com/admin/general.php 7 The key \"-ms-touch-action:\" is not recognized and ignored.">]
System Logs,1.056854009628296,[]
DBP Overview,1.5018792152404785,[#<Selenium::WebDriver::LogEntry:0x00007f8eb5157408 @level="WARNING", @timestamp=1619808760549, @message="https://kappers.client-staging.deliverybizpro.com/admin/dbp_overview.php 7 The key \"touch-action:\" is not recognized and ignored.">, #<Selenium::WebDriver::LogEntry:0x00007f8eb5157390 @level="WARNING", @timestamp=1619808760549, @message="https://kappers.client-staging.deliverybizpro.com/admin/dbp_overview.php 7 The key \"-ms-touch-action:\" is not recognized and ignored.">]
Inventory,1.452892780303955,[#<Selenium::WebDriver::LogEntry:0x00007f8eb517c4b0 @level="WARNING", @timestamp=1619808768294, @message="https://kappers.client-staging.deliverybizpro.com/admin/log_inventory.php 7 The key \"touch-action:\" is not recognized and ignored.">, #<Selenium::WebDriver::LogEntry:0x00007f8eb517c488 @level="WARNING", @timestamp=1619808768294, @message="https://kappers.client-staging.deliverybizpro.com/admin/log_inventory.php 7 The key \"-ms-touch-action:\" is not recognized and ignored.">]
Tasks,1.6057178974151611,[#<Selenium::WebDriver::LogEntry:0x00007f8eb5859b20 @level="WARNING", @timestamp=1619808776014, @message="https://kappers.client-staging.deliverybizpro.com/admin/router.php?r=bt-console#/bt-console 7 The key \"touch-action:\" is not recognized and ignored.">, #<Selenium::WebDriver::LogEntry:0x00007f8eb5859af8 @level="WARNING", @timestamp=1619808776014, @message="https://kappers.client-staging.deliverybizpro.com/admin/router.php?r=bt-console#/bt-console 7 The key \"-ms-touch-action:\" is not recognized and ignored.">]
Periodic tasks,4.086457967758179,[#<Selenium::WebDriver::LogEntry:0x00007f8ed05ccea0 @level="WARNING", @timestamp=1619808786455, @message="https://kappers.client-staging.deliverybizpro.com/admin/periodicTasks 7 The key \"touch-action:\" is not recognized and ignored.">, #<Selenium::WebDriver::LogEntry:0x00007f8ed05cce78 @level="WARNING", @timestamp=1619808786455, @message="https://kappers.client-staging.deliverybizpro.com/admin/periodicTasks 7 The key \"-ms-touch-action:\" is not recognized and ignored.">]
