Dashboard,1.9318089485168457,[#<Selenium::WebDriver::LogEntry:0x00007ff01e3a0eb0 @level="WARNING", @timestamp=1619645982030, @message="https://fromthefarmer.client-staging.deliverybizpro.com/admin/login 7 The key \"touch-action:\" is not recognized and ignored.">, #<Selenium::WebDriver::LogEntry:0x00007ff01e3a0e88 @level="WARNING", @timestamp=1619645982030, @message="https://fromthefarmer.client-staging.deliverybizpro.com/admin/login 7 The key \"-ms-touch-action:\" is not recognized and ignored.">, #<Selenium::WebDriver::LogEntry:0x00007ff01e3a0e60 @level="WARNING", @timestamp=1619645990461, @message="https://fromthefarmer.client-staging.deliverybizpro.com/admin/home.php 7 The key \"touch-action:\" is not recognized and ignored.">, #<Selenium::WebDriver::LogEntry:0x00007ff01e3a0e38 @level="WARNING", @timestamp=1619645990466, @message="https://fromthefarmer.client-staging.deliverybizpro.com/admin/home.php 7 The key \"-ms-touch-action:\" is not recognized and ignored.">, #<Selenium::WebDriver::LogEntry:0x00007ff01e3a0e10 @level="WARNING", @timestamp=1619645993081, @message="https://fromthefarmer.client-staging.deliverybizpro.com/admin/home.php 7 The key \"touch-action:\" is not recognized and ignored.">, #<Selenium::WebDriver::LogEntry:0x00007ff01e3a0de8 @level="WARNING", @timestamp=1619645993081, @message="https://fromthefarmer.client-staging.deliverybizpro.com/admin/home.php 7 The key \"-ms-touch-action:\" is not recognized and ignored.">]
Customers,1.0619137287139893,[]
Search for Customers,2.200044631958008,[#<Selenium::WebDriver::LogEntry:0x00007fefed1e4440 @level="WARNING", @timestamp=1619646014337, @message="https://fromthefarmer.client-staging.deliverybizpro.com/admin/users.php?mode=search&usertype=C&refresh=1&sort=last_login&sort_direction=1 14 The key \"touch-action:\" is not recognized and ignored.">, #<Selenium::WebDriver::LogEntry:0x00007fefed1e4288 @level="WARNING", @timestamp=1619646014337, @message="https://fromthefarmer.client-staging.deliverybizpro.com/admin/users.php?mode=search&usertype=C&refresh=1&sort=last_login&sort_direction=1 14 The key \"-ms-touch-action:\" is not recognized and ignored.">, #<Selenium::WebDriver::LogEntry:0x00007fefed1e4260 @level="WARNING", @timestamp=1619646014946, @message="https://fromthefarmer.client-staging.deliverybizpro.com/admin/users.php?mode=search&usertype=C&refresh=1&sort=last_login&sort_direction=1 - [DOM] Found 2 elements with non-unique id #frm-users-search: (More info: https://goo.gl/9p2vKq) %o %o">, #<Selenium::WebDriver::LogEntry:0x00007fefed1e4210 @level="WARNING", @timestamp=1619646014946, @message="https://fromthefarmer.client-staging.deliverybizpro.com/admin/users.php?mode=search&usertype=C&refresh=1&sort=last_login&sort_direction=1 - [DOM] Found 2 elements with non-unique id #posted_data[orders_count_type]: (More info: https://goo.gl/9p2vKq) %o %o">]
Create Customer Profile,4.309331178665161,[#<Selenium::WebDriver::LogEntry:0x00007fefed25dca0 @level="WARNING", @timestamp=1619646019607, @message="https://fromthefarmer.client-staging.deliverybizpro.com/admin/user_add.php?usertype=C 7 The key \"touch-action:\" is not recognized and ignored.">, #<Selenium::WebDriver::LogEntry:0x00007fefed25dc00 @level="WARNING", @timestamp=1619646019607, @message="https://fromthefarmer.client-staging.deliverybizpro.com/admin/user_add.php?usertype=C 7 The key \"-ms-touch-action:\" is not recognized and ignored.">]
Import Customers,2.4870738983154297,[#<Selenium::WebDriver::LogEntry:0x00007ff01e2f8df0 @level="WARNING", @timestamp=1619646027120, @message="https://fromthefarmer.client-staging.deliverybizpro.com/admin/customers_import.php 7 The key \"touch-action:\" is not recognized and ignored.">, #<Selenium::WebDriver::LogEntry:0x00007ff01e2f8b70 @level="WARNING", @timestamp=1619646027124, @message="https://fromthefarmer.client-staging.deliverybizpro.com/admin/customers_import.php 7 The key \"-ms-touch-action:\" is not recognized and ignored.">]
Export Customers,3.2407538890838623,[#<Selenium::WebDriver::LogEntry:0x00007ff01e3284b0 @level="WARNING", @timestamp=1619646032312, @message="https://fromthefarmer.client-staging.deliverybizpro.com/admin/router.php?r=export-users#/export-users 7 The key \"touch-action:\" is not recognized and ignored.">, #<Selenium::WebDriver::LogEntry:0x00007ff01e328488 @level="WARNING", @timestamp=1619646032312, @message="https://fromthefarmer.client-staging.deliverybizpro.com/admin/router.php?r=export-users#/export-users 7 The key \"-ms-touch-action:\" is not recognized and ignored.">]
Export Customer Emails,1.4350090026855469,[#<Selenium::WebDriver::LogEntry:0x00007fefed345b90 @level="WARNING", @timestamp=1619646038575, @message="https://fromthefarmer.client-staging.deliverybizpro.com/admin/export_users_emails.php 7 The key \"touch-action:\" is not recognized and ignored.">, #<Selenium::WebDriver::LogEntry:0x00007fefed345b68 @level="WARNING", @timestamp=1619646038575, @message="https://fromthefarmer.client-staging.deliverybizpro.com/admin/export_users_emails.php 7 The key \"-ms-touch-action:\" is not recognized and ignored.">]
Edit/Create Membership Levels,1.7801578044891357,[#<Selenium::WebDriver::LogEntry:0x00007ff01e96e310 @level="WARNING", @timestamp=1619646043251, @message="https://fromthefarmer.client-staging.deliverybizpro.com/admin/memberships.php?usertype=C 7 The key \"touch-action:\" is not recognized and ignored.">, #<Selenium::WebDriver::LogEntry:0x00007ff01e96e2e8 @level="WARNING", @timestamp=1619646043251, @message="https://fromthefarmer.client-staging.deliverybizpro.com/admin/memberships.php?usertype=C 7 The key \"-ms-touch-action:\" is not recognized and ignored.">]
Customer Notes,1.6044440269470215,[#<Selenium::WebDriver::LogEntry:0x00007ff01d167870 @level="WARNING", @timestamp=1619646048035, @message="https://fromthefarmer.client-staging.deliverybizpro.com/admin/customer_notes.php 7 The key \"touch-action:\" is not recognized and ignored.">, #<Selenium::WebDriver::LogEntry:0x00007ff01d167848 @level="WARNING", @timestamp=1619646048035, @message="https://fromthefarmer.client-staging.deliverybizpro.com/admin/customer_notes.php 7 The key \"-ms-touch-action:\" is not recognized and ignored.">]
Administrators,1.0715153217315674,[]
Search for Admins,1.5569257736206055,[#<Selenium::WebDriver::LogEntry:0x00007ff01e35a398 @level="WARNING", @timestamp=1619646056724, @message="https://fromthefarmer.client-staging.deliverybizpro.com/admin/users.php?mode=search&usertype=P&refresh=1 7 The key \"touch-action:\" is not recognized and ignored.">, #<Selenium::WebDriver::LogEntry:0x00007ff01e35a348 @level="WARNING", @timestamp=1619646056724, @message="https://fromthefarmer.client-staging.deliverybizpro.com/admin/users.php?mode=search&usertype=P&refresh=1 7 The key \"-ms-touch-action:\" is not recognized and ignored.">, #<Selenium::WebDriver::LogEntry:0x00007ff01e35a320 @level="WARNING", @timestamp=1619646056910, @message="https://fromthefarmer.client-staging.deliverybizpro.com/admin/users.php?mode=search&usertype=P&refresh=1 - [DOM] Found 2 elements with non-unique id #frm-users-search: (More info: https://goo.gl/9p2vKq) %o %o">]
Create Admin Profile,1.859260082244873,[#<Selenium::WebDriver::LogEntry:0x00007ff01e98fc68 @level="WARNING", @timestamp=1619646061359, @message="https://fromthefarmer.client-staging.deliverybizpro.com/admin/user_add.php?usertype=P 7 The key \"touch-action:\" is not recognized and ignored.">, #<Selenium::WebDriver::LogEntry:0x00007ff01e98fc40 @level="WARNING", @timestamp=1619646061359, @message="https://fromthefarmer.client-staging.deliverybizpro.com/admin/user_add.php?usertype=P 7 The key \"-ms-touch-action:\" is not recognized and ignored.">]
Access Control,1.5017530918121338,[#<Selenium::WebDriver::LogEntry:0x00007ff01e9cc140 @level="WARNING", @timestamp=1619646066243, @message="https://fromthefarmer.client-staging.deliverybizpro.com/admin/access_control.php 7 The key \"touch-action:\" is not recognized and ignored.">, #<Selenium::WebDriver::LogEntry:0x00007ff01e9cc118 @level="WARNING", @timestamp=1619646066243, @message="https://fromthefarmer.client-staging.deliverybizpro.com/admin/access_control.php 7 The key \"-ms-touch-action:\" is not recognized and ignored.">]
Edit/Create Membership Levels,1.562140941619873,[#<Selenium::WebDriver::LogEntry:0x00007fefd801d1d0 @level="WARNING", @timestamp=1619646070827, @message="https://fromthefarmer.client-staging.deliverybizpro.com/admin/memberships.php?usertype=P 7 The key \"touch-action:\" is not recognized and ignored.">, #<Selenium::WebDriver::LogEntry:0x00007fefd801d1a8 @level="WARNING", @timestamp=1619646070827, @message="https://fromthefarmer.client-staging.deliverybizpro.com/admin/memberships.php?usertype=P 7 The key \"-ms-touch-action:\" is not recognized and ignored.">]
Drivers,1.0579168796539307,[]
Search for Drivers,1.5969388484954834,[#<Selenium::WebDriver::LogEntry:0x00007fefed3d42a0 @level="WARNING", @timestamp=1619646099669, @message="https://fromthefarmer.client-staging.deliverybizpro.com/admin/users.php?mode=search&usertype=D&refresh=1 14 The key \"touch-action:\" is not recognized and ignored.">, #<Selenium::WebDriver::LogEntry:0x00007fefed3d4278 @level="WARNING", @timestamp=1619646099670, @message="https://fromthefarmer.client-staging.deliverybizpro.com/admin/users.php?mode=search&usertype=D&refresh=1 14 The key \"-ms-touch-action:\" is not recognized and ignored.">, #<Selenium::WebDriver::LogEntry:0x00007fefed3d4250 @level="WARNING", @timestamp=1619646099843, @message="https://fromthefarmer.client-staging.deliverybizpro.com/admin/users.php?mode=search&usertype=D&refresh=1 - [DOM] Found 2 elements with non-unique id #frm-users-search: (More info: https://goo.gl/9p2vKq) %o %o">]
Create Driver Profile,1.7641336917877197,[#<Selenium::WebDriver::LogEntry:0x00007ff01e37ada0 @level="WARNING", @timestamp=1619646104291, @message="https://fromthefarmer.client-staging.deliverybizpro.com/admin/user_add.php?usertype=D 7 The key \"touch-action:\" is not recognized and ignored.">, #<Selenium::WebDriver::LogEntry:0x00007ff01e37ad78 @level="WARNING", @timestamp=1619646104291, @message="https://fromthefarmer.client-staging.deliverybizpro.com/admin/user_add.php?usertype=D 7 The key \"-ms-touch-action:\" is not recognized and ignored.">]
Edit/Create Membership Levels,1.5257601737976074,[#<Selenium::WebDriver::LogEntry:0x00007fefed42da08 @level="WARNING", @timestamp=1619646109147, @message="https://fromthefarmer.client-staging.deliverybizpro.com/admin/memberships.php?usertype=D 7 The key \"touch-action:\" is not recognized and ignored.">, #<Selenium::WebDriver::LogEntry:0x00007fefed42d9e0 @level="WARNING", @timestamp=1619646109147, @message="https://fromthefarmer.client-staging.deliverybizpro.com/admin/memberships.php?usertype=D 7 The key \"-ms-touch-action:\" is not recognized and ignored.">]
Suppliers,1.0720751285552979,[]
Search for Suppliers,1.8910646438598633,[#<Selenium::WebDriver::LogEntry:0x00007ff01e3a3480 @level="WARNING", @timestamp=1619646117900, @message="https://fromthefarmer.client-staging.deliverybizpro.com/admin/users.php?mode=search&usertype=U&refresh=1 14 The key \"touch-action:\" is not recognized and ignored.">, #<Selenium::WebDriver::LogEntry:0x00007ff01e3a3458 @level="WARNING", @timestamp=1619646117900, @message="https://fromthefarmer.client-staging.deliverybizpro.com/admin/users.php?mode=search&usertype=U&refresh=1 14 The key \"-ms-touch-action:\" is not recognized and ignored.">, #<Selenium::WebDriver::LogEntry:0x00007ff01e3a3430 @level="WARNING", @timestamp=1619646118309, @message="https://fromthefarmer.client-staging.deliverybizpro.com/admin/users.php?mode=search&usertype=U&refresh=1 - [DOM] Found 2 elements with non-unique id #frm-users-search: (More info: https://goo.gl/9p2vKq) %o %o">]
Create Supplier Profile,1.814141035079956,[#<Selenium::WebDriver::LogEntry:0x00007ff00d1da010 @level="WARNING", @timestamp=1619646122786, @message="https://fromthefarmer.client-staging.deliverybizpro.com/admin/user_add.php?usertype=U 7 The key \"touch-action:\" is not recognized and ignored.">, #<Selenium::WebDriver::LogEntry:0x00007ff00d1d9fe8 @level="WARNING", @timestamp=1619646122786, @message="https://fromthefarmer.client-staging.deliverybizpro.com/admin/user_add.php?usertype=U 7 The key \"-ms-touch-action:\" is not recognized and ignored.">]
Edit/Search Products,2.601170063018799,[#<Selenium::WebDriver::LogEntry:0x00007ff01d1e0c48 @level="WARNING", @timestamp=1619646127788, @message="https://fromthefarmer.client-staging.deliverybizpro.com/admin/products 7 The key \"touch-action:\" is not recognized and ignored.">, #<Selenium::WebDriver::LogEntry:0x00007ff01d1e0c20 @level="WARNING", @timestamp=1619646127788, @message="https://fromthefarmer.client-staging.deliverybizpro.com/admin/products 7 The key \"-ms-touch-action:\" is not recognized and ignored.">, #<Selenium::WebDriver::LogEntry:0x00007ff01d1e0bf8 @level="WARNING", @timestamp=1619646128773, @message="https://fromthefarmer.client-staging.deliverybizpro.com/admin/products - [DOM] Found 2 elements with non-unique id #collapse-quantity: (More info: https://goo.gl/9p2vKq) %o %o">]
Add New Product,2.567955255508423,[#<Selenium::WebDriver::LogEntry:0x00007ff01e29af98 @level="WARNING", @timestamp=1619646133335, @message="https://fromthefarmer.client-staging.deliverybizpro.com/admin/products/create 7 The key \"touch-action:\" is not recognized and ignored.">, #<Selenium::WebDriver::LogEntry:0x00007ff01e29af70 @level="WARNING", @timestamp=1619646133335, @message="https://fromthefarmer.client-staging.deliverybizpro.com/admin/products/create 7 The key \"-ms-touch-action:\" is not recognized and ignored.">, #<Selenium::WebDriver::LogEntry:0x00007ff01e29acc8 @level="SEVERE", @timestamp=1619646134452, @message="https://fromthefarmer.client-staging.deliverybizpro.com/skin1/css/structure.css - Failed to load resource: the server responded with a status of 404 ()">, #<Selenium::WebDriver::LogEntry:0x00007ff01e29ac78 @level="SEVERE", @timestamp=1619646135471, @message="https://fromthefarmer.client-staging.deliverybizpro.com/skin1/css/structure.css - Failed to load resource: the server responded with a status of 404 ()">]
Import products,2.6540422439575195,[#<Selenium::WebDriver::LogEntry:0x00007ff01d0bedd8 @level="WARNING", @timestamp=1619646138852, @message="https://fromthefarmer.client-staging.deliverybizpro.com/admin/products/import 7 The key \"touch-action:\" is not recognized and ignored.">, #<Selenium::WebDriver::LogEntry:0x00007ff01d0bedb0 @level="WARNING", @timestamp=1619646138852, @message="https://fromthefarmer.client-staging.deliverybizpro.com/admin/products/import 7 The key \"-ms-touch-action:\" is not recognized and ignored.">, #<Selenium::WebDriver::LogEntry:0x00007ff01d0beb80 @level="WARNING", @timestamp=1619646139384, @message="https://fromthefarmer.client-staging.deliverybizpro.com/admin/router.php?iframe=Y#/task-status 7 The key \"touch-action:\" is not recognized and ignored.">, #<Selenium::WebDriver::LogEntry:0x00007ff01d0bea68 @level="WARNING", @timestamp=1619646139384, @message="https://fromthefarmer.client-staging.deliverybizpro.com/admin/router.php?iframe=Y#/task-status 7 The key \"-ms-touch-action:\" is not recognized and ignored.">]
Export products,1.4194071292877197,[#<Selenium::WebDriver::LogEntry:0x00007fefed2f6d88 @level="WARNING", @timestamp=1619646144521, @message="https://fromthefarmer.client-staging.deliverybizpro.com/admin/products/export 7 The key \"touch-action:\" is not recognized and ignored.">, #<Selenium::WebDriver::LogEntry:0x00007fefed2f6d60 @level="WARNING", @timestamp=1619646144521, @message="https://fromthefarmer.client-staging.deliverybizpro.com/admin/products/export 7 The key \"-ms-touch-action:\" is not recognized and ignored.">]
Product Categories,1.6946029663085938,[#<Selenium::WebDriver::LogEntry:0x00007fefed326f38 @level="WARNING", @timestamp=1619646149041, @message="https://fromthefarmer.client-staging.deliverybizpro.com/admin/categories.php 7 The key \"touch-action:\" is not recognized and ignored.">, #<Selenium::WebDriver::LogEntry:0x00007fefed326f10 @level="WARNING", @timestamp=1619646149041, @message="https://fromthefarmer.client-staging.deliverybizpro.com/admin/categories.php 7 The key \"-ms-touch-action:\" is not recognized and ignored.">]
Extra fields,1.6966118812561035,[#<Selenium::WebDriver::LogEntry:0x00007ff01d118f40 @level="WARNING", @timestamp=1619646153770, @message="https://fromthefarmer.client-staging.deliverybizpro.com/admin/extra-fields 7 The key \"touch-action:\" is not recognized and ignored.">, #<Selenium::WebDriver::LogEntry:0x00007ff01d118f18 @level="WARNING", @timestamp=1619646153770, @message="https://fromthefarmer.client-staging.deliverybizpro.com/admin/extra-fields 7 The key \"-ms-touch-action:\" is not recognized and ignored.">]
Warehouse Locations,1.6173999309539795,[#<Selenium::WebDriver::LogEntry:0x00007ff01d144c30 @level="WARNING", @timestamp=1619646162542, @message="https://fromthefarmer.client-staging.deliverybizpro.com/admin/warehouse-locations 7 The key \"touch-action:\" is not recognized and ignored.">, #<Selenium::WebDriver::LogEntry:0x00007ff01d144c08 @level="WARNING", @timestamp=1619646162542, @message="https://fromthefarmer.client-staging.deliverybizpro.com/admin/warehouse-locations 7 The key \"-ms-touch-action:\" is not recognized and ignored.">]
Change/Assign Routes,1.5003058910369873,[#<Selenium::WebDriver::LogEntry:0x00007feffd8d6298 @level="WARNING", @timestamp=1619646171240, @message="https://fromthefarmer.client-staging.deliverybizpro.com/admin/assign_route_users.php 7 The key \"touch-action:\" is not recognized and ignored.">, #<Selenium::WebDriver::LogEntry:0x00007feffd8d6270 @level="WARNING", @timestamp=1619646171241, @message="https://fromthefarmer.client-staging.deliverybizpro.com/admin/assign_route_users.php 7 The key \"-ms-touch-action:\" is not recognized and ignored.">, #<Selenium::WebDriver::LogEntry:0x00007feffd8d6248 @level="WARNING", @timestamp=1619646171350, @message="https://fromthefarmer.client-staging.deliverybizpro.com/admin/assign_route_users.php - [DOM] Found 2 elements with non-unique id #show_not_validated: (More info: https://goo.gl/9p2vKq) %o %o">]
Create/Edit Routes,2.062836170196533,[#<Selenium::WebDriver::LogEntry:0x00007ff01e351d10 @level="WARNING", @timestamp=1619646175857, @message="https://fromthefarmer.client-staging.deliverybizpro.com/admin/routes.php 7 The key \"touch-action:\" is not recognized and ignored.">, #<Selenium::WebDriver::LogEntry:0x00007ff01e351ce8 @level="WARNING", @timestamp=1619646175857, @message="https://fromthefarmer.client-staging.deliverybizpro.com/admin/routes.php 7 The key \"-ms-touch-action:\" is not recognized and ignored.">, #<Selenium::WebDriver::LogEntry:0x00007ff01e351cc0 @level="WARNING", @timestamp=1619646176312, @message="https://fromthefarmer.client-staging.deliverybizpro.com/admin/routes.php - [DOM] Found 2 elements with non-unique id #dbp-edit-coordinates-routeid: (More info: https://goo.gl/9p2vKq) %o %o">, #<Selenium::WebDriver::LogEntry:0x00007ff01e351c98 @level="WARNING", @timestamp=1619646176313, @message="https://fromthefarmer.client-staging.deliverybizpro.com/admin/routes.php - [DOM] Found 16 elements with non-unique id #dbp-field-customer-route-name: (More info: https://goo.gl/9p2vKq) %o %o %o %o %o %o %o %o %o %o %o %o %o %o %o %o">, #<Selenium::WebDriver::LogEntry:0x00007ff01e351c70 @level="WARNING", @timestamp=1619646176313, @message="https://fromthefarmer.client-staging.deliverybizpro.com/admin/routes.php - [DOM] Found 16 elements with non-unique id #dbp-field-delivery-time: (More info: https://goo.gl/9p2vKq) %o %o %o %o %o %o %o %o %o %o %o %o %o %o %o %o">, #<Selenium::WebDriver::LogEntry:0x00007ff01e351c48 @level="SEVERE", @timestamp=1619646177491, @message="https://fromthefarmer.client-staging.deliverybizpro.com/skin1/css/structure.css - Failed to load resource: the server responded with a status of 404 ()">]
GPS Import/Export,1.4483141899108887,[#<Selenium::WebDriver::LogEntry:0x00007ff01e986f28 @level="WARNING", @timestamp=1619646180852, @message="https://fromthefarmer.client-staging.deliverybizpro.com/admin/gpx.php 7 The key \"touch-action:\" is not recognized and ignored.">, #<Selenium::WebDriver::LogEntry:0x00007ff01e986f00 @level="WARNING", @timestamp=1619646180852, @message="https://fromthefarmer.client-staging.deliverybizpro.com/admin/gpx.php 7 The key \"-ms-touch-action:\" is not recognized and ignored.">]
Organize Route Stops,1.529688835144043,[#<Selenium::WebDriver::LogEntry:0x00007ff01e9cf160 @level="WARNING", @timestamp=1619646185321, @message="https://fromthefarmer.client-staging.deliverybizpro.com/admin/router.php?r=organize_route_stops#/organize_route_stops 7 The key \"touch-action:\" is not recognized and ignored.">, #<Selenium::WebDriver::LogEntry:0x00007ff01e9cf138 @level="WARNING", @timestamp=1619646185321, @message="https://fromthefarmer.client-staging.deliverybizpro.com/admin/router.php?r=organize_route_stops#/organize_route_stops 7 The key \"-ms-touch-action:\" is not recognized and ignored.">]
Manage KML File,1.5706720352172852,[#<Selenium::WebDriver::LogEntry:0x00007ff00d185100 @level="WARNING", @timestamp=1619646198033, @message="https://fromthefarmer.client-staging.deliverybizpro.com/admin/router.php?r=kml#/kml 7 The key \"touch-action:\" is not recognized and ignored.">, #<Selenium::WebDriver::LogEntry:0x00007ff00d1850d8 @level="WARNING", @timestamp=1619646198033, @message="https://fromthefarmer.client-staging.deliverybizpro.com/admin/router.php?r=kml#/kml 7 The key \"-ms-touch-action:\" is not recognized and ignored.">]
Display Route/KML Issues,1.4362177848815918,[#<Selenium::WebDriver::LogEntry:0x00007fefed34ff00 @level="WARNING", @timestamp=1619646202638, @message="https://fromthefarmer.client-staging.deliverybizpro.com/admin/route_kml_issues.php 7 The key \"touch-action:\" is not recognized and ignored.">, #<Selenium::WebDriver::LogEntry:0x00007fefed34fed8 @level="WARNING", @timestamp=1619646202639, @message="https://fromthefarmer.client-staging.deliverybizpro.com/admin/route_kml_issues.php 7 The key \"-ms-touch-action:\" is not recognized and ignored.">]
Organize Load Sheet,1.6401019096374512,[#<Selenium::WebDriver::LogEntry:0x00007fefed3acf70 @level="WARNING", @timestamp=1619646207094, @message="https://fromthefarmer.client-staging.deliverybizpro.com/admin/order_routes_products.php 7 The key \"touch-action:\" is not recognized and ignored.">, #<Selenium::WebDriver::LogEntry:0x00007fefed3acf48 @level="WARNING", @timestamp=1619646207094, @message="https://fromthefarmer.client-staging.deliverybizpro.com/admin/order_routes_products.php 7 The key \"-ms-touch-action:\" is not recognized and ignored.">]
Print Route Sheets,1.651803970336914,[#<Selenium::WebDriver::LogEntry:0x00007ff01e37a9b8 @level="WARNING", @timestamp=1619646212872, @message="https://fromthefarmer.client-staging.deliverybizpro.com/admin/driving_dir.php 7 The key \"touch-action:\" is not recognized and ignored.">, #<Selenium::WebDriver::LogEntry:0x00007ff01e37a990 @level="WARNING", @timestamp=1619646212872, @message="https://fromthefarmer.client-staging.deliverybizpro.com/admin/driving_dir.php 7 The key \"-ms-touch-action:\" is not recognized and ignored.">, #<Selenium::WebDriver::LogEntry:0x00007ff01e37a968 @level="WARNING", @timestamp=1619646213094, @message="https://fromthefarmer.client-staging.deliverybizpro.com/admin/driving_dir.php - [DOM] Found 2 elements with non-unique id #custom-range-input-multiple: (More info: https://goo.gl/9p2vKq) %o %o">, #<Selenium::WebDriver::LogEntry:0x00007ff01e37a940 @level="WARNING", @timestamp=1619646213094, @message="https://fromthefarmer.client-staging.deliverybizpro.com/admin/driving_dir.php - [DOM] Found 2 elements with non-unique id #mult-route-id: (More info: https://goo.gl/9p2vKq) %o %o">]
Print Route Sheets - Export to Excel,1.5825142860412598,[#<Selenium::WebDriver::LogEntry:0x00007ff01d18e678 @level="WARNING", @timestamp=1619646214513, @message="https://fromthefarmer.client-staging.deliverybizpro.com/admin/driving_dir.php 7 The key \"touch-action:\" is not recognized and ignored.">, #<Selenium::WebDriver::LogEntry:0x00007ff01d18e650 @level="WARNING", @timestamp=1619646214513, @message="https://fromthefarmer.client-staging.deliverybizpro.com/admin/driving_dir.php 7 The key \"-ms-touch-action:\" is not recognized and ignored.">, #<Selenium::WebDriver::LogEntry:0x00007ff01d18e628 @level="WARNING", @timestamp=1619646214686, @message="https://fromthefarmer.client-staging.deliverybizpro.com/admin/driving_dir.php - [DOM] Found 2 elements with non-unique id #custom-range-input-multiple: (More info: https://goo.gl/9p2vKq) %o %o">, #<Selenium::WebDriver::LogEntry:0x00007ff01d18e600 @level="WARNING", @timestamp=1619646214686, @message="https://fromthefarmer.client-staging.deliverybizpro.com/admin/driving_dir.php - [DOM] Found 2 elements with non-unique id #mult-route-id: (More info: https://goo.gl/9p2vKq) %o %o">]
Print Bag Labels,1.5548028945922852,[#<Selenium::WebDriver::LogEntry:0x00007ff01ea06548 @level="WARNING", @timestamp=1619646217037, @message="https://fromthefarmer.client-staging.deliverybizpro.com/admin/driving_dir.php?bag_label=1 7 The key \"touch-action:\" is not recognized and ignored.">, #<Selenium::WebDriver::LogEntry:0x00007ff01ea06520 @level="WARNING", @timestamp=1619646217037, @message="https://fromthefarmer.client-staging.deliverybizpro.com/admin/driving_dir.php?bag_label=1 7 The key \"-ms-touch-action:\" is not recognized and ignored.">, #<Selenium::WebDriver::LogEntry:0x00007ff01ea064f8 @level="WARNING", @timestamp=1619646217232, @message="https://fromthefarmer.client-staging.deliverybizpro.com/admin/driving_dir.php?bag_label=1 - [DOM] Found 2 elements with non-unique id #custom-range-input-multiple: (More info: https://goo.gl/9p2vKq) %o %o">, #<Selenium::WebDriver::LogEntry:0x00007ff01ea064d0 @level="WARNING", @timestamp=1619646217232, @message="https://fromthefarmer.client-staging.deliverybizpro.com/admin/driving_dir.php?bag_label=1 - [DOM] Found 2 elements with non-unique id #mult-route-id: (More info: https://goo.gl/9p2vKq) %o %o">]
Print Bag Labels - Export to Excel,1.6158390045166016,[#<Selenium::WebDriver::LogEntry:0x00007ff00d1da038 @level="WARNING", @timestamp=1619646218697, @message="https://fromthefarmer.client-staging.deliverybizpro.com/admin/driving_dir.php?bag_label=1 7 The key \"touch-action:\" is not recognized and ignored.">, #<Selenium::WebDriver::LogEntry:0x00007ff00d1da010 @level="WARNING", @timestamp=1619646218697, @message="https://fromthefarmer.client-staging.deliverybizpro.com/admin/driving_dir.php?bag_label=1 7 The key \"-ms-touch-action:\" is not recognized and ignored.">, #<Selenium::WebDriver::LogEntry:0x00007ff00d1d9fe8 @level="WARNING", @timestamp=1619646218883, @message="https://fromthefarmer.client-staging.deliverybizpro.com/admin/driving_dir.php?bag_label=1 - [DOM] Found 2 elements with non-unique id #custom-range-input-multiple: (More info: https://goo.gl/9p2vKq) %o %o">, #<Selenium::WebDriver::LogEntry:0x00007ff00d1d9fc0 @level="WARNING", @timestamp=1619646218883, @message="https://fromthefarmer.client-staging.deliverybizpro.com/admin/driving_dir.php?bag_label=1 - [DOM] Found 2 elements with non-unique id #mult-route-id: (More info: https://goo.gl/9p2vKq) %o %o">]
Show Invalid Addresses,7.0036890506744385,[#<Selenium::WebDriver::LogEntry:0x00007ff01d1ce368 @level="WARNING", @timestamp=1619646226821, @message="https://fromthefarmer.client-staging.deliverybizpro.com/admin/users_invalid_zips.php 7 The key \"touch-action:\" is not recognized and ignored.">, #<Selenium::WebDriver::LogEntry:0x00007ff01d1ce340 @level="WARNING", @timestamp=1619646226822, @message="https://fromthefarmer.client-staging.deliverybizpro.com/admin/users_invalid_zips.php 7 The key \"-ms-touch-action:\" is not recognized and ignored.">]
Billing,1.055833101272583,[]
Paper/Email Billing,1.5272400379180908,[#<Selenium::WebDriver::LogEntry:0x00007fefed28e8a0 @level="WARNING", @timestamp=1619646235357, @message="https://fromthefarmer.client-staging.deliverybizpro.com/admin/customer_billing.php 7 The key \"touch-action:\" is not recognized and ignored.">, #<Selenium::WebDriver::LogEntry:0x00007fefed28e698 @level="WARNING", @timestamp=1619646235357, @message="https://fromthefarmer.client-staging.deliverybizpro.com/admin/customer_billing.php 7 The key \"-ms-touch-action:\" is not recognized and ignored.">]
Electronic Billing,1.8706529140472412,[#<Selenium::WebDriver::LogEntry:0x00007ff01e924ee0 @level="WARNING", @timestamp=1619646240025, @message="https://fromthefarmer.client-staging.deliverybizpro.com/admin/billing.php 7 The key \"touch-action:\" is not recognized and ignored.">, #<Selenium::WebDriver::LogEntry:0x00007ff01e924e40 @level="WARNING", @timestamp=1619646240025, @message="https://fromthefarmer.client-staging.deliverybizpro.com/admin/billing.php 7 The key \"-ms-touch-action:\" is not recognized and ignored.">]
Mass Update Payments,1.9132390022277832,[#<Selenium::WebDriver::LogEntry:0x00007fefed316fc0 @level="WARNING", @timestamp=1619646244854, @message="https://fromthefarmer.client-staging.deliverybizpro.com/admin/mass_update_payments.php 7 The key \"touch-action:\" is not recognized and ignored.">, #<Selenium::WebDriver::LogEntry:0x00007fefed316f98 @level="WARNING", @timestamp=1619646244855, @message="https://fromthefarmer.client-staging.deliverybizpro.com/admin/mass_update_payments.php 7 The key \"-ms-touch-action:\" is not recognized and ignored.">]
Mass Deposit Returns/Charges,1.872309923171997,[#<Selenium::WebDriver::LogEntry:0x00007fefed354a50 @level="WARNING", @timestamp=1619646250227, @message="https://fromthefarmer.client-staging.deliverybizpro.com/admin/bottle_deposits.php 7 The key \"touch-action:\" is not recognized and ignored.">, #<Selenium::WebDriver::LogEntry:0x00007fefed354a28 @level="WARNING", @timestamp=1619646250227, @message="https://fromthefarmer.client-staging.deliverybizpro.com/admin/bottle_deposits.php 7 The key \"-ms-touch-action:\" is not recognized and ignored.">]
Global Invoice Notes,1.5857620239257812,[#<Selenium::WebDriver::LogEntry:0x00007ff01d127ef0 @level="WARNING", @timestamp=1619646254741, @message="https://fromthefarmer.client-staging.deliverybizpro.com/admin/global_notes.php 7 The key \"touch-action:\" is not recognized and ignored.">, #<Selenium::WebDriver::LogEntry:0x00007ff01d127ea0 @level="WARNING", @timestamp=1619646254741, @message="https://fromthefarmer.client-staging.deliverybizpro.com/admin/global_notes.php 7 The key \"-ms-touch-action:\" is not recognized and ignored.">, #<Selenium::WebDriver::LogEntry:0x00007ff01d127e78 @level="SEVERE", @timestamp=1619646255994, @message="https://fromthefarmer.client-staging.deliverybizpro.com/skin1/css/structure.css - Failed to load resource: the server responded with a status of 404 ()">]
View GC Purchase Log,1.5515592098236084,[#<Selenium::WebDriver::LogEntry:0x00007ff01d16def0 @level="WARNING", @timestamp=1619646259405, @message="https://fromthefarmer.client-staging.deliverybizpro.com/admin/giftcerts_purchase_log.php 7 The key \"touch-action:\" is not recognized and ignored.">, #<Selenium::WebDriver::LogEntry:0x00007ff01d16dec8 @level="WARNING", @timestamp=1619646259408, @message="https://fromthefarmer.client-staging.deliverybizpro.com/admin/giftcerts_purchase_log.php 7 The key \"-ms-touch-action:\" is not recognized and ignored.">]
Sales Reporting,1.0679762363433838,[]
Countdown Sales Report,1.5857789516448975,[#<Selenium::WebDriver::LogEntry:0x00007feffd8ee118 @level="WARNING", @timestamp=1619646272139, @message="https://fromthefarmer.client-staging.deliverybizpro.com/admin/reports.php?report_type=countdown 7 The key \"touch-action:\" is not recognized and ignored.">, #<Selenium::WebDriver::LogEntry:0x00007feffd8ee0f0 @level="WARNING", @timestamp=1619646272140, @message="https://fromthefarmer.client-staging.deliverybizpro.com/admin/reports.php?report_type=countdown 7 The key \"-ms-touch-action:\" is not recognized and ignored.">]
Countdown Sales Report - Export to Excel,1.3829309940338135,[]
Cross-Selling Report,1.4924252033233643,[#<Selenium::WebDriver::LogEntry:0x00007fefed34b630 @level="WARNING", @timestamp=1619646276141, @message="https://fromthefarmer.client-staging.deliverybizpro.com/admin/reports.php?report_type=cross_selling 7 The key \"touch-action:\" is not recognized and ignored.">, #<Selenium::WebDriver::LogEntry:0x00007fefed34b608 @level="WARNING", @timestamp=1619646276141, @message="https://fromthefarmer.client-staging.deliverybizpro.com/admin/reports.php?report_type=cross_selling 7 The key \"-ms-touch-action:\" is not recognized and ignored.">]
Cross-Selling Report - Export to Excel,1.1568551063537598,[#<Selenium::WebDriver::LogEntry:0x00007fefed34ead8 @level="WARNING", @timestamp=1619646278389, @message="https://fromthefarmer.client-staging.deliverybizpro.com/admin/reports.php?report_type=cross_selling - [DOM] Found 2 elements with non-unique id #action_value: (More info: https://goo.gl/9p2vKq) %o %o">]
Discount Coupon Report,1.4634089469909668,[#<Selenium::WebDriver::LogEntry:0x00007fefed39edd0 @level="WARNING", @timestamp=1619646279831, @message="https://fromthefarmer.client-staging.deliverybizpro.com/admin/reports.php?report_type=discount_coupon 7 The key \"touch-action:\" is not recognized and ignored.">, #<Selenium::WebDriver::LogEntry:0x00007fefed39eda8 @level="WARNING", @timestamp=1619646279832, @message="https://fromthefarmer.client-staging.deliverybizpro.com/admin/reports.php?report_type=discount_coupon 7 The key \"-ms-touch-action:\" is not recognized and ignored.">]
Discount Coupon Report - Export to Excel,1.1077849864959717,[]
Manage Cross-Selling,2.454134702682495,[#<Selenium::WebDriver::LogEntry:0x00007fefed3f4d48 @level="WARNING", @timestamp=1619646284418, @message="https://fromthefarmer.client-staging.deliverybizpro.com/admin/reports.php?report_type=upselling 7 The key \"touch-action:\" is not recognized and ignored.">, #<Selenium::WebDriver::LogEntry:0x00007fefed3f4d20 @level="WARNING", @timestamp=1619646284418, @message="https://fromthefarmer.client-staging.deliverybizpro.com/admin/reports.php?report_type=upselling 7 The key \"-ms-touch-action:\" is not recognized and ignored.">]
Manage Cross-Selling - Export to Excel,1.1332600116729736,[]
Ordered Products Reports,1.8663969039916992,[#<Selenium::WebDriver::LogEntry:0x00007ff01d1b1588 @level="WARNING", @timestamp=1619646288206, @message="https://fromthefarmer.client-staging.deliverybizpro.com/admin/reports.php?report_type=product 7 The key \"touch-action:\" is not recognized and ignored.">, #<Selenium::WebDriver::LogEntry:0x00007ff01d1b1560 @level="WARNING", @timestamp=1619646288206, @message="https://fromthefarmer.client-staging.deliverybizpro.com/admin/reports.php?report_type=product 7 The key \"-ms-touch-action:\" is not recognized and ignored.">]
Ordered Products Reports - Export to Excel,17.541341066360474,[]
Overall Sales,1.9084432125091553,[#<Selenium::WebDriver::LogEntry:0x00007ff01d1e1b98 @level="WARNING", @timestamp=1619646308569, @message="https://fromthefarmer.client-staging.deliverybizpro.com/admin/reports.php?report_type=over_sales 7 The key \"touch-action:\" is not recognized and ignored.">, #<Selenium::WebDriver::LogEntry:0x00007ff01d1e1b70 @level="WARNING", @timestamp=1619646308570, @message="https://fromthefarmer.client-staging.deliverybizpro.com/admin/reports.php?report_type=over_sales 7 The key \"-ms-touch-action:\" is not recognized and ignored.">]
Overall Sales - Export to Excel,1.4432311058044434,[]
Sales By Route,1.9578380584716797,[#<Selenium::WebDriver::LogEntry:0x00007ff01d114fa8 @level="WARNING", @timestamp=1619646312955, @message="https://fromthefarmer.client-staging.deliverybizpro.com/admin/reports.php?report_type=sales_by_route 7 The key \"touch-action:\" is not recognized and ignored.">, #<Selenium::WebDriver::LogEntry:0x00007ff01d114f30 @level="WARNING", @timestamp=1619646312955, @message="https://fromthefarmer.client-staging.deliverybizpro.com/admin/reports.php?report_type=sales_by_route 7 The key \"-ms-touch-action:\" is not recognized and ignored.">]
Sales By Route - Export to Excel,1.3993968963623047,[]
Financials Reporting,1.0725440979003906,[]
Average Order Report,1.5117428302764893,[#<Selenium::WebDriver::LogEntry:0x00007ff01e95f388 @level="WARNING", @timestamp=1619646319305, @message="https://fromthefarmer.client-staging.deliverybizpro.com/admin/reports.php?report_type=average_order 7 The key \"touch-action:\" is not recognized and ignored.">, #<Selenium::WebDriver::LogEntry:0x00007ff01e95f360 @level="WARNING", @timestamp=1619646319305, @message="https://fromthefarmer.client-staging.deliverybizpro.com/admin/reports.php?report_type=average_order 7 The key \"-ms-touch-action:\" is not recognized and ignored.">]
Average Order Report - Export to Excel,1.0740668773651123,[#<Selenium::WebDriver::LogEntry:0x00007feffd8aece8 @level="WARNING", @timestamp=1619646321566, @message="https://fromthefarmer.client-staging.deliverybizpro.com/admin/reports.php?report_type=average_order - [DOM] Found 2 elements with non-unique id #action_value: (More info: https://goo.gl/9p2vKq) %o %o">]
Credits Report,1.4388601779937744,[#<Selenium::WebDriver::LogEntry:0x00007feffd8dc300 @level="WARNING", @timestamp=1619646322841, @message="https://fromthefarmer.client-staging.deliverybizpro.com/admin/reports.php?report_type=credits 7 The key \"touch-action:\" is not recognized and ignored.">, #<Selenium::WebDriver::LogEntry:0x00007feffd8dc2d8 @level="WARNING", @timestamp=1619646322841, @message="https://fromthefarmer.client-staging.deliverybizpro.com/admin/reports.php?report_type=credits 7 The key \"-ms-touch-action:\" is not recognized and ignored.">]
Credits Report - Export to Excel,1.1053540706634521,[]
Effective Margin Report,2.7117557525634766,[#<Selenium::WebDriver::LogEntry:0x00007ff01e9a7930 @level="WARNING", @timestamp=1619646326137, @message="https://fromthefarmer.client-staging.deliverybizpro.com/admin/reports.php?report_type=credits - [DOM] Found 2 elements with non-unique id #action_value: (More info: https://goo.gl/9p2vKq) %o %o">, #<Selenium::WebDriver::LogEntry:0x00007ff01e9a7908 @level="WARNING", @timestamp=1619646327702, @message="https://fromthefarmer.client-staging.deliverybizpro.com/admin/reports.php?report_type=effective_margin 7 The key \"touch-action:\" is not recognized and ignored.">, #<Selenium::WebDriver::LogEntry:0x00007ff01e9a78e0 @level="WARNING", @timestamp=1619646327702, @message="https://fromthefarmer.client-staging.deliverybizpro.com/admin/reports.php?report_type=effective_margin 7 The key \"-ms-touch-action:\" is not recognized and ignored.">]
Effective Margin Report - Export to Excel,3.502319097518921,[]
Financials Export,1.4543190002441406,[#<Selenium::WebDriver::LogEntry:0x00007ff00d195320 @level="WARNING", @timestamp=1619646333667, @message="https://fromthefarmer.client-staging.deliverybizpro.com/admin/reports.php?report_type=financials 7 The key \"touch-action:\" is not recognized and ignored.">, #<Selenium::WebDriver::LogEntry:0x00007ff00d1952f8 @level="WARNING", @timestamp=1619646333667, @message="https://fromthefarmer.client-staging.deliverybizpro.com/admin/reports.php?report_type=financials 7 The key \"-ms-touch-action:\" is not recognized and ignored.">]
Financials Export - Export to Excel,1.4631190299987793,[]
No Payment Customers,4.306742906570435,[#<Selenium::WebDriver::LogEntry:0x00007fefed3decc8 @level="WARNING", @timestamp=1619646340367, @message="https://fromthefarmer.client-staging.deliverybizpro.com/admin/reports.php?report_type=not_paid 7 The key \"touch-action:\" is not recognized and ignored.">, #<Selenium::WebDriver::LogEntry:0x00007fefed3deca0 @level="WARNING", @timestamp=1619646340367, @message="https://fromthefarmer.client-staging.deliverybizpro.com/admin/reports.php?report_type=not_paid 7 The key \"-ms-touch-action:\" is not recognized and ignored.">]
No Payment Customers - Export to Excel,4.037415981292725,[]
Past Due Customers,1.5196852684020996,[#<Selenium::WebDriver::LogEntry:0x00007ff01d1876c0 @level="WARNING", @timestamp=1619646347025, @message="https://fromthefarmer.client-staging.deliverybizpro.com/admin/reports.php?report_type=due 7 The key \"touch-action:\" is not recognized and ignored.">, #<Selenium::WebDriver::LogEntry:0x00007ff01d187698 @level="WARNING", @timestamp=1619646347025, @message="https://fromthefarmer.client-staging.deliverybizpro.com/admin/reports.php?report_type=due 7 The key \"-ms-touch-action:\" is not recognized and ignored.">]
Past Due Customers - Export to Excel,1.517819881439209,[]
Payments On Review,1.6177430152893066,[#<Selenium::WebDriver::LogEntry:0x00007feffd947ce0 @level="WARNING", @timestamp=1619646351074, @message="https://fromthefarmer.client-staging.deliverybizpro.com/admin/reports.php?report_type=review_payments 7 The key \"touch-action:\" is not recognized and ignored.">, #<Selenium::WebDriver::LogEntry:0x00007feffd947cb8 @level="WARNING", @timestamp=1619646351074, @message="https://fromthefarmer.client-staging.deliverybizpro.com/admin/reports.php?report_type=review_payments 7 The key \"-ms-touch-action:\" is not recognized and ignored.">, #<Selenium::WebDriver::LogEntry:0x00007feffd947c90 @level="SEVERE", @timestamp=1619646351271, @message="https://fromthefarmer.client-staging.deliverybizpro.com/admin/skin1/admin/admin-modal.css - Failed to load resource: the server responded with a status of 404 ()">]
Payments On Review - Export to Excel,1.5662097930908203,[]
Payments Posted Report,1.5048291683197021,[#<Selenium::WebDriver::LogEntry:0x00007ff01e289310 @level="WARNING", @timestamp=1619646355269, @message="https://fromthefarmer.client-staging.deliverybizpro.com/admin/reports.php?report_type=checks_posted 7 The key \"touch-action:\" is not recognized and ignored.">, #<Selenium::WebDriver::LogEntry:0x00007ff01e2892e8 @level="WARNING", @timestamp=1619646355269, @message="https://fromthefarmer.client-staging.deliverybizpro.com/admin/reports.php?report_type=checks_posted 7 The key \"-ms-touch-action:\" is not recognized and ignored.">]
Payments Posted Report - Export to Excel,1.7411892414093018,[]
Profit Report,1.933180332183838,[#<Selenium::WebDriver::LogEntry:0x00007fefed304550 @level="WARNING", @timestamp=1619646359711, @message="https://fromthefarmer.client-staging.deliverybizpro.com/admin/reports.php?report_type=profit 7 The key \"touch-action:\" is not recognized and ignored.">, #<Selenium::WebDriver::LogEntry:0x00007fefed304528 @level="WARNING", @timestamp=1619646359711, @message="https://fromthefarmer.client-staging.deliverybizpro.com/admin/reports.php?report_type=profit 7 The key \"-ms-touch-action:\" is not recognized and ignored.">]
Profit Report - Export to Excel,1.5028431415557861,[]
Recent Payments Report,1.4817471504211426,[#<Selenium::WebDriver::LogEntry:0x00007ff01e977820 @level="WARNING", @timestamp=1619646363959, @message="https://fromthefarmer.client-staging.deliverybizpro.com/admin/reports.php?report_type=delivery_payment 7 The key \"touch-action:\" is not recognized and ignored.">, #<Selenium::WebDriver::LogEntry:0x00007ff01e9777d0 @level="WARNING", @timestamp=1619646363959, @message="https://fromthefarmer.client-staging.deliverybizpro.com/admin/reports.php?report_type=delivery_payment 7 The key \"-ms-touch-action:\" is not recognized and ignored.">]
Recent Payments Report - Export to Excel,1.0644159317016602,[]
Show Currently Owed,4.132736921310425,[#<Selenium::WebDriver::LogEntry:0x00007ff01e340588 @level="WARNING", @timestamp=1619646370106, @message="https://fromthefarmer.client-staging.deliverybizpro.com/admin/reports.php?report_type=owed 7 The key \"touch-action:\" is not recognized and ignored.">, #<Selenium::WebDriver::LogEntry:0x00007ff01e340560 @level="WARNING", @timestamp=1619646370106, @message="https://fromthefarmer.client-staging.deliverybizpro.com/admin/reports.php?report_type=owed 7 The key \"-ms-touch-action:\" is not recognized and ignored.">]
Show Currently Owed - Export to Excel,2.4381802082061768,[]
Taxes Report,1.548947811126709,[#<Selenium::WebDriver::LogEntry:0x00007ff01e9bed38 @level="WARNING", @timestamp=1619646375125, @message="https://fromthefarmer.client-staging.deliverybizpro.com/admin/reports.php?report_type=taxes 7 The key \"touch-action:\" is not recognized and ignored.">, #<Selenium::WebDriver::LogEntry:0x00007ff01e9bed10 @level="WARNING", @timestamp=1619646375125, @message="https://fromthefarmer.client-staging.deliverybizpro.com/admin/reports.php?report_type=taxes 7 The key \"-ms-touch-action:\" is not recognized and ignored.">]
Taxes Report - Export to Excel,1.2892518043518066,[]
Product Reporting,1.0627541542053223,[]
Bagged Items Report,1.7900140285491943,[#<Selenium::WebDriver::LogEntry:0x00007fefed3853f8 @level="WARNING", @timestamp=1619646381052, @message="https://fromthefarmer.client-staging.deliverybizpro.com/admin/reports.php?report_type=bagged_items 7 The key \"touch-action:\" is not recognized and ignored.">, #<Selenium::WebDriver::LogEntry:0x00007fefed3853d0 @level="WARNING", @timestamp=1619646381052, @message="https://fromthefarmer.client-staging.deliverybizpro.com/admin/reports.php?report_type=bagged_items 7 The key \"-ms-touch-action:\" is not recognized and ignored.">]
Bagged Items Report - Export to Excel,1.7206599712371826,[]
Customized Products,1.640857219696045,[#<Selenium::WebDriver::LogEntry:0x00007ff01e379360 @level="WARNING", @timestamp=1619646385523, @message="https://fromthefarmer.client-staging.deliverybizpro.com/admin/reports.php?report_type=customized_products 7 The key \"touch-action:\" is not recognized and ignored.">, #<Selenium::WebDriver::LogEntry:0x00007ff01e379338 @level="WARNING", @timestamp=1619646385523, @message="https://fromthefarmer.client-staging.deliverybizpro.com/admin/reports.php?report_type=customized_products 7 The key \"-ms-touch-action:\" is not recognized and ignored.">, #<Selenium::WebDriver::LogEntry:0x00007ff01e379310 @level="SEVERE", @timestamp=1619646385742, @message="https://fromthefarmer.client-staging.deliverybizpro.com/admin/skin1/admin/admin-modal.css - Failed to load resource: the server responded with a status of 404 ()">]
Customized Products - Export to Excel,1.3460469245910645,[]
Forecast,1.8170020580291748,[#<Selenium::WebDriver::LogEntry:0x00007ff01d1a4450 @level="WARNING", @timestamp=1619646411608, @message="https://fromthefarmer.client-staging.deliverybizpro.com/admin/reports.php?report_type=forecast 7 The key \"touch-action:\" is not recognized and ignored.">, #<Selenium::WebDriver::LogEntry:0x00007ff01d1a4428 @level="WARNING", @timestamp=1619646411609, @message="https://fromthefarmer.client-staging.deliverybizpro.com/admin/reports.php?report_type=forecast 7 The key \"-ms-touch-action:\" is not recognized and ignored.">]
Inventory,1.687567949295044,[#<Selenium::WebDriver::LogEntry:0x00007ff00d1cafe8 @level="WARNING", @timestamp=1619646416509, @message="https://fromthefarmer.client-staging.deliverybizpro.com/admin/reports.php?report_type=inventory&hide_disabled_inventory=Y 7 The key \"touch-action:\" is not recognized and ignored.">, #<Selenium::WebDriver::LogEntry:0x00007ff00d1cafc0 @level="WARNING", @timestamp=1619646416509, @message="https://fromthefarmer.client-staging.deliverybizpro.com/admin/reports.php?report_type=inventory&hide_disabled_inventory=Y 7 The key \"-ms-touch-action:\" is not recognized and ignored.">]
Inventory - Export to Excel,1.3612689971923828,[]
Product Reporting,1.072648048400879,[]
Load Sheet Report,1.531221866607666,[#<Selenium::WebDriver::LogEntry:0x00007fefed266738 @level="WARNING", @timestamp=1619646422575, @message="https://fromthefarmer.client-staging.deliverybizpro.com/admin/reports.php?report_type=load_sheet 7 The key \"touch-action:\" is not recognized and ignored.">, #<Selenium::WebDriver::LogEntry:0x00007fefed266710 @level="WARNING", @timestamp=1619646422575, @message="https://fromthefarmer.client-staging.deliverybizpro.com/admin/reports.php?report_type=load_sheet 7 The key \"-ms-touch-action:\" is not recognized and ignored.">]
Load Sheet Report - Export to Excel,1.0665977001190186,[]
Out Of Stock Report,1.6055049896240234,[#<Selenium::WebDriver::LogEntry:0x00007fefed308e48 @level="WARNING", @timestamp=1619646426160, @message="https://fromthefarmer.client-staging.deliverybizpro.com/admin/reports.php?report_type=out_of_stock 7 The key \"touch-action:\" is not recognized and ignored.">, #<Selenium::WebDriver::LogEntry:0x00007fefed308dd0 @level="WARNING", @timestamp=1619646426161, @message="https://fromthefarmer.client-staging.deliverybizpro.com/admin/reports.php?report_type=out_of_stock 7 The key \"-ms-touch-action:\" is not recognized and ignored.">, #<Selenium::WebDriver::LogEntry:0x00007fefed308bc8 @level="SEVERE", @timestamp=1619646426366, @message="https://fromthefarmer.client-staging.deliverybizpro.com/admin/skin1/admin/admin-modal.css - Failed to load resource: the server responded with a status of 404 ()">]
Out Of Stock Report - Export to Excel,1.1427559852600098,[]
Customer Reporting,1.056764841079712,[]
Customer Count Report,1.554260015487671,[#<Selenium::WebDriver::LogEntry:0x00007feffd8c4458 @level="WARNING", @timestamp=1619646476138, @message="https://fromthefarmer.client-staging.deliverybizpro.com/admin/reports.php?report_type=customer_count 7 The key \"touch-action:\" is not recognized and ignored.">, #<Selenium::WebDriver::LogEntry:0x00007feffd8c4430 @level="WARNING", @timestamp=1619646476138, @message="https://fromthefarmer.client-staging.deliverybizpro.com/admin/reports.php?report_type=customer_count 7 The key \"-ms-touch-action:\" is not recognized and ignored.">]
Customer Count Report - Export to Excel,1.233705997467041,[#<Selenium::WebDriver::LogEntry:0x00007feffd8eea28 @level="WARNING", @timestamp=1619646478377, @message="https://fromthefarmer.client-staging.deliverybizpro.com/admin/reports.php?report_type=customer_count - [DOM] Found 2 elements with non-unique id #action_value: (More info: https://goo.gl/9p2vKq) %o %o">]
Customer Orders Count,1.5369150638580322,[#<Selenium::WebDriver::LogEntry:0x00007ff01e98fe48 @level="WARNING", @timestamp=1619646479949, @message="https://fromthefarmer.client-staging.deliverybizpro.com/admin/reports.php?report_type=customer_orders 7 The key \"touch-action:\" is not recognized and ignored.">, #<Selenium::WebDriver::LogEntry:0x00007ff01e98fe20 @level="WARNING", @timestamp=1619646479949, @message="https://fromthefarmer.client-staging.deliverybizpro.com/admin/reports.php?report_type=customer_orders 7 The key \"-ms-touch-action:\" is not recognized and ignored.">]
Customer Orders Count - Export to Excel,1.0820190906524658,[]
Deposit Report,1.5364151000976562,[#<Selenium::WebDriver::LogEntry:0x00007ff00d184070 @level="WARNING", @timestamp=1619646483587, @message="https://fromthefarmer.client-staging.deliverybizpro.com/admin/reports.php?report_type=bottle_deposit 7 The key \"touch-action:\" is not recognized and ignored.">, #<Selenium::WebDriver::LogEntry:0x00007ff00d184020 @level="WARNING", @timestamp=1619646483587, @message="https://fromthefarmer.client-staging.deliverybizpro.com/admin/reports.php?report_type=bottle_deposit 7 The key \"-ms-touch-action:\" is not recognized and ignored.">]
Deposit Report - Export to Excel,1.6873500347137451,[]
Followup Report,1.682750940322876,[#<Selenium::WebDriver::LogEntry:0x00007fefed3c6218 @level="WARNING", @timestamp=1619646487855, @message="https://fromthefarmer.client-staging.deliverybizpro.com/admin/reports.php?report_type=followup 7 The key \"touch-action:\" is not recognized and ignored.">, #<Selenium::WebDriver::LogEntry:0x00007fefed3c61c8 @level="WARNING", @timestamp=1619646487855, @message="https://fromthefarmer.client-staging.deliverybizpro.com/admin/reports.php?report_type=followup 7 The key \"-ms-touch-action:\" is not recognized and ignored.">]
Followup Report - Export to Excel,1.617595911026001,[#<Selenium::WebDriver::LogEntry:0x00007fefed3f5608 @level="WARNING", @timestamp=1619646490211, @message="https://fromthefarmer.client-staging.deliverybizpro.com/admin/reports.php?report_type=followup - [DOM] Found 2 elements with non-unique id #action_value: (More info: https://goo.gl/9p2vKq) %o %o">]
Friend Referral Report,1.509152889251709,[#<Selenium::WebDriver::LogEntry:0x00007fefed42dd28 @level="WARNING", @timestamp=1619646492137, @message="https://fromthefarmer.client-staging.deliverybizpro.com/admin/reports.php?report_type=refer_friend 7 The key \"touch-action:\" is not recognized and ignored.">, #<Selenium::WebDriver::LogEntry:0x00007fefed42dd00 @level="WARNING", @timestamp=1619646492137, @message="https://fromthefarmer.client-staging.deliverybizpro.com/admin/reports.php?report_type=refer_friend 7 The key \"-ms-touch-action:\" is not recognized and ignored.">]
Friend Referral Report - Export to Excel,1.3407349586486816,[]
Minimum Order Report,1.4825427532196045,[#<Selenium::WebDriver::LogEntry:0x00007ff00d1be3b0 @level="WARNING", @timestamp=1619646496004, @message="https://fromthefarmer.client-staging.deliverybizpro.com/admin/reports.php?report_type=min_order_report 7 The key \"touch-action:\" is not recognized and ignored.">, #<Selenium::WebDriver::LogEntry:0x00007ff00d1be388 @level="WARNING", @timestamp=1619646496004, @message="https://fromthefarmer.client-staging.deliverybizpro.com/admin/reports.php?report_type=min_order_report 7 The key \"-ms-touch-action:\" is not recognized and ignored.">]
Minimum Order Report - Export to Excel,1.127316951751709,[]
Negative Balances,2.6766889095306396,[#<Selenium::WebDriver::LogEntry:0x00007feffd892d90 @level="WARNING", @timestamp=1619646500738, @message="https://fromthefarmer.client-staging.deliverybizpro.com/admin/reports.php?report_type=balance 7 The key \"touch-action:\" is not recognized and ignored.">, #<Selenium::WebDriver::LogEntry:0x00007feffd892cf0 @level="WARNING", @timestamp=1619646500738, @message="https://fromthefarmer.client-staging.deliverybizpro.com/admin/reports.php?report_type=balance 7 The key \"-ms-touch-action:\" is not recognized and ignored.">]
New Customers,1.5283350944519043,[#<Selenium::WebDriver::LogEntry:0x00007ff01e8e65f0 @level="WARNING", @timestamp=1619646503326, @message="https://fromthefarmer.client-staging.deliverybizpro.com/admin/reports.php?report_type=new 7 The key \"touch-action:\" is not recognized and ignored.">, #<Selenium::WebDriver::LogEntry:0x00007ff01e8e65c8 @level="WARNING", @timestamp=1619646503326, @message="https://fromthefarmer.client-staging.deliverybizpro.com/admin/reports.php?report_type=new 7 The key \"-ms-touch-action:\" is not recognized and ignored.">]
No Order Customers Report,1.5466642379760742,[#<Selenium::WebDriver::LogEntry:0x00007ff01e2a8c88 @level="WARNING", @timestamp=1619646507909, @message="https://fromthefarmer.client-staging.deliverybizpro.com/admin/reports.php?report_type=no_orders 7 The key \"touch-action:\" is not recognized and ignored.">, #<Selenium::WebDriver::LogEntry:0x00007ff01e2a8c60 @level="WARNING", @timestamp=1619646507909, @message="https://fromthefarmer.client-staging.deliverybizpro.com/admin/reports.php?report_type=no_orders 7 The key \"-ms-touch-action:\" is not recognized and ignored.">]
No Order Customers Report - Export to Excel,2.750969171524048,[#<Selenium::WebDriver::LogEntry:0x00007fefed31d910 @level="WARNING", @timestamp=1619646510241, @message="https://fromthefarmer.client-staging.deliverybizpro.com/admin/reports.php?report_type=no_orders - [DOM] Found 2 elements with non-unique id #action_value: (More info: https://goo.gl/9p2vKq) %o %o">]
No Payment Customers,4.283623218536377,[#<Selenium::WebDriver::LogEntry:0x00007fefed356d00 @level="WARNING", @timestamp=1619646515904, @message="https://fromthefarmer.client-staging.deliverybizpro.com/admin/reports.php?report_type=not_paid 7 The key \"touch-action:\" is not recognized and ignored.">, #<Selenium::WebDriver::LogEntry:0x00007fefed356cd8 @level="WARNING", @timestamp=1619646515905, @message="https://fromthefarmer.client-staging.deliverybizpro.com/admin/reports.php?report_type=not_paid 7 The key \"-ms-touch-action:\" is not recognized and ignored.">]
No Payment Customers - Export to Excel,4.227309942245483,[]
Customer Reporting,1.0724170207977295,[]
On Hold Report,1.4739909172058105,[#<Selenium::WebDriver::LogEntry:0x00007ff00d167510 @level="WARNING", @timestamp=1619646524819, @message="https://fromthefarmer.client-staging.deliverybizpro.com/admin/reports.php?report_type=on_hold 7 The key \"touch-action:\" is not recognized and ignored.">, #<Selenium::WebDriver::LogEntry:0x00007ff00d1674e8 @level="WARNING", @timestamp=1619646524819, @message="https://fromthefarmer.client-staging.deliverybizpro.com/admin/reports.php?report_type=on_hold 7 The key \"-ms-touch-action:\" is not recognized and ignored.">]
Past Due Customers,1.5360841751098633,[#<Selenium::WebDriver::LogEntry:0x00007ff01e3638f8 @level="WARNING", @timestamp=1619646529355, @message="https://fromthefarmer.client-staging.deliverybizpro.com/admin/reports.php?report_type=due 7 The key \"touch-action:\" is not recognized and ignored.">, #<Selenium::WebDriver::LogEntry:0x00007ff01e3638d0 @level="WARNING", @timestamp=1619646529355, @message="https://fromthefarmer.client-staging.deliverybizpro.com/admin/reports.php?report_type=due 7 The key \"-ms-touch-action:\" is not recognized and ignored.">]
Past Due Customers - Export to Excel,1.4490110874176025,[]
Customer Reporting,1.0699951648712158,[]
Recurring Order Report,1.4917058944702148,[#<Selenium::WebDriver::LogEntry:0x00007fefd8027d88 @level="WARNING", @timestamp=1619646535414, @message="https://fromthefarmer.client-staging.deliverybizpro.com/admin/reports.php?report_type=recurring_orders 7 The key \"touch-action:\" is not recognized and ignored.">, #<Selenium::WebDriver::LogEntry:0x00007fefd8027d60 @level="WARNING", @timestamp=1619646535414, @message="https://fromthefarmer.client-staging.deliverybizpro.com/admin/reports.php?report_type=recurring_orders 7 The key \"-ms-touch-action:\" is not recognized and ignored.">]
Recurring Order Report - Export to Excel,1.5331149101257324,[]
Retention Report,1.5209341049194336,[#<Selenium::WebDriver::LogEntry:0x00007fefed3b6660 @level="WARNING", @timestamp=1619646539466, @message="https://fromthefarmer.client-staging.deliverybizpro.com/admin/reports.php?report_type=customer_retention 7 The key \"touch-action:\" is not recognized and ignored.">, #<Selenium::WebDriver::LogEntry:0x00007fefed3b6638 @level="WARNING", @timestamp=1619646539466, @message="https://fromthefarmer.client-staging.deliverybizpro.com/admin/reports.php?report_type=customer_retention 7 The key \"-ms-touch-action:\" is not recognized and ignored.">]
Show Inactive Customers,1.5031368732452393,[#<Selenium::WebDriver::LogEntry:0x00007fefed3eba40 @level="WARNING", @timestamp=1619646544050, @message="https://fromthefarmer.client-staging.deliverybizpro.com/admin/reports.php?report_type=inactive_customers 7 The key \"touch-action:\" is not recognized and ignored.">, #<Selenium::WebDriver::LogEntry:0x00007fefed3eba18 @level="WARNING", @timestamp=1619646544050, @message="https://fromthefarmer.client-staging.deliverybizpro.com/admin/reports.php?report_type=inactive_customers 7 The key \"-ms-touch-action:\" is not recognized and ignored.">]
Show Inactive Customers - Export to Excel,1.5136620998382568,[]
Total Customers Report,1.4739718437194824,[#<Selenium::WebDriver::LogEntry:0x00007ff01e386ec0 @level="WARNING", @timestamp=1619646570085, @message="https://fromthefarmer.client-staging.deliverybizpro.com/admin/reports.php?report_type=total_customers 7 The key \"touch-action:\" is not recognized and ignored.">, #<Selenium::WebDriver::LogEntry:0x00007ff01e386e98 @level="WARNING", @timestamp=1619646570085, @message="https://fromthefarmer.client-staging.deliverybizpro.com/admin/reports.php?report_type=total_customers 7 The key \"-ms-touch-action:\" is not recognized and ignored.">]
Total Customers Report - Export to Excel,1.0767149925231934,[]
Vacation Report,1.479686975479126,[#<Selenium::WebDriver::LogEntry:0x00007ff00d1e3520 @level="WARNING", @timestamp=1619646573658, @message="https://fromthefarmer.client-staging.deliverybizpro.com/admin/reports.php?report_type=vacation 7 The key \"touch-action:\" is not recognized and ignored.">, #<Selenium::WebDriver::LogEntry:0x00007ff00d1e34f8 @level="WARNING", @timestamp=1619646573658, @message="https://fromthefarmer.client-staging.deliverybizpro.com/admin/reports.php?report_type=vacation 7 The key \"-ms-touch-action:\" is not recognized and ignored.">]
Vacation Report - Export to Excel,1.0890588760375977,[#<Selenium::WebDriver::LogEntry:0x00007ff00d1254a8 @level="WARNING", @timestamp=1619646575877, @message="https://fromthefarmer.client-staging.deliverybizpro.com/admin/reports.php?report_type=vacation - [DOM] Found 2 elements with non-unique id #action_value: (More info: https://goo.gl/9p2vKq) %o %o">]
Misc. Reporting,1.0998320579528809,[]
Contact Us Report,2.869107961654663,[#<Selenium::WebDriver::LogEntry:0x00007ff01e2d0300 @level="WARNING", @timestamp=1619646602582, @message="https://fromthefarmer.client-staging.deliverybizpro.com/admin/reports.php?report_type=contact_us 7 The key \"touch-action:\" is not recognized and ignored.">, #<Selenium::WebDriver::LogEntry:0x00007ff01e2d02d8 @level="WARNING", @timestamp=1619646602582, @message="https://fromthefarmer.client-staging.deliverybizpro.com/admin/reports.php?report_type=contact_us 7 The key \"-ms-touch-action:\" is not recognized and ignored.">]
Contact Us Report - Export to Excel,1.0812709331512451,[]
Coupon Usage,1.517888069152832,[#<Selenium::WebDriver::LogEntry:0x00007fefed35f798 @level="WARNING", @timestamp=1619646606310, @message="https://fromthefarmer.client-staging.deliverybizpro.com/admin/reports.php?report_type=coupons 7 The key \"touch-action:\" is not recognized and ignored.">, #<Selenium::WebDriver::LogEntry:0x00007fefed35f770 @level="WARNING", @timestamp=1619646606311, @message="https://fromthefarmer.client-staging.deliverybizpro.com/admin/reports.php?report_type=coupons 7 The key \"-ms-touch-action:\" is not recognized and ignored.">]
Coupon Usage - Export to Excel,1.1629657745361328,[#<Selenium::WebDriver::LogEntry:0x00007ff01d155300 @level="WARNING", @timestamp=1619646608582, @message="https://fromthefarmer.client-staging.deliverybizpro.com/admin/reports.php?report_type=coupons - [DOM] Found 2 elements with non-unique id #action_value: (More info: https://goo.gl/9p2vKq) %o %o">]
Missing Orders,1.8088130950927734,[#<Selenium::WebDriver::LogEntry:0x00007feffd8cf718 @level="WARNING", @timestamp=1619646632106, @message="https://fromthefarmer.client-staging.deliverybizpro.com/admin/reports.php?report_type=missing_orders 7 The key \"touch-action:\" is not recognized and ignored.">, #<Selenium::WebDriver::LogEntry:0x00007feffd8cf6f0 @level="WARNING", @timestamp=1619646632106, @message="https://fromthefarmer.client-staging.deliverybizpro.com/admin/reports.php?report_type=missing_orders 7 The key \"-ms-touch-action:\" is not recognized and ignored.">, #<Selenium::WebDriver::LogEntry:0x00007feffd8cf6c8 @level="SEVERE", @timestamp=1619646632367, @message="https://fromthefarmer.client-staging.deliverybizpro.com/admin/skin1/admin/admin-modal.css - Failed to load resource: the server responded with a status of 404 ()">, #<Selenium::WebDriver::LogEntry:0x00007feffd8cf6a0 @level="SEVERE", @timestamp=1619646632488, @message="https://fromthefarmer.client-staging.deliverybizpro.com/admin/skin1/admin/admin-modal.css - Failed to load resource: the server responded with a status of 404 ()">]
Coupons,1.4864990711212158,[#<Selenium::WebDriver::LogEntry:0x00007ff01e351860 @level="WARNING", @timestamp=1619646640977, @message="https://fromthefarmer.client-staging.deliverybizpro.com/admin/discount_coupons.php 7 The key \"touch-action:\" is not recognized and ignored.">, #<Selenium::WebDriver::LogEntry:0x00007ff01e351838 @level="WARNING", @timestamp=1619646640977, @message="https://fromthefarmer.client-staging.deliverybizpro.com/admin/discount_coupons.php 7 The key \"-ms-touch-action:\" is not recognized and ignored.">, #<Selenium::WebDriver::LogEntry:0x00007ff01e3517e8 @level="WARNING", @timestamp=1619646642114, @message="https://fromthefarmer.client-staging.deliverybizpro.com/admin/discount_coupons.php - [DOM] Found 2 elements with non-unique id #action_value: (More info: https://goo.gl/9p2vKq) %o %o">]
Coupon Events,1.4712810516357422,[#<Selenium::WebDriver::LogEntry:0x00007ff01e986e38 @level="WARNING", @timestamp=1619646645502, @message="https://fromthefarmer.client-staging.deliverybizpro.com/admin/coupon_events.php 7 The key \"touch-action:\" is not recognized and ignored.">, #<Selenium::WebDriver::LogEntry:0x00007ff01e986e10 @level="WARNING", @timestamp=1619646645502, @message="https://fromthefarmer.client-staging.deliverybizpro.com/admin/coupon_events.php 7 The key \"-ms-touch-action:\" is not recognized and ignored.">]
Countdown Products,1.444408655166626,[#<Selenium::WebDriver::LogEntry:0x00007ff01e9cf070 @level="WARNING", @timestamp=1619646650032, @message="https://fromthefarmer.client-staging.deliverybizpro.com/admin/reports.php?report_type=countdown_mgmt 7 The key \"touch-action:\" is not recognized and ignored.">, #<Selenium::WebDriver::LogEntry:0x00007ff01e9cf048 @level="WARNING", @timestamp=1619646650033, @message="https://fromthefarmer.client-staging.deliverybizpro.com/admin/reports.php?report_type=countdown_mgmt 7 The key \"-ms-touch-action:\" is not recognized and ignored.">]
Countdown Products - Export to Excel,1.1431550979614258,[]
Global Discounts,1.562286138534546,[#<Selenium::WebDriver::LogEntry:0x00007fefed367920 @level="WARNING", @timestamp=1619646653742, @message="https://fromthefarmer.client-staging.deliverybizpro.com/provider/discounts.php 7 The key \"touch-action:\" is not recognized and ignored.">, #<Selenium::WebDriver::LogEntry:0x00007fefed3678f8 @level="WARNING", @timestamp=1619646653742, @message="https://fromthefarmer.client-staging.deliverybizpro.com/provider/discounts.php 7 The key \"-ms-touch-action:\" is not recognized and ignored.">]
Featured Products,1.6589457988739014,[#<Selenium::WebDriver::LogEntry:0x00007fefed3aee38 @level="WARNING", @timestamp=1619646658268, @message="https://fromthefarmer.client-staging.deliverybizpro.com/admin/products?search_criteria=featured_product 7 The key \"touch-action:\" is not recognized and ignored.">, #<Selenium::WebDriver::LogEntry:0x00007fefed3aee10 @level="WARNING", @timestamp=1619646658268, @message="https://fromthefarmer.client-staging.deliverybizpro.com/admin/products?search_criteria=featured_product 7 The key \"-ms-touch-action:\" is not recognized and ignored.">, #<Selenium::WebDriver::LogEntry:0x00007fefed3aede8 @level="WARNING", @timestamp=1619646658509, @message="https://fromthefarmer.client-staging.deliverybizpro.com/admin/products?search_criteria=featured_product - [DOM] Found 2 elements with non-unique id #collapse-quantity: (More info: https://goo.gl/9p2vKq) %o %o">]
Sale Items,1.5630242824554443,[#<Selenium::WebDriver::LogEntry:0x00007ff01e373988 @level="WARNING", @timestamp=1619646662954, @message="https://fromthefarmer.client-staging.deliverybizpro.com/admin/products?search_criteria=sale_item 7 The key \"touch-action:\" is not recognized and ignored.">, #<Selenium::WebDriver::LogEntry:0x00007ff01e373960 @level="WARNING", @timestamp=1619646662954, @message="https://fromthefarmer.client-staging.deliverybizpro.com/admin/products?search_criteria=sale_item 7 The key \"-ms-touch-action:\" is not recognized and ignored.">, #<Selenium::WebDriver::LogEntry:0x00007ff01e373938 @level="WARNING", @timestamp=1619646663121, @message="https://fromthefarmer.client-staging.deliverybizpro.com/admin/products?search_criteria=sale_item - [DOM] Found 2 elements with non-unique id #collapse-quantity: (More info: https://goo.gl/9p2vKq) %o %o">]
Manage Cross-Selling,1.5109341144561768,[#<Selenium::WebDriver::LogEntry:0x00007fefed3f65d0 @level="WARNING", @timestamp=1619646667611, @message="https://fromthefarmer.client-staging.deliverybizpro.com/admin/reports.php?report_type=upselling 7 The key \"touch-action:\" is not recognized and ignored.">, #<Selenium::WebDriver::LogEntry:0x00007fefed3f65a8 @level="WARNING", @timestamp=1619646667611, @message="https://fromthefarmer.client-staging.deliverybizpro.com/admin/reports.php?report_type=upselling 7 The key \"-ms-touch-action:\" is not recognized and ignored.">]
Manage Cross-Selling - Export to Excel,1.1267650127410889,[]
First Time Order Specials,1.5306117534637451,[#<Selenium::WebDriver::LogEntry:0x00007ff01d1b2be0 @level="WARNING", @timestamp=1619646671223, @message="https://fromthefarmer.client-staging.deliverybizpro.com/admin/products?search_criteria=first_time_order 7 The key \"touch-action:\" is not recognized and ignored.">, #<Selenium::WebDriver::LogEntry:0x00007ff01d1b2bb8 @level="WARNING", @timestamp=1619646671223, @message="https://fromthefarmer.client-staging.deliverybizpro.com/admin/products?search_criteria=first_time_order 7 The key \"-ms-touch-action:\" is not recognized and ignored.">, #<Selenium::WebDriver::LogEntry:0x00007ff01d1b2b90 @level="WARNING", @timestamp=1619646671381, @message="https://fromthefarmer.client-staging.deliverybizpro.com/admin/products?search_criteria=first_time_order - [DOM] Found 2 elements with non-unique id #collapse-quantity: (More info: https://goo.gl/9p2vKq) %o %o">]
Search Orders,1.7064461708068848,[#<Selenium::WebDriver::LogEntry:0x00007ff00d1c9710 @level="WARNING", @timestamp=1619646675850, @message="https://fromthefarmer.client-staging.deliverybizpro.com/admin/orders.php 7 The key \"touch-action:\" is not recognized and ignored.">, #<Selenium::WebDriver::LogEntry:0x00007ff00d1c96e8 @level="WARNING", @timestamp=1619646675850, @message="https://fromthefarmer.client-staging.deliverybizpro.com/admin/orders.php 7 The key \"-ms-touch-action:\" is not recognized and ignored.">]
This Week's Orders,2.005645275115967,[#<Selenium::WebDriver::LogEntry:0x00007ff01d1da7a8 @level="WARNING", @timestamp=1619646684871, @message="https://fromthefarmer.client-staging.deliverybizpro.com/admin/orders.php?mode=search 7 The key \"touch-action:\" is not recognized and ignored.">, #<Selenium::WebDriver::LogEntry:0x00007ff01d1da780 @level="WARNING", @timestamp=1619646684871, @message="https://fromthefarmer.client-staging.deliverybizpro.com/admin/orders.php?mode=search 7 The key \"-ms-touch-action:\" is not recognized and ignored.">]
Next Week's Orders,2.0732920169830322,[#<Selenium::WebDriver::LogEntry:0x00007fefed1f4200 @level="WARNING", @timestamp=1619646689955, @message="https://fromthefarmer.client-staging.deliverybizpro.com/admin/orders.php?mode=search 7 The key \"touch-action:\" is not recognized and ignored.">, #<Selenium::WebDriver::LogEntry:0x00007fefed1fffb0 @level="WARNING", @timestamp=1619646689955, @message="https://fromthefarmer.client-staging.deliverybizpro.com/admin/orders.php?mode=search 7 The key \"-ms-touch-action:\" is not recognized and ignored.">]
Create Purchase Order,2.461061954498291,[#<Selenium::WebDriver::LogEntry:0x00007ff01d07b178 @level="WARNING", @timestamp=1619646694711, @message="https://fromthefarmer.client-staging.deliverybizpro.com/admin/router.php#/adv-purchase-order/create 7 The key \"touch-action:\" is not recognized and ignored.">, #<Selenium::WebDriver::LogEntry:0x00007ff01d07af20 @level="WARNING", @timestamp=1619646694711, @message="https://fromthefarmer.client-staging.deliverybizpro.com/admin/router.php#/adv-purchase-order/create 7 The key \"-ms-touch-action:\" is not recognized and ignored.">]
View Purchase Orders,1.060110092163086,[]
Autoresponders,1.6020641326904297,[#<Selenium::WebDriver::LogEntry:0x00007fefed30ab58 @level="WARNING", @timestamp=1619646704407, @message="https://fromthefarmer.client-staging.deliverybizpro.com/admin/news.php?mode=messages&targetlist=2 7 The key \"touch-action:\" is not recognized and ignored.">, #<Selenium::WebDriver::LogEntry:0x00007fefed30ab30 @level="WARNING", @timestamp=1619646704407, @message="https://fromthefarmer.client-staging.deliverybizpro.com/admin/news.php?mode=messages&targetlist=2 7 The key \"-ms-touch-action:\" is not recognized and ignored.">]
General News List,1.5762989521026611,[#<Selenium::WebDriver::LogEntry:0x00007fefed35cc00 @level="WARNING", @timestamp=1619646708960, @message="https://fromthefarmer.client-staging.deliverybizpro.com/admin/router.php#/newsletters-list/3 7 The key \"touch-action:\" is not recognized and ignored.">, #<Selenium::WebDriver::LogEntry:0x00007fefed35cbd8 @level="WARNING", @timestamp=1619646708960, @message="https://fromthefarmer.client-staging.deliverybizpro.com/admin/router.php#/newsletters-list/3 7 The key \"-ms-touch-action:\" is not recognized and ignored.">]
Unsubscribers,1.3448970317840576,[#<Selenium::WebDriver::LogEntry:0x00007ff01d145f40 @level="SEVERE", @timestamp=1619646721670, @message="https://fromthefarmer.client-staging.deliverybizpro.com/admin/unsubscribers - Failed to load resource: the server responded with a status of 502 ()">]
States,1.6518139839172363,[#<Selenium::WebDriver::LogEntry:0x00007fefed3577c8 @level="WARNING", @timestamp=1619646802605, @message="https://fromthefarmer.client-staging.deliverybizpro.com/admin/router.php#/newsletters-list/3 7 The key \"touch-action:\" is not recognized and ignored.">, #<Selenium::WebDriver::LogEntry:0x00007fefed3577a0 @level="WARNING", @timestamp=1619646802605, @message="https://fromthefarmer.client-staging.deliverybizpro.com/admin/router.php#/newsletters-list/3 7 The key \"-ms-touch-action:\" is not recognized and ignored.">, #<Selenium::WebDriver::LogEntry:0x00007fefed357778 @level="SEVERE", @timestamp=1619647025828, @message="https://fromthefarmer.client-staging.deliverybizpro.com/admin/unsubscribers - Failed to load resource: the server responded with a status of 502 ()">, #<Selenium::WebDriver::LogEntry:0x00007fefed357750 @level="WARNING", @timestamp=1619647025829, @message="https://fromthefarmer.client-staging.deliverybizpro.com/admin/router.php#/newsletters-list/3 7 The key \"touch-action:\" is not recognized and ignored.">, #<Selenium::WebDriver::LogEntry:0x00007fefed357728 @level="WARNING", @timestamp=1619647025829, @message="https://fromthefarmer.client-staging.deliverybizpro.com/admin/router.php#/newsletters-list/3 7 The key \"-ms-touch-action:\" is not recognized and ignored.">, #<Selenium::WebDriver::LogEntry:0x00007fefed357700 @level="WARNING", @timestamp=1619647026200, @message="https://fromthefarmer.client-staging.deliverybizpro.com/admin/states.php 7 The key \"touch-action:\" is not recognized and ignored.">, #<Selenium::WebDriver::LogEntry:0x00007fefed3576d8 @level="WARNING", @timestamp=1619647026200, @message="https://fromthefarmer.client-staging.deliverybizpro.com/admin/states.php 7 The key \"-ms-touch-action:\" is not recognized and ignored.">]
Settings,1.073195219039917,[]
Export/Import Cities,1.492248773574829,[#<Selenium::WebDriver::LogEntry:0x00007ff01d165278 @level="WARNING", @timestamp=1619647035021, @message="https://fromthefarmer.client-staging.deliverybizpro.com/admin/cities_export_import.php 7 The key \"touch-action:\" is not recognized and ignored.">, #<Selenium::WebDriver::LogEntry:0x00007ff01d165250 @level="WARNING", @timestamp=1619647035021, @message="https://fromthefarmer.client-staging.deliverybizpro.com/admin/cities_export_import.php 7 The key \"-ms-touch-action:\" is not recognized and ignored.">]
Summary,1.5483152866363525,[#<Selenium::WebDriver::LogEntry:0x00007ff00d167358 @level="WARNING", @timestamp=1619647039593, @message="https://fromthefarmer.client-staging.deliverybizpro.com/admin/general.php 7 The key \"touch-action:\" is not recognized and ignored.">, #<Selenium::WebDriver::LogEntry:0x00007ff00d167330 @level="WARNING", @timestamp=1619647039593, @message="https://fromthefarmer.client-staging.deliverybizpro.com/admin/general.php 7 The key \"-ms-touch-action:\" is not recognized and ignored.">]
Credit card types,1.5263867378234863,[#<Selenium::WebDriver::LogEntry:0x00007ff01e363768 @level="WARNING", @timestamp=1619647044183, @message="https://fromthefarmer.client-staging.deliverybizpro.com/admin/card_types.php 7 The key \"touch-action:\" is not recognized and ignored.">, #<Selenium::WebDriver::LogEntry:0x00007ff01e363740 @level="WARNING", @timestamp=1619647044183, @message="https://fromthefarmer.client-staging.deliverybizpro.com/admin/card_types.php 7 The key \"-ms-touch-action:\" is not recognized and ignored.">]
General Settings,2.0141758918762207,[#<Selenium::WebDriver::LogEntry:0x00007ff01e98d670 @level="WARNING", @timestamp=1619647048799, @message="https://fromthefarmer.client-staging.deliverybizpro.com/admin/configuration 7 The key \"touch-action:\" is not recognized and ignored.">, #<Selenium::WebDriver::LogEntry:0x00007ff01e98d648 @level="WARNING", @timestamp=1619647048799, @message="https://fromthefarmer.client-staging.deliverybizpro.com/admin/configuration 7 The key \"-ms-touch-action:\" is not recognized and ignored.">]
Languages,1.6061341762542725,[#<Selenium::WebDriver::LogEntry:0x00007ff01e9df088 @level="WARNING", @timestamp=1619647053787, @message="https://fromthefarmer.client-staging.deliverybizpro.com/admin/languages.php 7 The key \"touch-action:\" is not recognized and ignored.">, #<Selenium::WebDriver::LogEntry:0x00007ff01e9defe8 @level="WARNING", @timestamp=1619647053787, @message="https://fromthefarmer.client-staging.deliverybizpro.com/admin/languages.php 7 The key \"-ms-touch-action:\" is not recognized and ignored.">, #<Selenium::WebDriver::LogEntry:0x00007ff01e9defc0 @level="SEVERE", @timestamp=1619647053960, @message="https://fromthefarmer.client-staging.deliverybizpro.com/tinymce/tiny_mce.js - Failed to load resource: the server responded with a status of 404 ()">]
Modules,2.39103102684021,[#<Selenium::WebDriver::LogEntry:0x00007fefd8024c50 @level="WARNING", @timestamp=1619647058553, @message="https://fromthefarmer.client-staging.deliverybizpro.com/admin/modules.php 7 The key \"touch-action:\" is not recognized and ignored.">, #<Selenium::WebDriver::LogEntry:0x00007fefd8024c28 @level="WARNING", @timestamp=1619647058553, @message="https://fromthefarmer.client-staging.deliverybizpro.com/admin/modules.php 7 The key \"-ms-touch-action:\" is not recognized and ignored.">]
Payment Methods,1.7949621677398682,[#<Selenium::WebDriver::LogEntry:0x00007feffd925410 @level="WARNING", @timestamp=1619647063875, @message="https://fromthefarmer.client-staging.deliverybizpro.com/admin/payment_methods.php 7 The key \"touch-action:\" is not recognized and ignored.">, #<Selenium::WebDriver::LogEntry:0x00007feffd9253e8 @level="WARNING", @timestamp=1619647063875, @message="https://fromthefarmer.client-staging.deliverybizpro.com/admin/payment_methods.php 7 The key \"-ms-touch-action:\" is not recognized and ignored.">]
Clear templates cache,1.3336539268493652,[#<Selenium::WebDriver::LogEntry:0x00007fefed3a4078 @level="SEVERE", @timestamp=1619647068629, @message="https://fromthefarmer.client-staging.deliverybizpro.com/admin/general.php?mode=templates - Failed to load resource: the server responded with a status of 502 ()">]
