Dashboard,2.1940500736236572,[#<Selenium::WebDriver::LogEntry:0x00007f8071dd44a8 @level="WARNING", @timestamp=1619112157853, @message="https://dundurnmarket.com/admin/login 7 The key \"touch-action:\" is not recognized and ignored.">, #<Selenium::WebDriver::LogEntry:0x00007f8071dd4480 @level="WARNING", @timestamp=1619112157853, @message="https://dundurnmarket.com/admin/login 7 The key \"-ms-touch-action:\" is not recognized and ignored.">, #<Selenium::WebDriver::LogEntry:0x00007f8071dd4458 @level="WARNING", @timestamp=1619112167742, @message="https://dundurnmarket.com/admin/home.php 7 The key \"touch-action:\" is not recognized and ignored.">, #<Selenium::WebDriver::LogEntry:0x00007f8071dd4430 @level="WARNING", @timestamp=1619112167743, @message="https://dundurnmarket.com/admin/home.php 7 The key \"-ms-touch-action:\" is not recognized and ignored.">, #<Selenium::WebDriver::LogEntry:0x00007f8071dd4408 @level="WARNING", @timestamp=1619112171437, @message="https://dundurnmarket.com/admin/home.php 7 The key \"touch-action:\" is not recognized and ignored.">, #<Selenium::WebDriver::LogEntry:0x00007f8071dd43e0 @level="WARNING", @timestamp=1619112171437, @message="https://dundurnmarket.com/admin/home.php 7 The key \"-ms-touch-action:\" is not recognized and ignored.">]
Customers,1.0703811645507812,[]
Search for Customers,2.355356216430664,[#<Selenium::WebDriver::LogEntry:0x00007f8071934a38 @level="WARNING", @timestamp=1619112192902, @message="https://dundurnmarket.com/admin/users.php?mode=search&usertype=C&refresh=1&sort=last_login&sort_direction=1 14 The key \"touch-action:\" is not recognized and ignored.">, #<Selenium::WebDriver::LogEntry:0x00007f80719344e8 @level="WARNING", @timestamp=1619112192902, @message="https://dundurnmarket.com/admin/users.php?mode=search&usertype=C&refresh=1&sort=last_login&sort_direction=1 14 The key \"-ms-touch-action:\" is not recognized and ignored.">, #<Selenium::WebDriver::LogEntry:0x00007f8071934330 @level="WARNING", @timestamp=1619112193636, @message="https://dundurnmarket.com/admin/users.php?mode=search&usertype=C&refresh=1&sort=last_login&sort_direction=1 - [DOM] Found 2 elements with non-unique id #frm-users-search: (More info: https://goo.gl/9p2vKq) %o %o">, #<Selenium::WebDriver::LogEntry:0x00007f8071934088 @level="WARNING", @timestamp=1619112193636, @message="https://dundurnmarket.com/admin/users.php?mode=search&usertype=C&refresh=1&sort=last_login&sort_direction=1 - [DOM] Found 2 elements with non-unique id #posted_data[orders_count_type]: (More info: https://goo.gl/9p2vKq) %o %o">]
Create Customer Profile,3.321643114089966,[#<Selenium::WebDriver::LogEntry:0x00007f8071adfc20 @level="WARNING", @timestamp=1619112198478, @message="https://dundurnmarket.com/admin/user_add.php?usertype=C 7 The key \"touch-action:\" is not recognized and ignored.">, #<Selenium::WebDriver::LogEntry:0x00007f8071adfb08 @level="WARNING", @timestamp=1619112198478, @message="https://dundurnmarket.com/admin/user_add.php?usertype=C 7 The key \"-ms-touch-action:\" is not recognized and ignored.">]
Import Customers,5.1744771003723145,[#<Selenium::WebDriver::LogEntry:0x00007f8071c36538 @level="WARNING", @timestamp=1619112204577, @message="https://dundurnmarket.com/admin/customers_import.php 7 The key \"touch-action:\" is not recognized and ignored.">, #<Selenium::WebDriver::LogEntry:0x00007f8071c36498 @level="WARNING", @timestamp=1619112204577, @message="https://dundurnmarket.com/admin/customers_import.php 7 The key \"-ms-touch-action:\" is not recognized and ignored.">]
Export Customers,4.261123895645142,[#<Selenium::WebDriver::LogEntry:0x00007f80720ee260 @level="WARNING", @timestamp=1619112212732, @message="https://dundurnmarket.com/admin/router.php?r=export-users#/export-users 7 The key \"touch-action:\" is not recognized and ignored.">, #<Selenium::WebDriver::LogEntry:0x00007f80720ee238 @level="WARNING", @timestamp=1619112212732, @message="https://dundurnmarket.com/admin/router.php?r=export-users#/export-users 7 The key \"-ms-touch-action:\" is not recognized and ignored.">]
Export Customer Emails,1.611414909362793,[#<Selenium::WebDriver::LogEntry:0x00007f807118abe8 @level="WARNING", @timestamp=1619112220044, @message="https://dundurnmarket.com/admin/export_users_emails.php 7 The key \"touch-action:\" is not recognized and ignored.">, #<Selenium::WebDriver::LogEntry:0x00007f807118abc0 @level="WARNING", @timestamp=1619112220044, @message="https://dundurnmarket.com/admin/export_users_emails.php 7 The key \"-ms-touch-action:\" is not recognized and ignored.">]
Edit/Create Membership Levels,2.2111241817474365,[#<Selenium::WebDriver::LogEntry:0x00007f8075925188 @level="WARNING", @timestamp=1619112224773, @message="https://dundurnmarket.com/admin/memberships.php?usertype=C 7 The key \"touch-action:\" is not recognized and ignored.">, #<Selenium::WebDriver::LogEntry:0x00007f8075925110 @level="WARNING", @timestamp=1619112224774, @message="https://dundurnmarket.com/admin/memberships.php?usertype=C 7 The key \"-ms-touch-action:\" is not recognized and ignored.">]
Customer Notes,1.8744819164276123,[#<Selenium::WebDriver::LogEntry:0x00007f8071cdf458 @level="WARNING", @timestamp=1619112230140, @message="https://dundurnmarket.com/admin/customer_notes.php 7 The key \"touch-action:\" is not recognized and ignored.">, #<Selenium::WebDriver::LogEntry:0x00007f8071cdf430 @level="WARNING", @timestamp=1619112230141, @message="https://dundurnmarket.com/admin/customer_notes.php 7 The key \"-ms-touch-action:\" is not recognized and ignored.">]
Administrators,1.0823438167572021,[]
Search for Admins,1.781749963760376,[#<Selenium::WebDriver::LogEntry:0x00007f8071d49628 @level="WARNING", @timestamp=1619112239077, @message="https://dundurnmarket.com/admin/users.php?mode=search&usertype=P&refresh=1 7 The key \"touch-action:\" is not recognized and ignored.">, #<Selenium::WebDriver::LogEntry:0x00007f8071d49600 @level="WARNING", @timestamp=1619112239077, @message="https://dundurnmarket.com/admin/users.php?mode=search&usertype=P&refresh=1 7 The key \"-ms-touch-action:\" is not recognized and ignored.">, #<Selenium::WebDriver::LogEntry:0x00007f8071d495b0 @level="WARNING", @timestamp=1619112239270, @message="https://dundurnmarket.com/admin/users.php?mode=search&usertype=P&refresh=1 - [DOM] Found 2 elements with non-unique id #frm-users-search: (More info: https://goo.gl/9p2vKq) %o %o">]
Create Admin Profile,1.8724348545074463,[#<Selenium::WebDriver::LogEntry:0x00007f8075929030 @level="WARNING", @timestamp=1619112244007, @message="https://dundurnmarket.com/admin/user_add.php?usertype=P 7 The key \"touch-action:\" is not recognized and ignored.">, #<Selenium::WebDriver::LogEntry:0x00007f8075929008 @level="WARNING", @timestamp=1619112244007, @message="https://dundurnmarket.com/admin/user_add.php?usertype=P 7 The key \"-ms-touch-action:\" is not recognized and ignored.">]
Access Control,1.5646247863769531,[#<Selenium::WebDriver::LogEntry:0x00007f805111d8d8 @level="WARNING", @timestamp=1619112248648, @message="https://dundurnmarket.com/admin/access_control.php 7 The key \"touch-action:\" is not recognized and ignored.">, #<Selenium::WebDriver::LogEntry:0x00007f805111d8b0 @level="WARNING", @timestamp=1619112248648, @message="https://dundurnmarket.com/admin/access_control.php 7 The key \"-ms-touch-action:\" is not recognized and ignored.">]
Edit/Create Membership Levels,1.6450791358947754,[#<Selenium::WebDriver::LogEntry:0x00007f80759689d8 @level="WARNING", @timestamp=1619112253337, @message="https://dundurnmarket.com/admin/memberships.php?usertype=P 7 The key \"touch-action:\" is not recognized and ignored.">, #<Selenium::WebDriver::LogEntry:0x00007f80759689b0 @level="WARNING", @timestamp=1619112253337, @message="https://dundurnmarket.com/admin/memberships.php?usertype=P 7 The key \"-ms-touch-action:\" is not recognized and ignored.">]
Drivers,1.0784871578216553,[]
Search for Drivers,1.6683557033538818,[#<Selenium::WebDriver::LogEntry:0x00007f80518ed590 @level="WARNING", @timestamp=1619112282222, @message="https://dundurnmarket.com/admin/users.php?mode=search&usertype=D&refresh=1 14 The key \"touch-action:\" is not recognized and ignored.">, #<Selenium::WebDriver::LogEntry:0x00007f80518ed568 @level="WARNING", @timestamp=1619112282222, @message="https://dundurnmarket.com/admin/users.php?mode=search&usertype=D&refresh=1 14 The key \"-ms-touch-action:\" is not recognized and ignored.">, #<Selenium::WebDriver::LogEntry:0x00007f80518ed540 @level="WARNING", @timestamp=1619112282389, @message="https://dundurnmarket.com/admin/users.php?mode=search&usertype=D&refresh=1 - [DOM] Found 2 elements with non-unique id #frm-users-search: (More info: https://goo.gl/9p2vKq) %o %o">]
Create Driver Profile,1.5960428714752197,[#<Selenium::WebDriver::LogEntry:0x00007f8071d98070 @level="WARNING", @timestamp=1619112286929, @message="https://dundurnmarket.com/admin/user_add.php?usertype=D 7 The key \"touch-action:\" is not recognized and ignored.">, #<Selenium::WebDriver::LogEntry:0x00007f8071d98048 @level="WARNING", @timestamp=1619112286929, @message="https://dundurnmarket.com/admin/user_add.php?usertype=D 7 The key \"-ms-touch-action:\" is not recognized and ignored.">]
Edit/Create Membership Levels,1.5398390293121338,[#<Selenium::WebDriver::LogEntry:0x00007f807213ebe8 @level="WARNING", @timestamp=1619112291544, @message="https://dundurnmarket.com/admin/memberships.php?usertype=D 7 The key \"touch-action:\" is not recognized and ignored.">, #<Selenium::WebDriver::LogEntry:0x00007f807213ebc0 @level="WARNING", @timestamp=1619112291544, @message="https://dundurnmarket.com/admin/memberships.php?usertype=D 7 The key \"-ms-touch-action:\" is not recognized and ignored.">]
Suppliers,1.1046059131622314,[]
Search for Suppliers,2.143475294113159,[#<Selenium::WebDriver::LogEntry:0x00007f80711f8580 @level="WARNING", @timestamp=1619112300570, @message="https://dundurnmarket.com/admin/users.php?mode=search&usertype=U&refresh=1 14 The key \"touch-action:\" is not recognized and ignored.">, #<Selenium::WebDriver::LogEntry:0x00007f80711f8558 @level="WARNING", @timestamp=1619112300570, @message="https://dundurnmarket.com/admin/users.php?mode=search&usertype=U&refresh=1 14 The key \"-ms-touch-action:\" is not recognized and ignored.">, #<Selenium::WebDriver::LogEntry:0x00007f80711f8530 @level="WARNING", @timestamp=1619112300981, @message="https://dundurnmarket.com/admin/users.php?mode=search&usertype=U&refresh=1 - [DOM] Found 2 elements with non-unique id #frm-users-search: (More info: https://goo.gl/9p2vKq) %o %o">]
Create Supplier Profile,2.0787179470062256,[#<Selenium::WebDriver::LogEntry:0x00007f80712031b0 @level="WARNING", @timestamp=1619112305770, @message="https://dundurnmarket.com/admin/user_add.php?usertype=U 7 The key \"touch-action:\" is not recognized and ignored.">, #<Selenium::WebDriver::LogEntry:0x00007f8071203188 @level="WARNING", @timestamp=1619112305770, @message="https://dundurnmarket.com/admin/user_add.php?usertype=U 7 The key \"-ms-touch-action:\" is not recognized and ignored.">]
Edit/Search Products,3.5605170726776123,[#<Selenium::WebDriver::LogEntry:0x00007f80759b9d10 @level="WARNING", @timestamp=1619112311669, @message="https://dundurnmarket.com/admin/products 7 The key \"touch-action:\" is not recognized and ignored.">, #<Selenium::WebDriver::LogEntry:0x00007f80759b9ce8 @level="WARNING", @timestamp=1619112311669, @message="https://dundurnmarket.com/admin/products 7 The key \"-ms-touch-action:\" is not recognized and ignored.">, #<Selenium::WebDriver::LogEntry:0x00007f80759b9cc0 @level="WARNING", @timestamp=1619112312694, @message="https://dundurnmarket.com/admin/products - [DOM] Found 2 elements with non-unique id #collapse-quantity: (More info: https://goo.gl/9p2vKq) %o %o">]
Add New Product,3.8629560470581055,[#<Selenium::WebDriver::LogEntry:0x00007f80758a4c18 @level="WARNING", @timestamp=1619112317358, @message="https://dundurnmarket.com/admin/products/create 7 The key \"touch-action:\" is not recognized and ignored.">, #<Selenium::WebDriver::LogEntry:0x00007f80758a4880 @level="WARNING", @timestamp=1619112317358, @message="https://dundurnmarket.com/admin/products/create 7 The key \"-ms-touch-action:\" is not recognized and ignored.">, #<Selenium::WebDriver::LogEntry:0x00007f80758a4830 @level="SEVERE", @timestamp=1619112320671, @message="https://dundurnmarket.com/skin1/css/structure.css - Failed to load resource: the server responded with a status of 404 ()">, #<Selenium::WebDriver::LogEntry:0x00007f80758a4808 @level="SEVERE", @timestamp=1619112320671, @message="https://dundurnmarket.com/skin1/css/structure.css - Failed to load resource: the server responded with a status of 404 ()">]
Import products,3.129138946533203,[#<Selenium::WebDriver::LogEntry:0x00007f80710e6598 @level="WARNING", @timestamp=1619112324174, @message="https://dundurnmarket.com/admin/products/import 7 The key \"touch-action:\" is not recognized and ignored.">, #<Selenium::WebDriver::LogEntry:0x00007f80710e64d0 @level="WARNING", @timestamp=1619112324174, @message="https://dundurnmarket.com/admin/products/import 7 The key \"-ms-touch-action:\" is not recognized and ignored.">, #<Selenium::WebDriver::LogEntry:0x00007f80710e6408 @level="WARNING", @timestamp=1619112324660, @message="https://dundurnmarket.com/admin/router.php?iframe=Y#/task-status 7 The key \"touch-action:\" is not recognized and ignored.">, #<Selenium::WebDriver::LogEntry:0x00007f80710e63e0 @level="WARNING", @timestamp=1619112324660, @message="https://dundurnmarket.com/admin/router.php?iframe=Y#/task-status 7 The key \"-ms-touch-action:\" is not recognized and ignored.">]
Export products,1.5212368965148926,[#<Selenium::WebDriver::LogEntry:0x00007f807112aae0 @level="WARNING", @timestamp=1619112330260, @message="https://dundurnmarket.com/admin/products/export 7 The key \"touch-action:\" is not recognized and ignored.">, #<Selenium::WebDriver::LogEntry:0x00007f807112a900 @level="WARNING", @timestamp=1619112330260, @message="https://dundurnmarket.com/admin/products/export 7 The key \"-ms-touch-action:\" is not recognized and ignored.">]
Product Categories,1.8329758644104004,[#<Selenium::WebDriver::LogEntry:0x00007f8071c72858 @level="WARNING", @timestamp=1619112334954, @message="https://dundurnmarket.com/admin/categories.php 7 The key \"touch-action:\" is not recognized and ignored.">, #<Selenium::WebDriver::LogEntry:0x00007f8071c72830 @level="WARNING", @timestamp=1619112334954, @message="https://dundurnmarket.com/admin/categories.php 7 The key \"-ms-touch-action:\" is not recognized and ignored.">]
Extra fields,1.7421460151672363,[#<Selenium::WebDriver::LogEntry:0x00007f8071c97e00 @level="WARNING", @timestamp=1619112339771, @message="https://dundurnmarket.com/admin/extra-fields 7 The key \"touch-action:\" is not recognized and ignored.">, #<Selenium::WebDriver::LogEntry:0x00007f8071c97dd8 @level="WARNING", @timestamp=1619112339771, @message="https://dundurnmarket.com/admin/extra-fields 7 The key \"-ms-touch-action:\" is not recognized and ignored.">]
Warehouse Locations,1.5872509479522705,[#<Selenium::WebDriver::LogEntry:0x00007f8071cbcd40 @level="WARNING", @timestamp=1619112348557, @message="https://dundurnmarket.com/admin/warehouse-locations 7 The key \"touch-action:\" is not recognized and ignored.">, #<Selenium::WebDriver::LogEntry:0x00007f8071cbccf0 @level="WARNING", @timestamp=1619112348557, @message="https://dundurnmarket.com/admin/warehouse-locations 7 The key \"-ms-touch-action:\" is not recognized and ignored.">]
Change/Assign Routes,1.6156730651855469,[#<Selenium::WebDriver::LogEntry:0x00007f8071cfcc38 @level="WARNING", @timestamp=1619112357205, @message="https://dundurnmarket.com/admin/assign_route_users.php 7 The key \"touch-action:\" is not recognized and ignored.">, #<Selenium::WebDriver::LogEntry:0x00007f8071cfcc10 @level="WARNING", @timestamp=1619112357205, @message="https://dundurnmarket.com/admin/assign_route_users.php 7 The key \"-ms-touch-action:\" is not recognized and ignored.">, #<Selenium::WebDriver::LogEntry:0x00007f8071cfcbc0 @level="WARNING", @timestamp=1619112357322, @message="https://dundurnmarket.com/admin/assign_route_users.php - [DOM] Found 2 elements with non-unique id #show_not_validated: (More info: https://goo.gl/9p2vKq) %o %o">]
Create/Edit Routes,2.8434102535247803,[#<Selenium::WebDriver::LogEntry:0x00007f8071d42eb8 @level="WARNING", @timestamp=1619112362388, @message="https://dundurnmarket.com/admin/routes.php 7 The key \"touch-action:\" is not recognized and ignored.">, #<Selenium::WebDriver::LogEntry:0x00007f8071d42e90 @level="WARNING", @timestamp=1619112362388, @message="https://dundurnmarket.com/admin/routes.php 7 The key \"-ms-touch-action:\" is not recognized and ignored.">, #<Selenium::WebDriver::LogEntry:0x00007f8071d42e68 @level="SEVERE", @timestamp=1619112364226, @message="https://dundurnmarket.com/skin1/css/structure.css - Failed to load resource: the server responded with a status of 404 ()">]
GPS Import/Export,1.6512372493743896,[#<Selenium::WebDriver::LogEntry:0x00007f8075932f90 @level="WARNING", @timestamp=1619112367787, @message="https://dundurnmarket.com/admin/gpx.php 7 The key \"touch-action:\" is not recognized and ignored.">, #<Selenium::WebDriver::LogEntry:0x00007f8075932f40 @level="WARNING", @timestamp=1619112367787, @message="https://dundurnmarket.com/admin/gpx.php 7 The key \"-ms-touch-action:\" is not recognized and ignored.">]
Organize Route Stops,1.7395720481872559,[#<Selenium::WebDriver::LogEntry:0x00007f8051114e18 @level="WARNING", @timestamp=1619112372434, @message="https://dundurnmarket.com/admin/router.php?r=organize_route_stops#/organize_route_stops 7 The key \"touch-action:\" is not recognized and ignored.">, #<Selenium::WebDriver::LogEntry:0x00007f8051114df0 @level="WARNING", @timestamp=1619112372434, @message="https://dundurnmarket.com/admin/router.php?r=organize_route_stops#/organize_route_stops 7 The key \"-ms-touch-action:\" is not recognized and ignored.">]
Pickup Locations,2.0354559421539307,[#<Selenium::WebDriver::LogEntry:0x00007f8075962a38 @level="WARNING", @timestamp=1619112377176, @message="https://dundurnmarket.com/admin/pickup_locations.php 7 The key \"touch-action:\" is not recognized and ignored.">, #<Selenium::WebDriver::LogEntry:0x00007f8075962a10 @level="WARNING", @timestamp=1619112377176, @message="https://dundurnmarket.com/admin/pickup_locations.php 7 The key \"-ms-touch-action:\" is not recognized and ignored.">, #<Selenium::WebDriver::LogEntry:0x00007f80759629e8 @level="WARNING", @timestamp=1619112377722, @message="https://dundurnmarket.com/admin/pickup_locations.php - [DOM] Found 5 elements with non-unique id #move_route_button: (More info: https://goo.gl/9p2vKq) %o %o %o %o %o">]
Organize Pickup Locations,1.5726890563964844,[#<Selenium::WebDriver::LogEntry:0x00007f80711b39f8 @level="WARNING", @timestamp=1619112382239, @message="https://dundurnmarket.com/admin/route_pickup_locations.php 7 The key \"touch-action:\" is not recognized and ignored.">, #<Selenium::WebDriver::LogEntry:0x00007f80711b39d0 @level="WARNING", @timestamp=1619112382239, @message="https://dundurnmarket.com/admin/route_pickup_locations.php 7 The key \"-ms-touch-action:\" is not recognized and ignored.">]
Manage KML File,1.7221729755401611,[#<Selenium::WebDriver::LogEntry:0x00007f80711ca6d0 @level="WARNING", @timestamp=1619112386874, @message="https://dundurnmarket.com/admin/router.php?r=kml#/kml 7 The key \"touch-action:\" is not recognized and ignored.">, #<Selenium::WebDriver::LogEntry:0x00007f80711ca680 @level="WARNING", @timestamp=1619112386874, @message="https://dundurnmarket.com/admin/router.php?r=kml#/kml 7 The key \"-ms-touch-action:\" is not recognized and ignored.">]
Display Route/KML Issues,1.5405330657958984,[#<Selenium::WebDriver::LogEntry:0x00007f80518e4490 @level="WARNING", @timestamp=1619112391619, @message="https://dundurnmarket.com/admin/route_kml_issues.php 7 The key \"touch-action:\" is not recognized and ignored.">, #<Selenium::WebDriver::LogEntry:0x00007f80518e4468 @level="WARNING", @timestamp=1619112391619, @message="https://dundurnmarket.com/admin/route_kml_issues.php 7 The key \"-ms-touch-action:\" is not recognized and ignored.">]
Organize Load Sheet,2.234394073486328,[#<Selenium::WebDriver::LogEntry:0x00007f8071d9ac08 @level="WARNING", @timestamp=1619112396221, @message="https://dundurnmarket.com/admin/order_routes_products.php 7 The key \"touch-action:\" is not recognized and ignored.">, #<Selenium::WebDriver::LogEntry:0x00007f8071d9abe0 @level="WARNING", @timestamp=1619112396221, @message="https://dundurnmarket.com/admin/order_routes_products.php 7 The key \"-ms-touch-action:\" is not recognized and ignored.">]
Print Route Sheets,1.8080329895019531,[#<Selenium::WebDriver::LogEntry:0x00007f805190a320 @level="WARNING", @timestamp=1619112402599, @message="https://dundurnmarket.com/admin/driving_dir.php 7 The key \"touch-action:\" is not recognized and ignored.">, #<Selenium::WebDriver::LogEntry:0x00007f805190a2f8 @level="WARNING", @timestamp=1619112402599, @message="https://dundurnmarket.com/admin/driving_dir.php 7 The key \"-ms-touch-action:\" is not recognized and ignored.">, #<Selenium::WebDriver::LogEntry:0x00007f805190a2d0 @level="WARNING", @timestamp=1619112402886, @message="https://dundurnmarket.com/admin/driving_dir.php - [DOM] Found 2 elements with non-unique id #custom-range-input-multiple: (More info: https://goo.gl/9p2vKq) %o %o">, #<Selenium::WebDriver::LogEntry:0x00007f805190a2a8 @level="WARNING", @timestamp=1619112402886, @message="https://dundurnmarket.com/admin/driving_dir.php - [DOM] Found 2 elements with non-unique id #mult-route-id: (More info: https://goo.gl/9p2vKq) %o %o">]
Print Route Sheets - Export to Excel,1.689709186553955,[#<Selenium::WebDriver::LogEntry:0x00007f8071de1ab8 @level="WARNING", @timestamp=1619112404414, @message="https://dundurnmarket.com/admin/driving_dir.php 7 The key \"touch-action:\" is not recognized and ignored.">, #<Selenium::WebDriver::LogEntry:0x00007f8071de1a90 @level="WARNING", @timestamp=1619112404414, @message="https://dundurnmarket.com/admin/driving_dir.php 7 The key \"-ms-touch-action:\" is not recognized and ignored.">, #<Selenium::WebDriver::LogEntry:0x00007f8071de1a68 @level="WARNING", @timestamp=1619112404613, @message="https://dundurnmarket.com/admin/driving_dir.php - [DOM] Found 2 elements with non-unique id #custom-range-input-multiple: (More info: https://goo.gl/9p2vKq) %o %o">, #<Selenium::WebDriver::LogEntry:0x00007f8071de1a40 @level="WARNING", @timestamp=1619112404613, @message="https://dundurnmarket.com/admin/driving_dir.php - [DOM] Found 2 elements with non-unique id #mult-route-id: (More info: https://goo.gl/9p2vKq) %o %o">]
Print Bag Labels,1.6747772693634033,[#<Selenium::WebDriver::LogEntry:0x00007f805116dbf8 @level="WARNING", @timestamp=1619112407076, @message="https://dundurnmarket.com/admin/driving_dir.php?bag_label=1 7 The key \"touch-action:\" is not recognized and ignored.">, #<Selenium::WebDriver::LogEntry:0x00007f805116dbd0 @level="WARNING", @timestamp=1619112407076, @message="https://dundurnmarket.com/admin/driving_dir.php?bag_label=1 7 The key \"-ms-touch-action:\" is not recognized and ignored.">, #<Selenium::WebDriver::LogEntry:0x00007f805116dba8 @level="WARNING", @timestamp=1619112407276, @message="https://dundurnmarket.com/admin/driving_dir.php?bag_label=1 - [DOM] Found 2 elements with non-unique id #custom-range-input-multiple: (More info: https://goo.gl/9p2vKq) %o %o">, #<Selenium::WebDriver::LogEntry:0x00007f805116db80 @level="WARNING", @timestamp=1619112407276, @message="https://dundurnmarket.com/admin/driving_dir.php?bag_label=1 - [DOM] Found 2 elements with non-unique id #mult-route-id: (More info: https://goo.gl/9p2vKq) %o %o">]
Print Bag Labels - Export to Excel,1.676908016204834,[#<Selenium::WebDriver::LogEntry:0x00007f807192df30 @level="WARNING", @timestamp=1619112408766, @message="https://dundurnmarket.com/admin/driving_dir.php?bag_label=1 7 The key \"touch-action:\" is not recognized and ignored.">, #<Selenium::WebDriver::LogEntry:0x00007f807192df08 @level="WARNING", @timestamp=1619112408766, @message="https://dundurnmarket.com/admin/driving_dir.php?bag_label=1 7 The key \"-ms-touch-action:\" is not recognized and ignored.">, #<Selenium::WebDriver::LogEntry:0x00007f807192c248 @level="WARNING", @timestamp=1619112408970, @message="https://dundurnmarket.com/admin/driving_dir.php?bag_label=1 - [DOM] Found 2 elements with non-unique id #custom-range-input-multiple: (More info: https://goo.gl/9p2vKq) %o %o">, #<Selenium::WebDriver::LogEntry:0x00007f8071085a90 @level="WARNING", @timestamp=1619112408970, @message="https://dundurnmarket.com/admin/driving_dir.php?bag_label=1 - [DOM] Found 2 elements with non-unique id #mult-route-id: (More info: https://goo.gl/9p2vKq) %o %o">]
Show Invalid Addresses,29.092432260513306,[#<Selenium::WebDriver::LogEntry:0x00007f80758af550 @level="WARNING", @timestamp=1619112438894, @message="https://dundurnmarket.com/admin/users_invalid_zips.php 7 The key \"touch-action:\" is not recognized and ignored.">, #<Selenium::WebDriver::LogEntry:0x00007f80758af460 @level="WARNING", @timestamp=1619112438894, @message="https://dundurnmarket.com/admin/users_invalid_zips.php 7 The key \"-ms-touch-action:\" is not recognized and ignored.">]
Billing,1.0752787590026855,[]
Paper/Email Billing,1.6360230445861816,[#<Selenium::WebDriver::LogEntry:0x00007f8071170720 @level="WARNING", @timestamp=1619112447661, @message="https://dundurnmarket.com/admin/customer_billing.php 7 The key \"touch-action:\" is not recognized and ignored.">, #<Selenium::WebDriver::LogEntry:0x00007f8071170590 @level="WARNING", @timestamp=1619112447661, @message="https://dundurnmarket.com/admin/customer_billing.php 7 The key \"-ms-touch-action:\" is not recognized and ignored.">]
Electronic Billing,3.0214788913726807,[#<Selenium::WebDriver::LogEntry:0x00007f80711832a8 @level="WARNING", @timestamp=1619112453384, @message="https://dundurnmarket.com/admin/billing.php 7 The key \"touch-action:\" is not recognized and ignored.">, #<Selenium::WebDriver::LogEntry:0x00007f8071183280 @level="WARNING", @timestamp=1619112453384, @message="https://dundurnmarket.com/admin/billing.php 7 The key \"-ms-touch-action:\" is not recognized and ignored.">]
Mass Update Payments,1.8159217834472656,[#<Selenium::WebDriver::LogEntry:0x00007f8071c9d3a0 @level="WARNING", @timestamp=1619112458373, @message="https://dundurnmarket.com/admin/mass_update_payments.php 7 The key \"touch-action:\" is not recognized and ignored.">, #<Selenium::WebDriver::LogEntry:0x00007f8071c9d378 @level="WARNING", @timestamp=1619112458374, @message="https://dundurnmarket.com/admin/mass_update_payments.php 7 The key \"-ms-touch-action:\" is not recognized and ignored.">]
Mass Deposit Returns/Charges,1.5834839344024658,[#<Selenium::WebDriver::LogEntry:0x00007f8071ccfd28 @level="WARNING", @timestamp=1619112463172, @message="https://dundurnmarket.com/admin/bottle_deposits.php 7 The key \"touch-action:\" is not recognized and ignored.">, #<Selenium::WebDriver::LogEntry:0x00007f8071ccfd00 @level="WARNING", @timestamp=1619112463172, @message="https://dundurnmarket.com/admin/bottle_deposits.php 7 The key \"-ms-touch-action:\" is not recognized and ignored.">]
Global Invoice Notes,1.724609136581421,[#<Selenium::WebDriver::LogEntry:0x00007f8071cf5dc0 @level="WARNING", @timestamp=1619112467817, @message="https://dundurnmarket.com/admin/global_notes.php 7 The key \"touch-action:\" is not recognized and ignored.">, #<Selenium::WebDriver::LogEntry:0x00007f8071cf5d98 @level="WARNING", @timestamp=1619112467817, @message="https://dundurnmarket.com/admin/global_notes.php 7 The key \"-ms-touch-action:\" is not recognized and ignored.">, #<Selenium::WebDriver::LogEntry:0x00007f8071cf5d70 @level="SEVERE", @timestamp=1619112469083, @message="https://dundurnmarket.com/skin1/css/structure.css - Failed to load resource: the server responded with a status of 404 ()">]
View GC Purchase Log,1.6492500305175781,[#<Selenium::WebDriver::LogEntry:0x00007f8071d30560 @level="WARNING", @timestamp=1619112472585, @message="https://dundurnmarket.com/admin/giftcerts_purchase_log.php 7 The key \"touch-action:\" is not recognized and ignored.">, #<Selenium::WebDriver::LogEntry:0x00007f8071d30510 @level="WARNING", @timestamp=1619112472585, @message="https://dundurnmarket.com/admin/giftcerts_purchase_log.php 7 The key \"-ms-touch-action:\" is not recognized and ignored.">]
Sales Reporting,1.0756490230560303,[]
Countdown Sales Report,1.8497779369354248,[#<Selenium::WebDriver::LogEntry:0x00007f8051114620 @level="WARNING", @timestamp=1619112485492, @message="https://dundurnmarket.com/admin/reports.php?report_type=countdown 7 The key \"touch-action:\" is not recognized and ignored.">, #<Selenium::WebDriver::LogEntry:0x00007f80511145f8 @level="WARNING", @timestamp=1619112485492, @message="https://dundurnmarket.com/admin/reports.php?report_type=countdown 7 The key \"-ms-touch-action:\" is not recognized and ignored.">]
Countdown Sales Report - Export to Excel,1.0819730758666992,[]
Cross-Selling Report,2.781572103500366,[#<Selenium::WebDriver::LogEntry:0x00007f80518a6640 @level="WARNING", @timestamp=1619112490531, @message="https://dundurnmarket.com/admin/reports.php?report_type=cross_selling 7 The key \"touch-action:\" is not recognized and ignored.">, #<Selenium::WebDriver::LogEntry:0x00007f80518a6618 @level="WARNING", @timestamp=1619112490531, @message="https://dundurnmarket.com/admin/reports.php?report_type=cross_selling 7 The key \"-ms-touch-action:\" is not recognized and ignored.">]
Cross-Selling Report - Export to Excel,1.0912799835205078,[#<Selenium::WebDriver::LogEntry:0x00007f80518e5b60 @level="WARNING", @timestamp=1619112492782, @message="https://dundurnmarket.com/admin/reports.php?report_type=cross_selling - [DOM] Found 2 elements with non-unique id #action_value: (More info: https://goo.gl/9p2vKq) %o %o">]
Discount Coupon Report,1.567030906677246,[#<Selenium::WebDriver::LogEntry:0x00007f8072129a18 @level="WARNING", @timestamp=1619112494216, @message="https://dundurnmarket.com/admin/reports.php?report_type=discount_coupon 7 The key \"touch-action:\" is not recognized and ignored.">, #<Selenium::WebDriver::LogEntry:0x00007f80721299f0 @level="WARNING", @timestamp=1619112494216, @message="https://dundurnmarket.com/admin/reports.php?report_type=discount_coupon 7 The key \"-ms-touch-action:\" is not recognized and ignored.">]
Discount Coupon Report - Export to Excel,1.1381199359893799,[]
Manage Cross-Selling,1.5600640773773193,[#<Selenium::WebDriver::LogEntry:0x00007f807214a498 @level="WARNING", @timestamp=1619112497992, @message="https://dundurnmarket.com/admin/reports.php?report_type=upselling 7 The key \"touch-action:\" is not recognized and ignored.">, #<Selenium::WebDriver::LogEntry:0x00007f807214a470 @level="WARNING", @timestamp=1619112497992, @message="https://dundurnmarket.com/admin/reports.php?report_type=upselling 7 The key \"-ms-touch-action:\" is not recognized and ignored.">]
Manage Cross-Selling - Export to Excel,1.0920650959014893,[]
Ordered Products Reports,1.8074078559875488,[#<Selenium::WebDriver::LogEntry:0x00007f807216eac8 @level="WARNING", @timestamp=1619112501775, @message="https://dundurnmarket.com/admin/reports.php?report_type=product 7 The key \"touch-action:\" is not recognized and ignored.">, #<Selenium::WebDriver::LogEntry:0x00007f807216eaa0 @level="WARNING", @timestamp=1619112501775, @message="https://dundurnmarket.com/admin/reports.php?report_type=product 7 The key \"-ms-touch-action:\" is not recognized and ignored.">]
Ordered Products Reports - Export to Excel,11.460559844970703,[]
Overall Sales,1.9593207836151123,[#<Selenium::WebDriver::LogEntry:0x00007f8075903a88 @level="WARNING", @timestamp=1619112516026, @message="https://dundurnmarket.com/admin/reports.php?report_type=over_sales 7 The key \"touch-action:\" is not recognized and ignored.">, #<Selenium::WebDriver::LogEntry:0x00007f80759039c0 @level="WARNING", @timestamp=1619112516026, @message="https://dundurnmarket.com/admin/reports.php?report_type=over_sales 7 The key \"-ms-touch-action:\" is not recognized and ignored.">]
Overall Sales - Export to Excel,1.5321390628814697,[]
Sales By Route,1.8506028652191162,[#<Selenium::WebDriver::LogEntry:0x00007f8071c66e18 @level="WARNING", @timestamp=1619112520556, @message="https://dundurnmarket.com/admin/reports.php?report_type=sales_by_route 7 The key \"touch-action:\" is not recognized and ignored.">, #<Selenium::WebDriver::LogEntry:0x00007f8071c66df0 @level="WARNING", @timestamp=1619112520556, @message="https://dundurnmarket.com/admin/reports.php?report_type=sales_by_route 7 The key \"-ms-touch-action:\" is not recognized and ignored.">]
Sales By Route - Export to Excel,1.5820138454437256,[]
Financials Reporting,1.0610570907592773,[]
Average Order Report,1.6136691570281982,[#<Selenium::WebDriver::LogEntry:0x00007f8071ceef20 @level="WARNING", @timestamp=1619112526941, @message="https://dundurnmarket.com/admin/reports.php?report_type=average_order 7 The key \"touch-action:\" is not recognized and ignored.">, #<Selenium::WebDriver::LogEntry:0x00007f8071ceeef8 @level="WARNING", @timestamp=1619112526941, @message="https://dundurnmarket.com/admin/reports.php?report_type=average_order 7 The key \"-ms-touch-action:\" is not recognized and ignored.">]
Average Order Report - Export to Excel,1.0713131427764893,[#<Selenium::WebDriver::LogEntry:0x00007f8071d43278 @level="WARNING", @timestamp=1619112529208, @message="https://dundurnmarket.com/admin/reports.php?report_type=average_order - [DOM] Found 2 elements with non-unique id #action_value: (More info: https://goo.gl/9p2vKq) %o %o">]
Credits Report,1.6168627738952637,[#<Selenium::WebDriver::LogEntry:0x00007f8071d6a508 @level="WARNING", @timestamp=1619112530661, @message="https://dundurnmarket.com/admin/reports.php?report_type=credits 7 The key \"touch-action:\" is not recognized and ignored.">, #<Selenium::WebDriver::LogEntry:0x00007f8071d6a2d8 @level="WARNING", @timestamp=1619112530661, @message="https://dundurnmarket.com/admin/reports.php?report_type=credits 7 The key \"-ms-touch-action:\" is not recognized and ignored.">]
Credits Report - Export to Excel,1.0685839653015137,[]
Effective Margin Report,1.9158692359924316,[#<Selenium::WebDriver::LogEntry:0x00007f8075958650 @level="WARNING", @timestamp=1619112533914, @message="https://dundurnmarket.com/admin/reports.php?report_type=credits - [DOM] Found 2 elements with non-unique id #action_value: (More info: https://goo.gl/9p2vKq) %o %o">, #<Selenium::WebDriver::LogEntry:0x00007f8075958628 @level="WARNING", @timestamp=1619112534661, @message="https://dundurnmarket.com/admin/reports.php?report_type=effective_margin 7 The key \"touch-action:\" is not recognized and ignored.">, #<Selenium::WebDriver::LogEntry:0x00007f8075958600 @level="WARNING", @timestamp=1619112534661, @message="https://dundurnmarket.com/admin/reports.php?report_type=effective_margin 7 The key \"-ms-touch-action:\" is not recognized and ignored.">]
Effective Margin Report - Export to Excel,1.0729568004608154,[]
Financials Export,8.978554964065552,[#<Selenium::WebDriver::LogEntry:0x00007f80518bf7d0 @level="WARNING", @timestamp=1619112545731, @message="https://dundurnmarket.com/admin/reports.php?report_type=financials 7 The key \"touch-action:\" is not recognized and ignored.">, #<Selenium::WebDriver::LogEntry:0x00007f80518bf7a8 @level="WARNING", @timestamp=1619112545732, @message="https://dundurnmarket.com/admin/reports.php?report_type=financials 7 The key \"-ms-touch-action:\" is not recognized and ignored.">]
Financials Export - Export to Excel,1.4282889366149902,[]
No Payment Customers,7.335139989852905,[#<Selenium::WebDriver::LogEntry:0x00007f8075985ab0 @level="WARNING", @timestamp=1619112555456, @message="https://dundurnmarket.com/admin/reports.php?report_type=not_paid 7 The key \"touch-action:\" is not recognized and ignored.">, #<Selenium::WebDriver::LogEntry:0x00007f8075985a88 @level="WARNING", @timestamp=1619112555457, @message="https://dundurnmarket.com/admin/reports.php?report_type=not_paid 7 The key \"-ms-touch-action:\" is not recognized and ignored.">]
No Payment Customers - Export to Excel,7.614562034606934,[]
Past Due Customers,1.4953620433807373,[#<Selenium::WebDriver::LogEntry:0x00007f807215e0d8 @level="WARNING", @timestamp=1619112565600, @message="https://dundurnmarket.com/admin/reports.php?report_type=due 7 The key \"touch-action:\" is not recognized and ignored.">, #<Selenium::WebDriver::LogEntry:0x00007f807215e0b0 @level="WARNING", @timestamp=1619112565600, @message="https://dundurnmarket.com/admin/reports.php?report_type=due 7 The key \"-ms-touch-action:\" is not recognized and ignored.">]
Past Due Customers - Export to Excel,1.553008794784546,[]
Payments On Review,1.700934886932373,[#<Selenium::WebDriver::LogEntry:0x00007f8051182878 @level="WARNING", @timestamp=1619112569796, @message="https://dundurnmarket.com/admin/reports.php?report_type=review_payments 7 The key \"touch-action:\" is not recognized and ignored.">, #<Selenium::WebDriver::LogEntry:0x00007f8051182850 @level="WARNING", @timestamp=1619112569796, @message="https://dundurnmarket.com/admin/reports.php?report_type=review_payments 7 The key \"-ms-touch-action:\" is not recognized and ignored.">, #<Selenium::WebDriver::LogEntry:0x00007f8051182828 @level="SEVERE", @timestamp=1619112570026, @message="https://dundurnmarket.com/admin/skin1/admin/admin-modal.css - Failed to load resource: the server responded with a status of 404 ()">]
Payments On Review - Export to Excel,1.3579809665679932,[]
Payments Posted Report,1.7394318580627441,[#<Selenium::WebDriver::LogEntry:0x00007f8071c07f58 @level="WARNING", @timestamp=1619112574005, @message="https://dundurnmarket.com/admin/reports.php?report_type=checks_posted 7 The key \"touch-action:\" is not recognized and ignored.">, #<Selenium::WebDriver::LogEntry:0x00007f8071c07d00 @level="WARNING", @timestamp=1619112574005, @message="https://dundurnmarket.com/admin/reports.php?report_type=checks_posted 7 The key \"-ms-touch-action:\" is not recognized and ignored.">]
Payments Posted Report - Export to Excel,1.4664092063903809,[]
Profit Report,1.8109290599822998,[#<Selenium::WebDriver::LogEntry:0x00007f8071190bd8 @level="WARNING", @timestamp=1619112578184, @message="https://dundurnmarket.com/admin/reports.php?report_type=profit 7 The key \"touch-action:\" is not recognized and ignored.">, #<Selenium::WebDriver::LogEntry:0x00007f8071190bb0 @level="WARNING", @timestamp=1619112578189, @message="https://dundurnmarket.com/admin/reports.php?report_type=profit 7 The key \"-ms-touch-action:\" is not recognized and ignored.">]
Profit Report - Export to Excel,1.4631309509277344,[]
Recent Payments Report,1.4047539234161377,[#<Selenium::WebDriver::LogEntry:0x00007f803281cc70 @level="WARNING", @timestamp=1619112582258, @message="https://dundurnmarket.com/admin/reports.php?report_type=delivery_payment 7 The key \"touch-action:\" is not recognized and ignored.">, #<Selenium::WebDriver::LogEntry:0x00007f803281cc20 @level="WARNING", @timestamp=1619112582258, @message="https://dundurnmarket.com/admin/reports.php?report_type=delivery_payment 7 The key \"-ms-touch-action:\" is not recognized and ignored.">]
Recent Payments Report - Export to Excel,1.07352876663208,[]
Show Currently Owed,3.69417667388916,[#<Selenium::WebDriver::LogEntry:0x00007f8071d708b8 @level="WARNING", @timestamp=1619112587663, @message="https://dundurnmarket.com/admin/reports.php?report_type=owed 7 The key \"touch-action:\" is not recognized and ignored.">, #<Selenium::WebDriver::LogEntry:0x00007f8071d70890 @level="WARNING", @timestamp=1619112587663, @message="https://dundurnmarket.com/admin/reports.php?report_type=owed 7 The key \"-ms-touch-action:\" is not recognized and ignored.">]
Show Currently Owed - Export to Excel,2.5520689487457275,[]
Taxes Report,1.6422250270843506,[#<Selenium::WebDriver::LogEntry:0x00007f8075971f60 @level="WARNING", @timestamp=1619112593154, @message="https://dundurnmarket.com/admin/reports.php?report_type=taxes 7 The key \"touch-action:\" is not recognized and ignored.">, #<Selenium::WebDriver::LogEntry:0x00007f8075971f38 @level="WARNING", @timestamp=1619112593154, @message="https://dundurnmarket.com/admin/reports.php?report_type=taxes 7 The key \"-ms-touch-action:\" is not recognized and ignored.">]
Taxes Report - Export to Excel,1.4343879222869873,[]
Product Reporting,1.0547797679901123,[]
Bagged Items Report,1.719529151916504,[#<Selenium::WebDriver::LogEntry:0x00007f80518f56a0 @level="WARNING", @timestamp=1619112599314, @message="https://dundurnmarket.com/admin/reports.php?report_type=bagged_items 7 The key \"touch-action:\" is not recognized and ignored.">, #<Selenium::WebDriver::LogEntry:0x00007f80518f5678 @level="WARNING", @timestamp=1619112599314, @message="https://dundurnmarket.com/admin/reports.php?report_type=bagged_items 7 The key \"-ms-touch-action:\" is not recognized and ignored.">]
Bagged Items Report - Export to Excel,5.917162895202637,[]
Customized Products,3.1362721920013428,[#<Selenium::WebDriver::LogEntry:0x00007f805115df00 @level="WARNING", @timestamp=1619112609301, @message="https://dundurnmarket.com/admin/reports.php?report_type=customized_products 7 The key \"touch-action:\" is not recognized and ignored.">, #<Selenium::WebDriver::LogEntry:0x00007f805115ded8 @level="WARNING", @timestamp=1619112609301, @message="https://dundurnmarket.com/admin/reports.php?report_type=customized_products 7 The key \"-ms-touch-action:\" is not recognized and ignored.">, #<Selenium::WebDriver::LogEntry:0x00007f805115deb0 @level="SEVERE", @timestamp=1619112609544, @message="https://dundurnmarket.com/admin/skin1/admin/admin-modal.css - Failed to load resource: the server responded with a status of 404 ()">]
Customized Products - Export to Excel,1.5756208896636963,[]
Forecast,1.6881418228149414,[#<Selenium::WebDriver::LogEntry:0x00007f805116cd98 @level="WARNING", @timestamp=1619112635694, @message="https://dundurnmarket.com/admin/reports.php?report_type=forecast 7 The key \"touch-action:\" is not recognized and ignored.">, #<Selenium::WebDriver::LogEntry:0x00007f805116cd70 @level="WARNING", @timestamp=1619112635694, @message="https://dundurnmarket.com/admin/reports.php?report_type=forecast 7 The key \"-ms-touch-action:\" is not recognized and ignored.">]
Inventory,2.2161409854888916,[#<Selenium::WebDriver::LogEntry:0x00007f80759bb930 @level="WARNING", @timestamp=1619112640899, @message="https://dundurnmarket.com/admin/reports.php?report_type=inventory&hide_disabled_inventory=Y 7 The key \"touch-action:\" is not recognized and ignored.">, #<Selenium::WebDriver::LogEntry:0x00007f80759bb908 @level="WARNING", @timestamp=1619112640899, @message="https://dundurnmarket.com/admin/reports.php?report_type=inventory&hide_disabled_inventory=Y 7 The key \"-ms-touch-action:\" is not recognized and ignored.">]
Inventory - Export to Excel,1.9449677467346191,[]
Product Reporting,1.080326795578003,[]
Load Sheet Report,1.4479191303253174,[#<Selenium::WebDriver::LogEntry:0x00007f805188fa08 @level="WARNING", @timestamp=1619112647511, @message="https://dundurnmarket.com/admin/reports.php?report_type=load_sheet 7 The key \"touch-action:\" is not recognized and ignored.">, #<Selenium::WebDriver::LogEntry:0x00007f805188f878 @level="WARNING", @timestamp=1619112647511, @message="https://dundurnmarket.com/admin/reports.php?report_type=load_sheet 7 The key \"-ms-touch-action:\" is not recognized and ignored.">]
Load Sheet Report - Export to Excel,1.0727622509002686,[]
Out Of Stock Report,2.8763022422790527,[#<Selenium::WebDriver::LogEntry:0x00007f8071c9d378 @level="WARNING", @timestamp=1619112652312, @message="https://dundurnmarket.com/admin/reports.php?report_type=out_of_stock 7 The key \"touch-action:\" is not recognized and ignored.">, #<Selenium::WebDriver::LogEntry:0x00007f8071c9d350 @level="WARNING", @timestamp=1619112652312, @message="https://dundurnmarket.com/admin/reports.php?report_type=out_of_stock 7 The key \"-ms-touch-action:\" is not recognized and ignored.">, #<Selenium::WebDriver::LogEntry:0x00007f8071c9d328 @level="SEVERE", @timestamp=1619112652575, @message="https://dundurnmarket.com/admin/skin1/admin/admin-modal.css - Failed to load resource: the server responded with a status of 404 ()">]
Out Of Stock Report - Export to Excel,1.0756080150604248,[]
Customer Reporting,1.061790943145752,[]
Customer Count Report,1.629431962966919,[#<Selenium::WebDriver::LogEntry:0x00007f8071d48f20 @level="WARNING", @timestamp=1619112702295, @message="https://dundurnmarket.com/admin/reports.php?report_type=customer_count 7 The key \"touch-action:\" is not recognized and ignored.">, #<Selenium::WebDriver::LogEntry:0x00007f8071d48ef8 @level="WARNING", @timestamp=1619112702296, @message="https://dundurnmarket.com/admin/reports.php?report_type=customer_count 7 The key \"-ms-touch-action:\" is not recognized and ignored.">]
Customer Count Report - Export to Excel,1.079416036605835,[#<Selenium::WebDriver::LogEntry:0x00007f805110e518 @level="WARNING", @timestamp=1619112704573, @message="https://dundurnmarket.com/admin/reports.php?report_type=customer_count - [DOM] Found 2 elements with non-unique id #action_value: (More info: https://goo.gl/9p2vKq) %o %o">]
Deposit Report,1.6677510738372803,[#<Selenium::WebDriver::LogEntry:0x00007f8051124390 @level="WARNING", @timestamp=1619112728064, @message="https://dundurnmarket.com/admin/reports.php?report_type=bottle_deposit 7 The key \"touch-action:\" is not recognized and ignored.">, #<Selenium::WebDriver::LogEntry:0x00007f8051124340 @level="WARNING", @timestamp=1619112728064, @message="https://dundurnmarket.com/admin/reports.php?report_type=bottle_deposit 7 The key \"-ms-touch-action:\" is not recognized and ignored.">]
Deposit Report - Export to Excel,1.453798770904541,[]
Followup Report,1.691467046737671,[#<Selenium::WebDriver::LogEntry:0x00007f80711cb508 @level="WARNING", @timestamp=1619112732185, @message="https://dundurnmarket.com/admin/reports.php?report_type=followup 7 The key \"touch-action:\" is not recognized and ignored.">, #<Selenium::WebDriver::LogEntry:0x00007f80711cb4b8 @level="WARNING", @timestamp=1619112732185, @message="https://dundurnmarket.com/admin/reports.php?report_type=followup 7 The key \"-ms-touch-action:\" is not recognized and ignored.">]
Followup Report - Export to Excel,1.6230041980743408,[#<Selenium::WebDriver::LogEntry:0x00007f8072129c20 @level="WARNING", @timestamp=1619112734543, @message="https://dundurnmarket.com/admin/reports.php?report_type=followup - [DOM] Found 2 elements with non-unique id #action_value: (More info: https://goo.gl/9p2vKq) %o %o">]
Friend Referral Report,1.6541919708251953,[#<Selenium::WebDriver::LogEntry:0x00007f8071da62b0 @level="WARNING", @timestamp=1619112736630, @message="https://dundurnmarket.com/admin/reports.php?report_type=refer_friend 7 The key \"touch-action:\" is not recognized and ignored.">, #<Selenium::WebDriver::LogEntry:0x00007f8071da6288 @level="WARNING", @timestamp=1619112736631, @message="https://dundurnmarket.com/admin/reports.php?report_type=refer_friend 7 The key \"-ms-touch-action:\" is not recognized and ignored.">]
Friend Referral Report - Export to Excel,1.5524499416351318,[]
Minimum Order Report,1.5450429916381836,[#<Selenium::WebDriver::LogEntry:0x00007f8071dce990 @level="WARNING", @timestamp=1619112740753, @message="https://dundurnmarket.com/admin/reports.php?report_type=min_order_report 7 The key \"touch-action:\" is not recognized and ignored.">, #<Selenium::WebDriver::LogEntry:0x00007f8071dce968 @level="WARNING", @timestamp=1619112740753, @message="https://dundurnmarket.com/admin/reports.php?report_type=min_order_report 7 The key \"-ms-touch-action:\" is not recognized and ignored.">]
Minimum Order Report - Export to Excel,1.0738201141357422,[#<Selenium::WebDriver::LogEntry:0x00007f807216e9d8 @level="WARNING", @timestamp=1619112742966, @message="https://dundurnmarket.com/admin/reports.php?report_type=min_order_report - [DOM] Found 2 elements with non-unique id #action_value: (More info: https://goo.gl/9p2vKq) %o %o">]
Negative Balances,2.076324939727783,[#<Selenium::WebDriver::LogEntry:0x00007f8071e03000 @level="WARNING", @timestamp=1619112744926, @message="https://dundurnmarket.com/admin/reports.php?report_type=balance 7 The key \"touch-action:\" is not recognized and ignored.">, #<Selenium::WebDriver::LogEntry:0x00007f8071e02fd8 @level="WARNING", @timestamp=1619112744926, @message="https://dundurnmarket.com/admin/reports.php?report_type=balance 7 The key \"-ms-touch-action:\" is not recognized and ignored.">]
New Customers,1.62115478515625,[#<Selenium::WebDriver::LogEntry:0x00007f8075849a48 @level="WARNING", @timestamp=1619112747485, @message="https://dundurnmarket.com/admin/reports.php?report_type=new 7 The key \"touch-action:\" is not recognized and ignored.">, #<Selenium::WebDriver::LogEntry:0x00007f8075849868 @level="WARNING", @timestamp=1619112747485, @message="https://dundurnmarket.com/admin/reports.php?report_type=new 7 The key \"-ms-touch-action:\" is not recognized and ignored.">]
No Order Customers Report,1.6780188083648682,[#<Selenium::WebDriver::LogEntry:0x00007f8051875d60 @level="WARNING", @timestamp=1619112752202, @message="https://dundurnmarket.com/admin/reports.php?report_type=no_orders 7 The key \"touch-action:\" is not recognized and ignored.">, #<Selenium::WebDriver::LogEntry:0x00007f8051875c98 @level="WARNING", @timestamp=1619112752202, @message="https://dundurnmarket.com/admin/reports.php?report_type=no_orders 7 The key \"-ms-touch-action:\" is not recognized and ignored.">]
No Order Customers Report - Export to Excel,2.0505950450897217,[#<Selenium::WebDriver::LogEntry:0x00007f807115ac18 @level="WARNING", @timestamp=1619112754496, @message="https://dundurnmarket.com/admin/reports.php?report_type=no_orders - [DOM] Found 2 elements with non-unique id #action_value: (More info: https://goo.gl/9p2vKq) %o %o">]
No Payment Customers,7.265442132949829,[#<Selenium::WebDriver::LogEntry:0x00007f8071c65270 @level="WARNING", @timestamp=1619112762537, @message="https://dundurnmarket.com/admin/reports.php?report_type=not_paid 7 The key \"touch-action:\" is not recognized and ignored.">, #<Selenium::WebDriver::LogEntry:0x00007f8071c65248 @level="WARNING", @timestamp=1619112762537, @message="https://dundurnmarket.com/admin/reports.php?report_type=not_paid 7 The key \"-ms-touch-action:\" is not recognized and ignored.">]
No Payment Customers - Export to Excel,6.995965242385864,[]
Customer Reporting,1.070723056793213,[]
On Hold Report,1.5843069553375244,[#<Selenium::WebDriver::LogEntry:0x00007f8071ced300 @level="WARNING", @timestamp=1619112774275, @message="https://dundurnmarket.com/admin/reports.php?report_type=on_hold 7 The key \"touch-action:\" is not recognized and ignored.">, #<Selenium::WebDriver::LogEntry:0x00007f8071ced2d8 @level="WARNING", @timestamp=1619112774275, @message="https://dundurnmarket.com/admin/reports.php?report_type=on_hold 7 The key \"-ms-touch-action:\" is not recognized and ignored.">]
On Hold Report - Export to Excel,1.271632194519043,[]
Past Due Customers,1.5749077796936035,[#<Selenium::WebDriver::LogEntry:0x00007f8071d68c30 @level="WARNING", @timestamp=1619112778152, @message="https://dundurnmarket.com/admin/reports.php?report_type=due 7 The key \"touch-action:\" is not recognized and ignored.">, #<Selenium::WebDriver::LogEntry:0x00007f8071d68c08 @level="WARNING", @timestamp=1619112778153, @message="https://dundurnmarket.com/admin/reports.php?report_type=due 7 The key \"-ms-touch-action:\" is not recognized and ignored.">]
Past Due Customers - Export to Excel,1.4699149131774902,[]
Customer Reporting,1.0619111061096191,[]
Recurring Order Report,1.6001770496368408,[#<Selenium::WebDriver::LogEntry:0x00007f80511458b0 @level="WARNING", @timestamp=1619112784281, @message="https://dundurnmarket.com/admin/reports.php?report_type=recurring_orders 7 The key \"touch-action:\" is not recognized and ignored.">, #<Selenium::WebDriver::LogEntry:0x00007f8051145888 @level="WARNING", @timestamp=1619112784282, @message="https://dundurnmarket.com/admin/reports.php?report_type=recurring_orders 7 The key \"-ms-touch-action:\" is not recognized and ignored.">]
Recurring Order Report - Export to Excel,1.833345890045166,[]
Retention Report,1.601867914199829,[#<Selenium::WebDriver::LogEntry:0x00007f80518e4bc0 @level="WARNING", @timestamp=1619112788721, @message="https://dundurnmarket.com/admin/reports.php?report_type=customer_retention 7 The key \"touch-action:\" is not recognized and ignored.">, #<Selenium::WebDriver::LogEntry:0x00007f80518e4b98 @level="WARNING", @timestamp=1619112788721, @message="https://dundurnmarket.com/admin/reports.php?report_type=customer_retention 7 The key \"-ms-touch-action:\" is not recognized and ignored.">]
Show Inactive Customers,2.588296890258789,[#<Selenium::WebDriver::LogEntry:0x00007f8071d9b298 @level="WARNING", @timestamp=1619112794362, @message="https://dundurnmarket.com/admin/reports.php?report_type=inactive_customers 7 The key \"touch-action:\" is not recognized and ignored.">, #<Selenium::WebDriver::LogEntry:0x00007f8071d9b270 @level="WARNING", @timestamp=1619112794362, @message="https://dundurnmarket.com/admin/reports.php?report_type=inactive_customers 7 The key \"-ms-touch-action:\" is not recognized and ignored.">]
Show Inactive Customers - Export to Excel,1.4516069889068604,[]
Total Customers Report,1.600234031677246,[#<Selenium::WebDriver::LogEntry:0x00007f8051916378 @level="WARNING", @timestamp=1619112820480, @message="https://dundurnmarket.com/admin/reports.php?report_type=total_customers 7 The key \"touch-action:\" is not recognized and ignored.">, #<Selenium::WebDriver::LogEntry:0x00007f8051916350 @level="WARNING", @timestamp=1619112820480, @message="https://dundurnmarket.com/admin/reports.php?report_type=total_customers 7 The key \"-ms-touch-action:\" is not recognized and ignored.">]
Total Customers Report - Export to Excel,1.1670477390289307,[]
Vacation Report,1.5439109802246094,[#<Selenium::WebDriver::LogEntry:0x00007f80759b2bc8 @level="WARNING", @timestamp=1619112824261, @message="https://dundurnmarket.com/admin/reports.php?report_type=vacation 7 The key \"touch-action:\" is not recognized and ignored.">, #<Selenium::WebDriver::LogEntry:0x00007f80759b2ba0 @level="WARNING", @timestamp=1619112824261, @message="https://dundurnmarket.com/admin/reports.php?report_type=vacation 7 The key \"-ms-touch-action:\" is not recognized and ignored.">]
Vacation Report - Export to Excel,1.1214308738708496,[#<Selenium::WebDriver::LogEntry:0x00007f80758ff870 @level="WARNING", @timestamp=1619112826466, @message="https://dundurnmarket.com/admin/reports.php?report_type=vacation - [DOM] Found 2 elements with non-unique id #action_value: (More info: https://goo.gl/9p2vKq) %o %o">]
Misc. Reporting,1.0597350597381592,[]
Contact Us Report,1.7389671802520752,[#<Selenium::WebDriver::LogEntry:0x00007f805187eeb0 @level="WARNING", @timestamp=1619112852104, @message="https://dundurnmarket.com/admin/reports.php?report_type=contact_us 7 The key \"touch-action:\" is not recognized and ignored.">, #<Selenium::WebDriver::LogEntry:0x00007f805187ee10 @level="WARNING", @timestamp=1619112852104, @message="https://dundurnmarket.com/admin/reports.php?report_type=contact_us 7 The key \"-ms-touch-action:\" is not recognized and ignored.">]
Contact Us Report - Export to Excel,1.1450698375701904,[]
Coupon Usage,6.783329010009766,[#<Selenium::WebDriver::LogEntry:0x00007f8071c9e9a8 @level="WARNING", @timestamp=1619112861136, @message="https://dundurnmarket.com/admin/reports.php?report_type=coupons 7 The key \"touch-action:\" is not recognized and ignored.">, #<Selenium::WebDriver::LogEntry:0x00007f8071c9e980 @level="WARNING", @timestamp=1619112861136, @message="https://dundurnmarket.com/admin/reports.php?report_type=coupons 7 The key \"-ms-touch-action:\" is not recognized and ignored.">]
Coupon Usage - Export to Excel,1.1006019115447998,[#<Selenium::WebDriver::LogEntry:0x00007f8071cec270 @level="WARNING", @timestamp=1619112863454, @message="https://dundurnmarket.com/admin/reports.php?report_type=coupons - [DOM] Found 2 elements with non-unique id #action_value: (More info: https://goo.gl/9p2vKq) %o %o">]
Missing Orders,1.9185898303985596,[#<Selenium::WebDriver::LogEntry:0x00007f8071d129c0 @level="WARNING", @timestamp=1619112886947, @message="https://dundurnmarket.com/admin/reports.php?report_type=missing_orders 7 The key \"touch-action:\" is not recognized and ignored.">, #<Selenium::WebDriver::LogEntry:0x00007f8071d12998 @level="WARNING", @timestamp=1619112886948, @message="https://dundurnmarket.com/admin/reports.php?report_type=missing_orders 7 The key \"-ms-touch-action:\" is not recognized and ignored.">, #<Selenium::WebDriver::LogEntry:0x00007f8071d12970 @level="SEVERE", @timestamp=1619112887174, @message="https://dundurnmarket.com/admin/skin1/admin/admin-modal.css - Failed to load resource: the server responded with a status of 404 ()">, #<Selenium::WebDriver::LogEntry:0x00007f8071d12948 @level="SEVERE", @timestamp=1619112887334, @message="https://dundurnmarket.com/admin/skin1/admin/admin-modal.css - Failed to load resource: the server responded with a status of 404 ()">]
Coupons,1.5479719638824463,[#<Selenium::WebDriver::LogEntry:0x00007f80510fc840 @level="WARNING", @timestamp=1619112895890, @message="https://dundurnmarket.com/admin/discount_coupons.php 7 The key \"touch-action:\" is not recognized and ignored.">, #<Selenium::WebDriver::LogEntry:0x00007f80510fc818 @level="WARNING", @timestamp=1619112895890, @message="https://dundurnmarket.com/admin/discount_coupons.php 7 The key \"-ms-touch-action:\" is not recognized and ignored.">]
Coupon Events,1.551759958267212,[#<Selenium::WebDriver::LogEntry:0x00007f807119a200 @level="WARNING", @timestamp=1619112900509, @message="https://dundurnmarket.com/admin/coupon_events.php 7 The key \"touch-action:\" is not recognized and ignored.">, #<Selenium::WebDriver::LogEntry:0x00007f807119a1d8 @level="WARNING", @timestamp=1619112900509, @message="https://dundurnmarket.com/admin/coupon_events.php 7 The key \"-ms-touch-action:\" is not recognized and ignored.">]
Countdown Products,1.5546789169311523,[#<Selenium::WebDriver::LogEntry:0x00007f807210e510 @level="WARNING", @timestamp=1619112905137, @message="https://dundurnmarket.com/admin/reports.php?report_type=countdown_mgmt 7 The key \"touch-action:\" is not recognized and ignored.">, #<Selenium::WebDriver::LogEntry:0x00007f807210e4e8 @level="WARNING", @timestamp=1619112905137, @message="https://dundurnmarket.com/admin/reports.php?report_type=countdown_mgmt 7 The key \"-ms-touch-action:\" is not recognized and ignored.">]
Countdown Products - Export to Excel,1.0782852172851562,[]
Global Discounts,1.6545929908752441,[#<Selenium::WebDriver::LogEntry:0x00007f80518ae0e8 @level="WARNING", @timestamp=1619112908848, @message="https://dundurnmarket.com/provider/discounts.php 7 The key \"touch-action:\" is not recognized and ignored.">, #<Selenium::WebDriver::LogEntry:0x00007f80518ae0c0 @level="WARNING", @timestamp=1619112908848, @message="https://dundurnmarket.com/provider/discounts.php 7 The key \"-ms-touch-action:\" is not recognized and ignored.">]
Featured Products,2.7311248779296875,[#<Selenium::WebDriver::LogEntry:0x00007f80518df0f8 @level="WARNING", @timestamp=1619112913563, @message="https://dundurnmarket.com/admin/products?search_criteria=featured_product 7 The key \"touch-action:\" is not recognized and ignored.">, #<Selenium::WebDriver::LogEntry:0x00007f80518df0d0 @level="WARNING", @timestamp=1619112913563, @message="https://dundurnmarket.com/admin/products?search_criteria=featured_product 7 The key \"-ms-touch-action:\" is not recognized and ignored.">, #<Selenium::WebDriver::LogEntry:0x00007f80518df080 @level="WARNING", @timestamp=1619112914687, @message="https://dundurnmarket.com/admin/products?search_criteria=featured_product - [DOM] Found 2 elements with non-unique id #collapse-quantity: (More info: https://goo.gl/9p2vKq) %o %o">]
Sale Items,1.8629417419433594,[#<Selenium::WebDriver::LogEntry:0x00007f8051148c68 @level="WARNING", @timestamp=1619112919273, @message="https://dundurnmarket.com/admin/products?search_criteria=sale_item 7 The key \"touch-action:\" is not recognized and ignored.">, #<Selenium::WebDriver::LogEntry:0x00007f8051148c40 @level="WARNING", @timestamp=1619112919273, @message="https://dundurnmarket.com/admin/products?search_criteria=sale_item 7 The key \"-ms-touch-action:\" is not recognized and ignored.">, #<Selenium::WebDriver::LogEntry:0x00007f8051148c18 @level="WARNING", @timestamp=1619112919595, @message="https://dundurnmarket.com/admin/products?search_criteria=sale_item - [DOM] Found 2 elements with non-unique id #collapse-quantity: (More info: https://goo.gl/9p2vKq) %o %o">]
Manage Cross-Selling,1.536116123199463,[#<Selenium::WebDriver::LogEntry:0x00007f80711eb858 @level="WARNING", @timestamp=1619112924089, @message="https://dundurnmarket.com/admin/reports.php?report_type=upselling 7 The key \"touch-action:\" is not recognized and ignored.">, #<Selenium::WebDriver::LogEntry:0x00007f80711eb830 @level="WARNING", @timestamp=1619112924089, @message="https://dundurnmarket.com/admin/reports.php?report_type=upselling 7 The key \"-ms-touch-action:\" is not recognized and ignored.">]
Manage Cross-Selling - Export to Excel,1.0827291011810303,[]
First Time Order Specials,1.6170649528503418,[#<Selenium::WebDriver::LogEntry:0x00007f8071dd7d10 @level="WARNING", @timestamp=1619112927735, @message="https://dundurnmarket.com/admin/products?search_criteria=first_time_order 7 The key \"touch-action:\" is not recognized and ignored.">, #<Selenium::WebDriver::LogEntry:0x00007f8071dd7ce8 @level="WARNING", @timestamp=1619112927736, @message="https://dundurnmarket.com/admin/products?search_criteria=first_time_order 7 The key \"-ms-touch-action:\" is not recognized and ignored.">, #<Selenium::WebDriver::LogEntry:0x00007f8071dd7cc0 @level="WARNING", @timestamp=1619112927895, @message="https://dundurnmarket.com/admin/products?search_criteria=first_time_order - [DOM] Found 2 elements with non-unique id #collapse-quantity: (More info: https://goo.gl/9p2vKq) %o %o">]
Search Orders,1.82855224609375,[#<Selenium::WebDriver::LogEntry:0x00007f80712028a0 @level="WARNING", @timestamp=1619112932381, @message="https://dundurnmarket.com/admin/orders.php 7 The key \"touch-action:\" is not recognized and ignored.">, #<Selenium::WebDriver::LogEntry:0x00007f8071202878 @level="WARNING", @timestamp=1619112932381, @message="https://dundurnmarket.com/admin/orders.php 7 The key \"-ms-touch-action:\" is not recognized and ignored.">]
This Week's Orders,2.1517980098724365,[#<Selenium::WebDriver::LogEntry:0x00007f8071e0bc00 @level="WARNING", @timestamp=1619112941543, @message="https://dundurnmarket.com/admin/orders.php?mode=search 7 The key \"touch-action:\" is not recognized and ignored.">, #<Selenium::WebDriver::LogEntry:0x00007f8071e0bbd8 @level="WARNING", @timestamp=1619112941543, @message="https://dundurnmarket.com/admin/orders.php?mode=search 7 The key \"-ms-touch-action:\" is not recognized and ignored.">]
Next Week's Orders,2.2574472427368164,[#<Selenium::WebDriver::LogEntry:0x00007f8051861090 @level="WARNING", @timestamp=1619112946820, @message="https://dundurnmarket.com/admin/orders.php?mode=search 7 The key \"touch-action:\" is not recognized and ignored.">, #<Selenium::WebDriver::LogEntry:0x00007f8051861068 @level="WARNING", @timestamp=1619112946821, @message="https://dundurnmarket.com/admin/orders.php?mode=search 7 The key \"-ms-touch-action:\" is not recognized and ignored.">]
Create Purchase Order,2.2823150157928467,[#<Selenium::WebDriver::LogEntry:0x00007f8071bb5280 @level="WARNING", @timestamp=1619112951681, @message="https://dundurnmarket.com/admin/router.php#/adv-purchase-order/create 7 The key \"touch-action:\" is not recognized and ignored.">, #<Selenium::WebDriver::LogEntry:0x00007f8071bb5208 @level="WARNING", @timestamp=1619112951681, @message="https://dundurnmarket.com/admin/router.php#/adv-purchase-order/create 7 The key \"-ms-touch-action:\" is not recognized and ignored.">]
View Purchase Orders,1.0694069862365723,[]
Autoresponders,1.6735737323760986,[#<Selenium::WebDriver::LogEntry:0x00007f8071183c08 @level="WARNING", @timestamp=1619112961115, @message="https://dundurnmarket.com/admin/news.php?mode=messages&targetlist=2 7 The key \"touch-action:\" is not recognized and ignored.">, #<Selenium::WebDriver::LogEntry:0x00007f8071183be0 @level="WARNING", @timestamp=1619112961115, @message="https://dundurnmarket.com/admin/news.php?mode=messages&targetlist=2 7 The key \"-ms-touch-action:\" is not recognized and ignored.">]
General News List,1.7055232524871826,[#<Selenium::WebDriver::LogEntry:0x00007f8071c9dcb0 @level="WARNING", @timestamp=1619112965767, @message="https://dundurnmarket.com/admin/router.php#/newsletters-list/3 7 The key \"touch-action:\" is not recognized and ignored.">, #<Selenium::WebDriver::LogEntry:0x00007f8071c9dc60 @level="WARNING", @timestamp=1619112965767, @message="https://dundurnmarket.com/admin/router.php#/newsletters-list/3 7 The key \"-ms-touch-action:\" is not recognized and ignored.">]
Unsubscribers,1.6740260124206543,[#<Selenium::WebDriver::LogEntry:0x00007f8071cdefa8 @level="WARNING", @timestamp=1619112978568, @message="https://dundurnmarket.com/admin/unsubscribers 7 The key \"touch-action:\" is not recognized and ignored.">, #<Selenium::WebDriver::LogEntry:0x00007f8071cdef80 @level="WARNING", @timestamp=1619112978568, @message="https://dundurnmarket.com/admin/unsubscribers 7 The key \"-ms-touch-action:\" is not recognized and ignored.">]
Edit Static Pages,1.6748337745666504,[#<Selenium::WebDriver::LogEntry:0x00007f8071d09f50 @level="WARNING", @timestamp=1619112983264, @message="https://dundurnmarket.com/admin/pages.php 7 The key \"touch-action:\" is not recognized and ignored.">, #<Selenium::WebDriver::LogEntry:0x00007f8071d09f28 @level="WARNING", @timestamp=1619112983264, @message="https://dundurnmarket.com/admin/pages.php 7 The key \"-ms-touch-action:\" is not recognized and ignored.">]
Manage Files,2.041872024536133,[#<Selenium::WebDriver::LogEntry:0x00007f8071d488b8 @level="WARNING", @timestamp=1619112987899, @message="https://dundurnmarket.com/admin/files.php 7 The key \"touch-action:\" is not recognized and ignored.">, #<Selenium::WebDriver::LogEntry:0x00007f8071d48868 @level="WARNING", @timestamp=1619112987899, @message="https://dundurnmarket.com/admin/files.php 7 The key \"-ms-touch-action:\" is not recognized and ignored.">]
301 Redirects,1.7944371700286865,[#<Selenium::WebDriver::LogEntry:0x00007f8071d7a020 @level="WARNING", @timestamp=1619112997239, @message="https://dundurnmarket.com/admin/redirects 7 The key \"touch-action:\" is not recognized and ignored.">, #<Selenium::WebDriver::LogEntry:0x00007f8071d79ff8 @level="WARNING", @timestamp=1619112997239, @message="https://dundurnmarket.com/admin/redirects 7 The key \"-ms-touch-action:\" is not recognized and ignored.">]
FAQ,1.6443381309509277,[#<Selenium::WebDriver::LogEntry:0x00007f80759519b8 @level="WARNING", @timestamp=1619113001823, @message="https://dundurnmarket.com/admin/faq 7 The key \"touch-action:\" is not recognized and ignored.">, #<Selenium::WebDriver::LogEntry:0x00007f8075951990 @level="WARNING", @timestamp=1619113001823, @message="https://dundurnmarket.com/admin/faq 7 The key \"-ms-touch-action:\" is not recognized and ignored.">]
Company Settings,3.0209648609161377,[#<Selenium::WebDriver::LogEntry:0x00007f80511361d0 @level="WARNING", @timestamp=1619113006600, @message="https://dundurnmarket.com/admin/company.php 7 The key \"touch-action:\" is not recognized and ignored.">, #<Selenium::WebDriver::LogEntry:0x00007f80511361a8 @level="WARNING", @timestamp=1619113006600, @message="https://dundurnmarket.com/admin/company.php 7 The key \"-ms-touch-action:\" is not recognized and ignored.">, #<Selenium::WebDriver::LogEntry:0x00007f8051136180 @level="SEVERE", @timestamp=1619113009107, @message="https://dundurnmarket.com/skin1/css/structure.css - Failed to load resource: the server responded with a status of 404 ()">, #<Selenium::WebDriver::LogEntry:0x00007f8051136158 @level="SEVERE", @timestamp=1619113009107, @message="https://dundurnmarket.com/skin1/css/structure.css - Failed to load resource: the server responded with a status of 404 ()">, #<Selenium::WebDriver::LogEntry:0x00007f8051136130 @level="SEVERE", @timestamp=1619113009107, @message="https://dundurnmarket.com/skin1/css/structure.css - Failed to load resource: the server responded with a status of 404 ()">, #<Selenium::WebDriver::LogEntry:0x00007f8051136108 @level="SEVERE", @timestamp=1619113009107, @message="https://dundurnmarket.com/skin1/css/structure.css - Failed to load resource: the server responded with a status of 404 ()">, #<Selenium::WebDriver::LogEntry:0x00007f80511360e0 @level="SEVERE", @timestamp=1619113009107, @message="https://dundurnmarket.com/skin1/css/structure.css - Failed to load resource: the server responded with a status of 404 ()">, #<Selenium::WebDriver::LogEntry:0x00007f80511360b8 @level="SEVERE", @timestamp=1619113009108, @message="https://dundurnmarket.com/skin1/css/structure.css - Failed to load resource: the server responded with a status of 404 ()">]
States/Counties,1.6428589820861816,[#<Selenium::WebDriver::LogEntry:0x00007f8071d8bc08 @level="WARNING", @timestamp=1619113012507, @message="https://maps.googleapis.com/maps-api-v3/api/js/44/11a/util.js 229:26 \"Google Maps JavaScript API warning: NoApiKeys https://developers.google.com/maps/documentation/javascript/error-messages#no-api-keys\"">, #<Selenium::WebDriver::LogEntry:0x00007f8071d8bbe0 @level="WARNING", @timestamp=1619113012507, @message="https://maps.googleapis.com/maps-api-v3/api/js/44/11a/util.js 229:26 \"Google Maps JavaScript API warning: InvalidKey https://developers.google.com/maps/documentation/javascript/error-messages#invalid-key\"">, #<Selenium::WebDriver::LogEntry:0x00007f8071d8bbb8 @level="WARNING", @timestamp=1619113012618, @message="https://dundurnmarket.com/admin/states.php 7 The key \"touch-action:\" is not recognized and ignored.">, #<Selenium::WebDriver::LogEntry:0x00007f8071d8bb90 @level="WARNING", @timestamp=1619113012618, @message="https://dundurnmarket.com/admin/states.php 7 The key \"-ms-touch-action:\" is not recognized and ignored.">]
Taxes,1.0579571723937988,[]
Taxing Zones,1.5716238021850586,[#<Selenium::WebDriver::LogEntry:0x00007f8071d90640 @level="WARNING", @timestamp=1619113021333, @message="https://dundurnmarket.com/admin/zones.php 7 The key \"touch-action:\" is not recognized and ignored.">, #<Selenium::WebDriver::LogEntry:0x00007f8071d90618 @level="WARNING", @timestamp=1619113021333, @message="https://dundurnmarket.com/admin/zones.php 7 The key \"-ms-touch-action:\" is not recognized and ignored.">]
Taxing System,1.6268889904022217,[#<Selenium::WebDriver::LogEntry:0x00007f8051153280 @level="WARNING", @timestamp=1619113025998, @message="https://dundurnmarket.com/admin/taxes.php 7 The key \"touch-action:\" is not recognized and ignored.">, #<Selenium::WebDriver::LogEntry:0x00007f8051153258 @level="WARNING", @timestamp=1619113025999, @message="https://dundurnmarket.com/admin/taxes.php 7 The key \"-ms-touch-action:\" is not recognized and ignored.">]
Minimum Orders Settings,1.6898059844970703,[#<Selenium::WebDriver::LogEntry:0x00007f8051159f90 @level="WARNING", @timestamp=1619113030638, @message="https://dundurnmarket.com/admin/min_orders_settings.php 7 The key \"touch-action:\" is not recognized and ignored.">, #<Selenium::WebDriver::LogEntry:0x00007f8051159f68 @level="WARNING", @timestamp=1619113030638, @message="https://dundurnmarket.com/admin/min_orders_settings.php 7 The key \"-ms-touch-action:\" is not recognized and ignored.">]
Zip Codes,1.831326961517334,[#<Selenium::WebDriver::LogEntry:0x00007f8071dc0b10 @level="WARNING", @timestamp=1619113035632, @message="https://dundurnmarket.com/admin/zip_codes.php 7 The key \"touch-action:\" is not recognized and ignored.">, #<Selenium::WebDriver::LogEntry:0x00007f8071dc0ae8 @level="WARNING", @timestamp=1619113035632, @message="https://dundurnmarket.com/admin/zip_codes.php 7 The key \"-ms-touch-action:\" is not recognized and ignored.">, #<Selenium::WebDriver::LogEntry:0x00007f8071dc0ac0 @level="WARNING", @timestamp=1619113035766, @message="https://dundurnmarket.com/admin/zip_codes.php - [DOM] Found 2 elements with non-unique id #zip_delivery_type: (More info: https://goo.gl/9p2vKq) %o %o">]
Fees,1.0751521587371826,[]
Settings,1.0573818683624268,[]
Store Locations,1.93259596824646,[#<Selenium::WebDriver::LogEntry:0x00007f80758941d8 @level="WARNING", @timestamp=1619113056485, @message="https://dundurnmarket.com/admin/stores.php 7 The key \"touch-action:\" is not recognized and ignored.">, #<Selenium::WebDriver::LogEntry:0x00007f80758941b0 @level="WARNING", @timestamp=1619113056485, @message="https://dundurnmarket.com/admin/stores.php 7 The key \"-ms-touch-action:\" is not recognized and ignored.">]
DBP Settings,3.6994690895080566,[#<Selenium::WebDriver::LogEntry:0x00007f8071af4350 @level="WARNING", @timestamp=1619113062721, @message="https://dundurnmarket.com/admin/dbp_settings.php 7 The key \"touch-action:\" is not recognized and ignored.">, #<Selenium::WebDriver::LogEntry:0x00007f8071afff98 @level="WARNING", @timestamp=1619113062721, @message="https://dundurnmarket.com/admin/dbp_settings.php 7 The key \"-ms-touch-action:\" is not recognized and ignored.">]
DBP Billing,2.14554500579834,[#<Selenium::WebDriver::LogEntry:0x00007f8071c5f960 @level="WARNING", @timestamp=1619113068623, @message="https://dundurnmarket.com/admin/dbp_billing.php 7 The key \"touch-action:\" is not recognized and ignored.">, #<Selenium::WebDriver::LogEntry:0x00007f8071c5f870 @level="WARNING", @timestamp=1619113068623, @message="https://dundurnmarket.com/admin/dbp_billing.php 7 The key \"-ms-touch-action:\" is not recognized and ignored.">]
Countries,1.5865850448608398,[#<Selenium::WebDriver::LogEntry:0x00007f80510f6328 @level="WARNING", @timestamp=1619113073358, @message="https://dundurnmarket.com/admin/countries.php 7 The key \"touch-action:\" is not recognized and ignored.">, #<Selenium::WebDriver::LogEntry:0x00007f80510f6300 @level="WARNING", @timestamp=1619113073358, @message="https://dundurnmarket.com/admin/countries.php 7 The key \"-ms-touch-action:\" is not recognized and ignored.">]
States,1.5773968696594238,[#<Selenium::WebDriver::LogEntry:0x00007f80711928c0 @level="WARNING", @timestamp=1619113078001, @message="https://dundurnmarket.com/admin/states.php 7 The key \"touch-action:\" is not recognized and ignored.">, #<Selenium::WebDriver::LogEntry:0x00007f8071192898 @level="WARNING", @timestamp=1619113078001, @message="https://dundurnmarket.com/admin/states.php 7 The key \"-ms-touch-action:\" is not recognized and ignored.">]
Settings,1.077538013458252,[]
Export/Import Cities,1.532886028289795,[#<Selenium::WebDriver::LogEntry:0x00007f8071ce6c30 @level="WARNING", @timestamp=1619113086702, @message="https://dundurnmarket.com/admin/cities_export_import.php 7 The key \"touch-action:\" is not recognized and ignored.">, #<Selenium::WebDriver::LogEntry:0x00007f8071ce6c08 @level="WARNING", @timestamp=1619113086702, @message="https://dundurnmarket.com/admin/cities_export_import.php 7 The key \"-ms-touch-action:\" is not recognized and ignored.">]
Summary,1.6246111392974854,[#<Selenium::WebDriver::LogEntry:0x00007f8071d13488 @level="WARNING", @timestamp=1619113091320, @message="https://dundurnmarket.com/admin/general.php 7 The key \"touch-action:\" is not recognized and ignored.">, #<Selenium::WebDriver::LogEntry:0x00007f8071d13460 @level="WARNING", @timestamp=1619113091320, @message="https://dundurnmarket.com/admin/general.php 7 The key \"-ms-touch-action:\" is not recognized and ignored.">]
Credit card types,2.55667781829834,[#<Selenium::WebDriver::LogEntry:0x00007f8071d5bf80 @level="WARNING", @timestamp=1619113096877, @message="https://dundurnmarket.com/admin/card_types.php 7 The key \"touch-action:\" is not recognized and ignored.">, #<Selenium::WebDriver::LogEntry:0x00007f8071d5bf58 @level="WARNING", @timestamp=1619113096882, @message="https://dundurnmarket.com/admin/card_types.php 7 The key \"-ms-touch-action:\" is not recognized and ignored.">]
General Settings,2.0623271465301514,[#<Selenium::WebDriver::LogEntry:0x00007f80759397c8 @level="WARNING", @timestamp=1619113101459, @message="https://dundurnmarket.com/admin/configuration 7 The key \"touch-action:\" is not recognized and ignored.">, #<Selenium::WebDriver::LogEntry:0x00007f80759397a0 @level="WARNING", @timestamp=1619113101459, @message="https://dundurnmarket.com/admin/configuration 7 The key \"-ms-touch-action:\" is not recognized and ignored.">]
Languages,1.7337138652801514,[#<Selenium::WebDriver::LogEntry:0x00007f807594a208 @level="WARNING", @timestamp=1619113106565, @message="https://dundurnmarket.com/admin/languages.php 7 The key \"touch-action:\" is not recognized and ignored.">, #<Selenium::WebDriver::LogEntry:0x00007f807594a1b8 @level="WARNING", @timestamp=1619113106565, @message="https://dundurnmarket.com/admin/languages.php 7 The key \"-ms-touch-action:\" is not recognized and ignored.">, #<Selenium::WebDriver::LogEntry:0x00007f807594a168 @level="SEVERE", @timestamp=1619113106786, @message="https://dundurnmarket.com/tinymce/tiny_mce.js - Failed to load resource: the server responded with a status of 404 ()">]
Modules,2.6410889625549316,[#<Selenium::WebDriver::LogEntry:0x00007f80759716c8 @level="WARNING", @timestamp=1619113111586, @message="https://dundurnmarket.com/admin/modules.php 7 The key \"touch-action:\" is not recognized and ignored.">, #<Selenium::WebDriver::LogEntry:0x00007f80759716a0 @level="WARNING", @timestamp=1619113111586, @message="https://dundurnmarket.com/admin/modules.php 7 The key \"-ms-touch-action:\" is not recognized and ignored.">]
Payment Methods,1.822826862335205,[#<Selenium::WebDriver::LogEntry:0x00007f80518a79f0 @level="WARNING", @timestamp=1619113117008, @message="https://dundurnmarket.com/admin/payment_methods.php 7 The key \"touch-action:\" is not recognized and ignored.">, #<Selenium::WebDriver::LogEntry:0x00007f80518a79c8 @level="WARNING", @timestamp=1619113117008, @message="https://dundurnmarket.com/admin/payment_methods.php 7 The key \"-ms-touch-action:\" is not recognized and ignored.">]
Clear templates cache,1.9981858730316162,[#<Selenium::WebDriver::LogEntry:0x00007f80518bfa78 @level="WARNING", @timestamp=1619113122249, @message="https://dundurnmarket.com/admin/general.php 7 The key \"touch-action:\" is not recognized and ignored.">, #<Selenium::WebDriver::LogEntry:0x00007f80518bfa50 @level="WARNING", @timestamp=1619113122249, @message="https://dundurnmarket.com/admin/general.php 7 The key \"-ms-touch-action:\" is not recognized and ignored.">]
System Logs,1.051530122756958,[]
DBP Overview,1.5947728157043457,[#<Selenium::WebDriver::LogEntry:0x00007f8071da7200 @level="WARNING", @timestamp=1619113130986, @message="https://dundurnmarket.com/admin/dbp_overview.php 7 The key \"touch-action:\" is not recognized and ignored.">, #<Selenium::WebDriver::LogEntry:0x00007f8071da71d8 @level="WARNING", @timestamp=1619113130986, @message="https://dundurnmarket.com/admin/dbp_overview.php 7 The key \"-ms-touch-action:\" is not recognized and ignored.">]
Inventory,1.5903840065002441,[#<Selenium::WebDriver::LogEntry:0x00007f8051901e28 @level="WARNING", @timestamp=1619113135585, @message="https://dundurnmarket.com/admin/log_inventory.php 7 The key \"touch-action:\" is not recognized and ignored.">, #<Selenium::WebDriver::LogEntry:0x00007f8051901e00 @level="WARNING", @timestamp=1619113135585, @message="https://dundurnmarket.com/admin/log_inventory.php 7 The key \"-ms-touch-action:\" is not recognized and ignored.">]
Tasks,1.800555944442749,[#<Selenium::WebDriver::LogEntry:0x00007f8075998ac0 @level="WARNING", @timestamp=1619113140270, @message="https://dundurnmarket.com/admin/router.php?r=bt-console#/bt-console 7 The key \"touch-action:\" is not recognized and ignored.">, #<Selenium::WebDriver::LogEntry:0x00007f8075998a98 @level="WARNING", @timestamp=1619113140270, @message="https://dundurnmarket.com/admin/router.php?r=bt-console#/bt-console 7 The key \"-ms-touch-action:\" is not recognized and ignored.">]
Periodic tasks,3.4998998641967773,[#<Selenium::WebDriver::LogEntry:0x00007f8071de3390 @level="WARNING", @timestamp=1619113146882, @message="https://dundurnmarket.com/admin/periodicTasks 7 The key \"touch-action:\" is not recognized and ignored.">, #<Selenium::WebDriver::LogEntry:0x00007f8071de3368 @level="WARNING", @timestamp=1619113146882, @message="https://dundurnmarket.com/admin/periodicTasks 7 The key \"-ms-touch-action:\" is not recognized and ignored.">]
