Dashboard,2.0304319858551025,[#<Selenium::WebDriver::LogEntry:0x00007f9d04dbacd8 @level="WARNING", @timestamp=1619810845757, @message="https://goodfood2u.client-staging.deliverybizpro.com/admin/login 7 The key \"touch-action:\" is not recognized and ignored.">, #<Selenium::WebDriver::LogEntry:0x00007f9d04dbacb0 @level="WARNING", @timestamp=1619810845758, @message="https://goodfood2u.client-staging.deliverybizpro.com/admin/login 7 The key \"-ms-touch-action:\" is not recognized and ignored.">, #<Selenium::WebDriver::LogEntry:0x00007f9d04dbac88 @level="WARNING", @timestamp=1619810853118, @message="https://goodfood2u.client-staging.deliverybizpro.com/admin/home.php 7 The key \"touch-action:\" is not recognized and ignored.">, #<Selenium::WebDriver::LogEntry:0x00007f9d04dbac60 @level="WARNING", @timestamp=1619810853118, @message="https://goodfood2u.client-staging.deliverybizpro.com/admin/home.php 7 The key \"-ms-touch-action:\" is not recognized and ignored.">, #<Selenium::WebDriver::LogEntry:0x00007f9d04dbac38 @level="SEVERE", @timestamp=1619810854029, @message="https://goodfood2u.client-staging.deliverybizpro.com/bower_components/autobahn/autobahn.min.js?_=1619641498 183 WebSocket connection to 'wss://goodfood2u.client-staging.deliverybizpro.com/ws' failed: Error during WebSocket handshake: Unexpected response code: 502">, #<Selenium::WebDriver::LogEntry:0x00007f9d04dbac10 @level="WARNING", @timestamp=1619810855425, @message="https://goodfood2u.client-staging.deliverybizpro.com/admin/home.php 7 The key \"touch-action:\" is not recognized and ignored.">, #<Selenium::WebDriver::LogEntry:0x00007f9d04dbabe8 @level="WARNING", @timestamp=1619810855430, @message="https://goodfood2u.client-staging.deliverybizpro.com/admin/home.php 7 The key \"-ms-touch-action:\" is not recognized and ignored.">, #<Selenium::WebDriver::LogEntry:0x00007f9d04dbabc0 @level="SEVERE", @timestamp=1619810857085, @message="https://goodfood2u.client-staging.deliverybizpro.com/bower_components/autobahn/autobahn.min.js?_=1619641498 183 WebSocket connection to 'wss://goodfood2u.client-staging.deliverybizpro.com/ws' failed: Error during WebSocket handshake: Unexpected response code: 502">]
Customers,1.059971809387207,[#<Selenium::WebDriver::LogEntry:0x00007f9d04e42c78 @level="SEVERE", @timestamp=1619810858052, @message="https://goodfood2u.client-staging.deliverybizpro.com/bower_components/autobahn/autobahn.min.js?_=1619641498 183 WebSocket connection to 'wss://goodfood2u.client-staging.deliverybizpro.com/ws' failed: Error during WebSocket handshake: Unexpected response code: 502">, #<Selenium::WebDriver::LogEntry:0x00007f9d04e42c50 @level="SEVERE", @timestamp=1619810860644, @message="https://goodfood2u.client-staging.deliverybizpro.com/bower_components/autobahn/autobahn.min.js?_=1619641498 183 WebSocket connection to 'wss://goodfood2u.client-staging.deliverybizpro.com/ws' failed: Error during WebSocket handshake: Unexpected response code: 502">, #<Selenium::WebDriver::LogEntry:0x00007f9d04e42c28 @level="SEVERE", @timestamp=1619810864226, @message="https://goodfood2u.client-staging.deliverybizpro.com/bower_components/autobahn/autobahn.min.js?_=1619641498 183 WebSocket connection to 'wss://goodfood2u.client-staging.deliverybizpro.com/ws' failed: Error during WebSocket handshake: Unexpected response code: 502">, #<Selenium::WebDriver::LogEntry:0x00007f9d04e42c00 @level="SEVERE", @timestamp=1619810869236, @message="https://goodfood2u.client-staging.deliverybizpro.com/bower_components/autobahn/autobahn.min.js?_=1619641498 183 WebSocket connection to 'wss://goodfood2u.client-staging.deliverybizpro.com/ws' failed: Error during WebSocket handshake: Unexpected response code: 502">]
Search for Customers,2.0934128761291504,[#<Selenium::WebDriver::LogEntry:0x00007f9d04b9fe30 @level="SEVERE", @timestamp=1619810876637, @message="https://goodfood2u.client-staging.deliverybizpro.com/bower_components/autobahn/autobahn.min.js?_=1619641498 183 WebSocket connection to 'wss://goodfood2u.client-staging.deliverybizpro.com/ws' failed: Error during WebSocket handshake: Unexpected response code: 502">, #<Selenium::WebDriver::LogEntry:0x00007f9d04b9fe08 @level="WARNING", @timestamp=1619810883205, @message="https://goodfood2u.client-staging.deliverybizpro.com/admin/users.php?mode=search&usertype=C&refresh=1&sort=last_login&sort_direction=1 16 The key \"touch-action:\" is not recognized and ignored.">, #<Selenium::WebDriver::LogEntry:0x00007f9d04b9fdb8 @level="WARNING", @timestamp=1619810883206, @message="https://goodfood2u.client-staging.deliverybizpro.com/admin/users.php?mode=search&usertype=C&refresh=1&sort=last_login&sort_direction=1 16 The key \"-ms-touch-action:\" is not recognized and ignored.">, #<Selenium::WebDriver::LogEntry:0x00007f9d04b9fcc8 @level="WARNING", @timestamp=1619810883803, @message="https://goodfood2u.client-staging.deliverybizpro.com/admin/users.php?mode=search&usertype=C&refresh=1&sort=last_login&sort_direction=1 - [DOM] Found 2 elements with non-unique id #frm-users-search: (More info: https://goo.gl/9p2vKq) %o %o">, #<Selenium::WebDriver::LogEntry:0x00007f9d04b9fbd8 @level="WARNING", @timestamp=1619810883803, @message="https://goodfood2u.client-staging.deliverybizpro.com/admin/users.php?mode=search&usertype=C&refresh=1&sort=last_login&sort_direction=1 - [DOM] Found 2 elements with non-unique id #posted_data[orders_count_type]: (More info: https://goo.gl/9p2vKq) %o %o">]
Create Customer Profile,2.2270288467407227,[#<Selenium::WebDriver::LogEntry:0x00007f9d04c7f3a0 @level="WARNING", @timestamp=1619810891524, @message="https://goodfood2u.client-staging.deliverybizpro.com/admin/user_add.php?usertype=C 7 The key \"touch-action:\" is not recognized and ignored.">, #<Selenium::WebDriver::LogEntry:0x00007f9d04c7f378 @level="WARNING", @timestamp=1619810891524, @message="https://goodfood2u.client-staging.deliverybizpro.com/admin/user_add.php?usertype=C 7 The key \"-ms-touch-action:\" is not recognized and ignored.">]
Import Customers,1.8876450061798096,[#<Selenium::WebDriver::LogEntry:0x00007f9ce484c7f8 @level="WARNING", @timestamp=1619810900016, @message="https://goodfood2u.client-staging.deliverybizpro.com/admin/customers_import.php 7 The key \"touch-action:\" is not recognized and ignored.">, #<Selenium::WebDriver::LogEntry:0x00007f9ce484c7d0 @level="WARNING", @timestamp=1619810900016, @message="https://goodfood2u.client-staging.deliverybizpro.com/admin/customers_import.php 7 The key \"-ms-touch-action:\" is not recognized and ignored.">, #<Selenium::WebDriver::LogEntry:0x00007f9ce484c7a8 @level="SEVERE", @timestamp=1619810901513, @message="https://goodfood2u.client-staging.deliverybizpro.com/bower_components/autobahn/autobahn.js?_=1619641498 5397 WebSocket connection to 'wss://goodfood2u.client-staging.deliverybizpro.com/ws' failed: Error during WebSocket handshake: Unexpected response code: 502">, #<Selenium::WebDriver::LogEntry:0x00007f9ce484c780 @level="WARNING", @timestamp=1619810901513, @message="https://goodfood2u.client-staging.deliverybizpro.com/admin/customers_import.php 1047:18 \"WAMP connection closed\" \"unreachable\" null">]
Export Customers,2.3345870971679688,[#<Selenium::WebDriver::LogEntry:0x00007f9d0693bc50 @level="SEVERE", @timestamp=1619810902904, @message="https://goodfood2u.client-staging.deliverybizpro.com/bower_components/autobahn/autobahn.js?_=1619641498 5397 WebSocket connection to 'wss://goodfood2u.client-staging.deliverybizpro.com/ws' failed: Error during WebSocket handshake: Unexpected response code: 502">, #<Selenium::WebDriver::LogEntry:0x00007f9d0693bbb0 @level="WARNING", @timestamp=1619810902904, @message="https://goodfood2u.client-staging.deliverybizpro.com/admin/customers_import.php 1047:18 \"WAMP connection closed\" \"unreachable\" null">, #<Selenium::WebDriver::LogEntry:0x00007f9d0693ba98 @level="SEVERE", @timestamp=1619810905301, @message="https://goodfood2u.client-staging.deliverybizpro.com/bower_components/autobahn/autobahn.js?_=1619641498 5397 WebSocket connection to 'wss://goodfood2u.client-staging.deliverybizpro.com/ws' failed: Error during WebSocket handshake: Unexpected response code: 502">, #<Selenium::WebDriver::LogEntry:0x00007f9d0693ba48 @level="WARNING", @timestamp=1619810905302, @message="https://goodfood2u.client-staging.deliverybizpro.com/admin/customers_import.php 1047:18 \"WAMP connection closed\" \"unreachable\" null">, #<Selenium::WebDriver::LogEntry:0x00007f9d0693b9a8 @level="WARNING", @timestamp=1619810908092, @message="https://goodfood2u.client-staging.deliverybizpro.com/admin/router.php?r=export-users#/export-users 7 The key \"touch-action:\" is not recognized and ignored.">, #<Selenium::WebDriver::LogEntry:0x00007f9d0693b908 @level="WARNING", @timestamp=1619810908093, @message="https://goodfood2u.client-staging.deliverybizpro.com/admin/router.php?r=export-users#/export-users 7 The key \"-ms-touch-action:\" is not recognized and ignored.">, #<Selenium::WebDriver::LogEntry:0x00007f9d0693b8b8 @level="SEVERE", @timestamp=1619810908992, @message="https://goodfood2u.client-staging.deliverybizpro.com/bower_components/autobahn/autobahn.js?_=1619641498 5397 WebSocket connection to 'wss://goodfood2u.client-staging.deliverybizpro.com/ws' failed: Error during WebSocket handshake: Unexpected response code: 502">]
Export Customer Emails,1.4144508838653564,[#<Selenium::WebDriver::LogEntry:0x00007f9d069b0118 @level="SEVERE", @timestamp=1619810910759, @message="https://goodfood2u.client-staging.deliverybizpro.com/bower_components/autobahn/autobahn.js?_=1619641498 5397 WebSocket connection to 'wss://goodfood2u.client-staging.deliverybizpro.com/ws' failed: Error during WebSocket handshake: Unexpected response code: 502">, #<Selenium::WebDriver::LogEntry:0x00007f9d069b00f0 @level="SEVERE", @timestamp=1619810912986, @message="https://goodfood2u.client-staging.deliverybizpro.com/bower_components/autobahn/autobahn.js?_=1619641498 5397 WebSocket connection to 'wss://goodfood2u.client-staging.deliverybizpro.com/ws' failed: Error during WebSocket handshake: Unexpected response code: 502">, #<Selenium::WebDriver::LogEntry:0x00007f9d069b00c8 @level="SEVERE", @timestamp=1619810916410, @message="https://goodfood2u.client-staging.deliverybizpro.com/bower_components/autobahn/autobahn.js?_=1619641498 5397 WebSocket connection to 'wss://goodfood2u.client-staging.deliverybizpro.com/ws' failed: Error during WebSocket handshake: Unexpected response code: 502">, #<Selenium::WebDriver::LogEntry:0x00007f9d069b00a0 @level="WARNING", @timestamp=1619810916730, @message="https://goodfood2u.client-staging.deliverybizpro.com/admin/export_users_emails.php 7 The key \"touch-action:\" is not recognized and ignored.">, #<Selenium::WebDriver::LogEntry:0x00007f9d069b0028 @level="WARNING", @timestamp=1619810916730, @message="https://goodfood2u.client-staging.deliverybizpro.com/admin/export_users_emails.php 7 The key \"-ms-touch-action:\" is not recognized and ignored.">]
Edit/Create Membership Levels,1.4678092002868652,[#<Selenium::WebDriver::LogEntry:0x00007f9d06a49b60 @level="WARNING", @timestamp=1619810924375, @message="https://goodfood2u.client-staging.deliverybizpro.com/admin/memberships.php?usertype=C 7 The key \"touch-action:\" is not recognized and ignored.">, #<Selenium::WebDriver::LogEntry:0x00007f9d06a49b38 @level="WARNING", @timestamp=1619810924375, @message="https://goodfood2u.client-staging.deliverybizpro.com/admin/memberships.php?usertype=C 7 The key \"-ms-touch-action:\" is not recognized and ignored.">]
Customer Notes,1.487673044204712,[#<Selenium::WebDriver::LogEntry:0x00007f9d04d8b820 @level="WARNING", @timestamp=1619810932157, @message="https://goodfood2u.client-staging.deliverybizpro.com/admin/customer_notes.php 7 The key \"touch-action:\" is not recognized and ignored.">, #<Selenium::WebDriver::LogEntry:0x00007f9d04d8b7f8 @level="WARNING", @timestamp=1619810932157, @message="https://goodfood2u.client-staging.deliverybizpro.com/admin/customer_notes.php 7 The key \"-ms-touch-action:\" is not recognized and ignored.">]
Administrators,1.077685832977295,[]
Search for Admins,2.4895310401916504,[#<Selenium::WebDriver::LogEntry:0x00007f9d06156ad0 @level="WARNING", @timestamp=1619810948224, @message="https://goodfood2u.client-staging.deliverybizpro.com/admin/users.php?mode=search&usertype=P&refresh=1 7 The key \"touch-action:\" is not recognized and ignored.">, #<Selenium::WebDriver::LogEntry:0x00007f9d06156aa8 @level="WARNING", @timestamp=1619810948224, @message="https://goodfood2u.client-staging.deliverybizpro.com/admin/users.php?mode=search&usertype=P&refresh=1 7 The key \"-ms-touch-action:\" is not recognized and ignored.">, #<Selenium::WebDriver::LogEntry:0x00007f9d06156a58 @level="WARNING", @timestamp=1619810948370, @message="https://goodfood2u.client-staging.deliverybizpro.com/admin/users.php?mode=search&usertype=P&refresh=1 - [DOM] Found 2 elements with non-unique id #frm-users-search: (More info: https://goo.gl/9p2vKq) %o %o">]
Create Admin Profile,1.5295751094818115,[#<Selenium::WebDriver::LogEntry:0x00007f9d04de8bd8 @level="WARNING", @timestamp=1619810956048, @message="https://goodfood2u.client-staging.deliverybizpro.com/admin/user_add.php?usertype=P 7 The key \"touch-action:\" is not recognized and ignored.">, #<Selenium::WebDriver::LogEntry:0x00007f9d04de8bb0 @level="WARNING", @timestamp=1619810956048, @message="https://goodfood2u.client-staging.deliverybizpro.com/admin/user_add.php?usertype=P 7 The key \"-ms-touch-action:\" is not recognized and ignored.">]
Access Control,1.5106770992279053,[#<Selenium::WebDriver::LogEntry:0x00007f9d04e490a0 @level="WARNING", @timestamp=1619810963819, @message="https://goodfood2u.client-staging.deliverybizpro.com/admin/access_control.php 7 The key \"touch-action:\" is not recognized and ignored.">, #<Selenium::WebDriver::LogEntry:0x00007f9d04e49078 @level="WARNING", @timestamp=1619810963819, @message="https://goodfood2u.client-staging.deliverybizpro.com/admin/access_control.php 7 The key \"-ms-touch-action:\" is not recognized and ignored.">]
Edit/Create Membership Levels,1.4171109199523926,[#<Selenium::WebDriver::LogEntry:0x00007f9d04bd6cf0 @level="WARNING", @timestamp=1619810971469, @message="https://goodfood2u.client-staging.deliverybizpro.com/admin/memberships.php?usertype=P 7 The key \"touch-action:\" is not recognized and ignored.">, #<Selenium::WebDriver::LogEntry:0x00007f9d04bd6ca0 @level="WARNING", @timestamp=1619810971469, @message="https://goodfood2u.client-staging.deliverybizpro.com/admin/memberships.php?usertype=P 7 The key \"-ms-touch-action:\" is not recognized and ignored.">]
Drivers,1.0769131183624268,[]
Search for Drivers,1.485612154006958,[#<Selenium::WebDriver::LogEntry:0x00007f9ce4920508 @level="WARNING", @timestamp=1619811006676, @message="https://goodfood2u.client-staging.deliverybizpro.com/admin/users.php?mode=search&usertype=D&refresh=1 16 The key \"touch-action:\" is not recognized and ignored.">, #<Selenium::WebDriver::LogEntry:0x00007f9ce49204e0 @level="WARNING", @timestamp=1619811006676, @message="https://goodfood2u.client-staging.deliverybizpro.com/admin/users.php?mode=search&usertype=D&refresh=1 16 The key \"-ms-touch-action:\" is not recognized and ignored.">, #<Selenium::WebDriver::LogEntry:0x00007f9ce4920418 @level="WARNING", @timestamp=1619811006812, @message="https://goodfood2u.client-staging.deliverybizpro.com/admin/users.php?mode=search&usertype=D&refresh=1 - [DOM] Found 2 elements with non-unique id #frm-users-search: (More info: https://goo.gl/9p2vKq) %o %o">]
Create Driver Profile,1.4634249210357666,[#<Selenium::WebDriver::LogEntry:0x00007f9d069995f8 @level="WARNING", @timestamp=1619811014450, @message="https://goodfood2u.client-staging.deliverybizpro.com/admin/user_add.php?usertype=D 7 The key \"touch-action:\" is not recognized and ignored.">, #<Selenium::WebDriver::LogEntry:0x00007f9d069995d0 @level="WARNING", @timestamp=1619811014450, @message="https://goodfood2u.client-staging.deliverybizpro.com/admin/user_add.php?usertype=D 7 The key \"-ms-touch-action:\" is not recognized and ignored.">]
Edit/Create Membership Levels,1.4626660346984863,[#<Selenium::WebDriver::LogEntry:0x00007f9d06a28d20 @level="WARNING", @timestamp=1619811022177, @message="https://goodfood2u.client-staging.deliverybizpro.com/admin/memberships.php?usertype=D 7 The key \"touch-action:\" is not recognized and ignored.">, #<Selenium::WebDriver::LogEntry:0x00007f9d06a28cf8 @level="WARNING", @timestamp=1619811022177, @message="https://goodfood2u.client-staging.deliverybizpro.com/admin/memberships.php?usertype=D 7 The key \"-ms-touch-action:\" is not recognized and ignored.">]
Suppliers,1.0764222145080566,[]
Search for Suppliers,1.589143991470337,[#<Selenium::WebDriver::LogEntry:0x00007f9d060c52b0 @level="WARNING", @timestamp=1619811037221, @message="https://goodfood2u.client-staging.deliverybizpro.com/admin/users.php?mode=search&usertype=U&refresh=1 16 The key \"touch-action:\" is not recognized and ignored.">, #<Selenium::WebDriver::LogEntry:0x00007f9d060c5288 @level="WARNING", @timestamp=1619811037221, @message="https://goodfood2u.client-staging.deliverybizpro.com/admin/users.php?mode=search&usertype=U&refresh=1 16 The key \"-ms-touch-action:\" is not recognized and ignored.">, #<Selenium::WebDriver::LogEntry:0x00007f9d060c5238 @level="WARNING", @timestamp=1619811037447, @message="https://goodfood2u.client-staging.deliverybizpro.com/admin/users.php?mode=search&usertype=U&refresh=1 - [DOM] Found 2 elements with non-unique id #frm-users-search: (More info: https://goo.gl/9p2vKq) %o %o">]
Create Supplier Profile,1.6071960926055908,[#<Selenium::WebDriver::LogEntry:0x00007f9d06134e80 @level="WARNING", @timestamp=1619811045056, @message="https://goodfood2u.client-staging.deliverybizpro.com/admin/user_add.php?usertype=U 7 The key \"touch-action:\" is not recognized and ignored.">, #<Selenium::WebDriver::LogEntry:0x00007f9d06134e30 @level="WARNING", @timestamp=1619811045056, @message="https://goodfood2u.client-staging.deliverybizpro.com/admin/user_add.php?usertype=U 7 The key \"-ms-touch-action:\" is not recognized and ignored.">]
Edit/Search Products,2.366312026977539,[#<Selenium::WebDriver::LogEntry:0x00007f9d04dd0e98 @level="WARNING", @timestamp=1619811053058, @message="https://goodfood2u.client-staging.deliverybizpro.com/admin/products 7 The key \"touch-action:\" is not recognized and ignored.">, #<Selenium::WebDriver::LogEntry:0x00007f9d04dd0e70 @level="WARNING", @timestamp=1619811053058, @message="https://goodfood2u.client-staging.deliverybizpro.com/admin/products 7 The key \"-ms-touch-action:\" is not recognized and ignored.">, #<Selenium::WebDriver::LogEntry:0x00007f9d04dd0e20 @level="WARNING", @timestamp=1619811053955, @message="https://goodfood2u.client-staging.deliverybizpro.com/admin/products - [DOM] Found 2 elements with non-unique id #collapse-quantity: (More info: https://goo.gl/9p2vKq) %o %o">]
Add New Product,2.4836390018463135,[#<Selenium::WebDriver::LogEntry:0x00007f9d04e30e38 @level="WARNING", @timestamp=1619811061623, @message="https://goodfood2u.client-staging.deliverybizpro.com/admin/products/create 7 The key \"touch-action:\" is not recognized and ignored.">, #<Selenium::WebDriver::LogEntry:0x00007f9d04e30e10 @level="WARNING", @timestamp=1619811061623, @message="https://goodfood2u.client-staging.deliverybizpro.com/admin/products/create 7 The key \"-ms-touch-action:\" is not recognized and ignored.">]
Import products,2.707754135131836,[#<Selenium::WebDriver::LogEntry:0x00007f9d04b13200 @level="WARNING", @timestamp=1619811070310, @message="https://goodfood2u.client-staging.deliverybizpro.com/admin/products/import 7 The key \"touch-action:\" is not recognized and ignored.">, #<Selenium::WebDriver::LogEntry:0x00007f9d04b130c0 @level="WARNING", @timestamp=1619811070310, @message="https://goodfood2u.client-staging.deliverybizpro.com/admin/products/import 7 The key \"-ms-touch-action:\" is not recognized and ignored.">, #<Selenium::WebDriver::LogEntry:0x00007f9d04b12d50 @level="WARNING", @timestamp=1619811070830, @message="https://goodfood2u.client-staging.deliverybizpro.com/admin/router.php?iframe=Y#/task-status 7 The key \"touch-action:\" is not recognized and ignored.">, #<Selenium::WebDriver::LogEntry:0x00007f9d04b12d28 @level="WARNING", @timestamp=1619811070830, @message="https://goodfood2u.client-staging.deliverybizpro.com/admin/router.php?iframe=Y#/task-status 7 The key \"-ms-touch-action:\" is not recognized and ignored.">, #<Selenium::WebDriver::LogEntry:0x00007f9d04b12c38 @level="SEVERE", @timestamp=1619811072679, @message="https://goodfood2u.client-staging.deliverybizpro.com/bower_components/autobahn/autobahn.js?_=1619641498 5397 WebSocket connection to 'wss://goodfood2u.client-staging.deliverybizpro.com/ws' failed: Error during WebSocket handshake: Unexpected response code: 502">]
Export products,1.4082870483398438,[#<Selenium::WebDriver::LogEntry:0x00007f9d06084b70 @level="SEVERE", @timestamp=1619811073899, @message="https://goodfood2u.client-staging.deliverybizpro.com/bower_components/autobahn/autobahn.js?_=1619641498 5397 WebSocket connection to 'wss://goodfood2u.client-staging.deliverybizpro.com/ws' failed: Error during WebSocket handshake: Unexpected response code: 502">, #<Selenium::WebDriver::LogEntry:0x00007f9d06084a80 @level="SEVERE", @timestamp=1619811077127, @message="https://goodfood2u.client-staging.deliverybizpro.com/bower_components/autobahn/autobahn.js?_=1619641498 5397 WebSocket connection to 'wss://goodfood2u.client-staging.deliverybizpro.com/ws' failed: Error during WebSocket handshake: Unexpected response code: 502">, #<Selenium::WebDriver::LogEntry:0x00007f9d06084a58 @level="WARNING", @timestamp=1619811079257, @message="https://goodfood2u.client-staging.deliverybizpro.com/admin/products/export 7 The key \"touch-action:\" is not recognized and ignored.">, #<Selenium::WebDriver::LogEntry:0x00007f9d06084a30 @level="WARNING", @timestamp=1619811079257, @message="https://goodfood2u.client-staging.deliverybizpro.com/admin/products/export 7 The key \"-ms-touch-action:\" is not recognized and ignored.">]
Product Categories,1.5586068630218506,[#<Selenium::WebDriver::LogEntry:0x00007f9ce480eed0 @level="WARNING", @timestamp=1619811086897, @message="https://goodfood2u.client-staging.deliverybizpro.com/admin/categories.php 7 The key \"touch-action:\" is not recognized and ignored.">, #<Selenium::WebDriver::LogEntry:0x00007f9ce480eea8 @level="WARNING", @timestamp=1619811086897, @message="https://goodfood2u.client-staging.deliverybizpro.com/admin/categories.php 7 The key \"-ms-touch-action:\" is not recognized and ignored.">]
Extra fields,1.502284049987793,[#<Selenium::WebDriver::LogEntry:0x00007f9d069086e8 @level="WARNING", @timestamp=1619811094695, @message="https://goodfood2u.client-staging.deliverybizpro.com/admin/extra-fields 7 The key \"touch-action:\" is not recognized and ignored.">, #<Selenium::WebDriver::LogEntry:0x00007f9d06908558 @level="WARNING", @timestamp=1619811094695, @message="https://goodfood2u.client-staging.deliverybizpro.com/admin/extra-fields 7 The key \"-ms-touch-action:\" is not recognized and ignored.">]
Warehouse Locations,1.4038453102111816,[#<Selenium::WebDriver::LogEntry:0x00007f9d069b0a28 @level="WARNING", @timestamp=1619811106437, @message="https://goodfood2u.client-staging.deliverybizpro.com/admin/warehouse-locations 7 The key \"touch-action:\" is not recognized and ignored.">, #<Selenium::WebDriver::LogEntry:0x00007f9d069b0a00 @level="WARNING", @timestamp=1619811106437, @message="https://goodfood2u.client-staging.deliverybizpro.com/admin/warehouse-locations 7 The key \"-ms-touch-action:\" is not recognized and ignored.">]
Change/Assign Routes,1.5231881141662598,[#<Selenium::WebDriver::LogEntry:0x00007f9d06a5a140 @level="WARNING", @timestamp=1619811118221, @message="https://goodfood2u.client-staging.deliverybizpro.com/admin/assign_route_users.php 7 The key \"touch-action:\" is not recognized and ignored.">, #<Selenium::WebDriver::LogEntry:0x00007f9d06a5a118 @level="WARNING", @timestamp=1619811118222, @message="https://goodfood2u.client-staging.deliverybizpro.com/admin/assign_route_users.php 7 The key \"-ms-touch-action:\" is not recognized and ignored.">, #<Selenium::WebDriver::LogEntry:0x00007f9d06a5a0f0 @level="WARNING", @timestamp=1619811118329, @message="https://goodfood2u.client-staging.deliverybizpro.com/admin/assign_route_users.php - [DOM] Found 2 elements with non-unique id #show_not_validated: (More info: https://goo.gl/9p2vKq) %o %o">]
Create/Edit Routes,1.9705381393432617,[#<Selenium::WebDriver::LogEntry:0x00007f9d04d903e8 @level="WARNING", @timestamp=1619811126021, @message="https://goodfood2u.client-staging.deliverybizpro.com/admin/routes.php 7 The key \"touch-action:\" is not recognized and ignored.">, #<Selenium::WebDriver::LogEntry:0x00007f9d04d903c0 @level="WARNING", @timestamp=1619811126021, @message="https://goodfood2u.client-staging.deliverybizpro.com/admin/routes.php 7 The key \"-ms-touch-action:\" is not recognized and ignored.">, #<Selenium::WebDriver::LogEntry:0x00007f9d04d90398 @level="WARNING", @timestamp=1619811126420, @message="https://goodfood2u.client-staging.deliverybizpro.com/admin/routes.php - [DOM] Found 2 elements with non-unique id #dbp-edit-coordinates-routeid: (More info: https://goo.gl/9p2vKq) %o %o">, #<Selenium::WebDriver::LogEntry:0x00007f9d04d90320 @level="WARNING", @timestamp=1619811126420, @message="https://goodfood2u.client-staging.deliverybizpro.com/admin/routes.php - [DOM] Found 17 elements with non-unique id #dbp-field-customer-route-name: (More info: https://goo.gl/9p2vKq) %o %o %o %o %o %o %o %o %o %o %o %o %o %o %o %o %o">, #<Selenium::WebDriver::LogEntry:0x00007f9d04d902f8 @level="WARNING", @timestamp=1619811126420, @message="https://goodfood2u.client-staging.deliverybizpro.com/admin/routes.php - [DOM] Found 17 elements with non-unique id #dbp-field-delivery-time: (More info: https://goo.gl/9p2vKq) %o %o %o %o %o %o %o %o %o %o %o %o %o %o %o %o %o">]
GPS Import/Export,1.4281868934631348,[#<Selenium::WebDriver::LogEntry:0x00007f9d060f7d00 @level="WARNING", @timestamp=1619811134164, @message="https://goodfood2u.client-staging.deliverybizpro.com/admin/gpx.php 7 The key \"touch-action:\" is not recognized and ignored.">, #<Selenium::WebDriver::LogEntry:0x00007f9d060f7cd8 @level="WARNING", @timestamp=1619811134164, @message="https://goodfood2u.client-staging.deliverybizpro.com/admin/gpx.php 7 The key \"-ms-touch-action:\" is not recognized and ignored.">]
Organize Route Stops,1.704714059829712,[#<Selenium::WebDriver::LogEntry:0x00007f9d06166ef8 @level="WARNING", @timestamp=1619811141973, @message="https://goodfood2u.client-staging.deliverybizpro.com/admin/router.php?r=organize_route_stops#/organize_route_stops 7 The key \"touch-action:\" is not recognized and ignored.">, #<Selenium::WebDriver::LogEntry:0x00007f9d06166ed0 @level="WARNING", @timestamp=1619811141973, @message="https://goodfood2u.client-staging.deliverybizpro.com/admin/router.php?r=organize_route_stops#/organize_route_stops 7 The key \"-ms-touch-action:\" is not recognized and ignored.">]
Pickup Locations,1.6777946949005127,[#<Selenium::WebDriver::LogEntry:0x00007f9d04dfac20 @level="SEVERE", @timestamp=1619811143435, @message="https://goodfood2u.client-staging.deliverybizpro.com/bower_components/autobahn/autobahn.js?_=1619641498 5397 WebSocket connection to 'wss://goodfood2u.client-staging.deliverybizpro.com/ws' failed: Error during WebSocket handshake: Unexpected response code: 502">, #<Selenium::WebDriver::LogEntry:0x00007f9d04dfabf8 @level="SEVERE", @timestamp=1619811145353, @message="https://goodfood2u.client-staging.deliverybizpro.com/bower_components/autobahn/autobahn.js?_=1619641498 5397 WebSocket connection to 'wss://goodfood2u.client-staging.deliverybizpro.com/ws' failed: Error during WebSocket handshake: Unexpected response code: 502">, #<Selenium::WebDriver::LogEntry:0x00007f9d04dfabd0 @level="SEVERE", @timestamp=1619811149452, @message="https://goodfood2u.client-staging.deliverybizpro.com/bower_components/autobahn/autobahn.js?_=1619641498 5397 WebSocket connection to 'wss://goodfood2u.client-staging.deliverybizpro.com/ws' failed: Error during WebSocket handshake: Unexpected response code: 502">, #<Selenium::WebDriver::LogEntry:0x00007f9d04dfaba8 @level="WARNING", @timestamp=1619811149768, @message="https://goodfood2u.client-staging.deliverybizpro.com/admin/pickup_locations.php 7 The key \"touch-action:\" is not recognized and ignored.">, #<Selenium::WebDriver::LogEntry:0x00007f9d04dfab80 @level="WARNING", @timestamp=1619811149768, @message="https://goodfood2u.client-staging.deliverybizpro.com/admin/pickup_locations.php 7 The key \"-ms-touch-action:\" is not recognized and ignored.">]
Organize Pickup Locations,1.4347538948059082,[#<Selenium::WebDriver::LogEntry:0x00007f9d04e59ab8 @level="WARNING", @timestamp=1619811157662, @message="https://goodfood2u.client-staging.deliverybizpro.com/admin/route_pickup_locations.php 7 The key \"touch-action:\" is not recognized and ignored.">, #<Selenium::WebDriver::LogEntry:0x00007f9d04e59a90 @level="WARNING", @timestamp=1619811157662, @message="https://goodfood2u.client-staging.deliverybizpro.com/admin/route_pickup_locations.php 7 The key \"-ms-touch-action:\" is not recognized and ignored.">]
Manage KML File,1.5644629001617432,[#<Selenium::WebDriver::LogEntry:0x00007f9d068e35c8 @level="WARNING", @timestamp=1619811165369, @message="https://goodfood2u.client-staging.deliverybizpro.com/admin/router.php?r=kml#/kml 7 The key \"touch-action:\" is not recognized and ignored.">, #<Selenium::WebDriver::LogEntry:0x00007f9d068e32d0 @level="WARNING", @timestamp=1619811165369, @message="https://goodfood2u.client-staging.deliverybizpro.com/admin/router.php?r=kml#/kml 7 The key \"-ms-touch-action:\" is not recognized and ignored.">, #<Selenium::WebDriver::LogEntry:0x00007f9d068e31e0 @level="SEVERE", @timestamp=1619811166625, @message="https://goodfood2u.client-staging.deliverybizpro.com/bower_components/autobahn/autobahn.js?_=1619641498 5397 WebSocket connection to 'wss://goodfood2u.client-staging.deliverybizpro.com/ws' failed: Error during WebSocket handshake: Unexpected response code: 502">]
Display Route/KML Issues,1.4157707691192627,[#<Selenium::WebDriver::LogEntry:0x00007f9d04cb51f8 @level="SEVERE", @timestamp=1619811168242, @message="https://goodfood2u.client-staging.deliverybizpro.com/bower_components/autobahn/autobahn.js?_=1619641498 5397 WebSocket connection to 'wss://goodfood2u.client-staging.deliverybizpro.com/ws' failed: Error during WebSocket handshake: Unexpected response code: 502">, #<Selenium::WebDriver::LogEntry:0x00007f9d04cb51a8 @level="SEVERE", @timestamp=1619811171177, @message="https://goodfood2u.client-staging.deliverybizpro.com/bower_components/autobahn/autobahn.js?_=1619641498 5397 WebSocket connection to 'wss://goodfood2u.client-staging.deliverybizpro.com/ws' failed: Error during WebSocket handshake: Unexpected response code: 502">, #<Selenium::WebDriver::LogEntry:0x00007f9d04cb50e0 @level="WARNING", @timestamp=1619811173201, @message="https://goodfood2u.client-staging.deliverybizpro.com/admin/route_kml_issues.php 7 The key \"touch-action:\" is not recognized and ignored.">, #<Selenium::WebDriver::LogEntry:0x00007f9d04cb5068 @level="WARNING", @timestamp=1619811173202, @message="https://goodfood2u.client-staging.deliverybizpro.com/admin/route_kml_issues.php 7 The key \"-ms-touch-action:\" is not recognized and ignored.">]
Organize Load Sheet,2.392153739929199,[#<Selenium::WebDriver::LogEntry:0x00007f9ce4893dd8 @level="WARNING", @timestamp=1619811180828, @message="https://goodfood2u.client-staging.deliverybizpro.com/admin/order_routes_products.php 7 The key \"touch-action:\" is not recognized and ignored.">, #<Selenium::WebDriver::LogEntry:0x00007f9ce4893d60 @level="WARNING", @timestamp=1619811180828, @message="https://goodfood2u.client-staging.deliverybizpro.com/admin/order_routes_products.php 7 The key \"-ms-touch-action:\" is not recognized and ignored.">]
Print Route Sheets,1.6732087135314941,[#<Selenium::WebDriver::LogEntry:0x00007f9d0699b1c8 @level="WARNING", @timestamp=1619811190655, @message="https://goodfood2u.client-staging.deliverybizpro.com/admin/driving_dir.php 7 The key \"touch-action:\" is not recognized and ignored.">, #<Selenium::WebDriver::LogEntry:0x00007f9d0699b1a0 @level="WARNING", @timestamp=1619811190655, @message="https://goodfood2u.client-staging.deliverybizpro.com/admin/driving_dir.php 7 The key \"-ms-touch-action:\" is not recognized and ignored.">, #<Selenium::WebDriver::LogEntry:0x00007f9d0699b128 @level="WARNING", @timestamp=1619811190909, @message="https://goodfood2u.client-staging.deliverybizpro.com/admin/driving_dir.php - [DOM] Found 2 elements with non-unique id #custom-range-input-multiple: (More info: https://goo.gl/9p2vKq) %o %o">, #<Selenium::WebDriver::LogEntry:0x00007f9d0699b100 @level="WARNING", @timestamp=1619811190909, @message="https://goodfood2u.client-staging.deliverybizpro.com/admin/driving_dir.php - [DOM] Found 2 elements with non-unique id #mult-route-id: (More info: https://goo.gl/9p2vKq) %o %o">, #<Selenium::WebDriver::LogEntry:0x00007f9d0699b0d8 @level="SEVERE", @timestamp=1619811191967, @message="https://goodfood2u.client-staging.deliverybizpro.com/bower_components/autobahn/autobahn.js?_=1619641498 5397 WebSocket connection to 'wss://goodfood2u.client-staging.deliverybizpro.com/ws' failed: Error during WebSocket handshake: Unexpected response code: 502">]
Print Bag Labels,1.5520718097686768,[#<Selenium::WebDriver::LogEntry:0x00007f9d06a3aa70 @level="SEVERE", @timestamp=1619811193557, @message="https://goodfood2u.client-staging.deliverybizpro.com/bower_components/autobahn/autobahn.js?_=1619641498 5397 WebSocket connection to 'wss://goodfood2u.client-staging.deliverybizpro.com/ws' failed: Error during WebSocket handshake: Unexpected response code: 502">, #<Selenium::WebDriver::LogEntry:0x00007f9d06a3aa48 @level="WARNING", @timestamp=1619811196541, @message="https://goodfood2u.client-staging.deliverybizpro.com/admin/driving_dir.php?bag_label=1 7 The key \"touch-action:\" is not recognized and ignored.">, #<Selenium::WebDriver::LogEntry:0x00007f9d06a3aa20 @level="WARNING", @timestamp=1619811196541, @message="https://goodfood2u.client-staging.deliverybizpro.com/admin/driving_dir.php?bag_label=1 7 The key \"-ms-touch-action:\" is not recognized and ignored.">, #<Selenium::WebDriver::LogEntry:0x00007f9d06a3a9f8 @level="WARNING", @timestamp=1619811196725, @message="https://goodfood2u.client-staging.deliverybizpro.com/admin/driving_dir.php?bag_label=1 - [DOM] Found 2 elements with non-unique id #custom-range-input-multiple: (More info: https://goo.gl/9p2vKq) %o %o">, #<Selenium::WebDriver::LogEntry:0x00007f9d06a3a958 @level="WARNING", @timestamp=1619811196725, @message="https://goodfood2u.client-staging.deliverybizpro.com/admin/driving_dir.php?bag_label=1 - [DOM] Found 2 elements with non-unique id #mult-route-id: (More info: https://goo.gl/9p2vKq) %o %o">, #<Selenium::WebDriver::LogEntry:0x00007f9d06a3a930 @level="SEVERE", @timestamp=1619811197742, @message="https://goodfood2u.client-staging.deliverybizpro.com/bower_components/autobahn/autobahn.js?_=1619641498 5397 WebSocket connection to 'wss://goodfood2u.client-staging.deliverybizpro.com/ws' failed: Error during WebSocket handshake: Unexpected response code: 502">]
Show Invalid Addresses,8.752429008483887,[#<Selenium::WebDriver::LogEntry:0x00007f9d04d80768 @level="SEVERE", @timestamp=1619811200755, @message="https://goodfood2u.client-staging.deliverybizpro.com/bower_components/autobahn/autobahn.js?_=1619641498 5397 WebSocket connection to 'wss://goodfood2u.client-staging.deliverybizpro.com/ws' failed: Error during WebSocket handshake: Unexpected response code: 502">, #<Selenium::WebDriver::LogEntry:0x00007f9d04d80740 @level="SEVERE", @timestamp=1619811204009, @message="https://goodfood2u.client-staging.deliverybizpro.com/bower_components/autobahn/autobahn.js?_=1619641498 5397 WebSocket connection to 'wss://goodfood2u.client-staging.deliverybizpro.com/ws' failed: Error during WebSocket handshake: Unexpected response code: 502">, #<Selenium::WebDriver::LogEntry:0x00007f9d04d806f0 @level="WARNING", @timestamp=1619811209547, @message="https://goodfood2u.client-staging.deliverybizpro.com/admin/users_invalid_zips.php 7 The key \"touch-action:\" is not recognized and ignored.">, #<Selenium::WebDriver::LogEntry:0x00007f9d04d806c8 @level="WARNING", @timestamp=1619811209547, @message="https://goodfood2u.client-staging.deliverybizpro.com/admin/users_invalid_zips.php 7 The key \"-ms-touch-action:\" is not recognized and ignored.">]
Billing,1.0711860656738281,[]
Paper/Email Billing,1.4735438823699951,[#<Selenium::WebDriver::LogEntry:0x00007f9d061578e0 @level="WARNING", @timestamp=1619811224591, @message="https://goodfood2u.client-staging.deliverybizpro.com/admin/customer_billing.php 7 The key \"touch-action:\" is not recognized and ignored.">, #<Selenium::WebDriver::LogEntry:0x00007f9d061578b8 @level="WARNING", @timestamp=1619811224591, @message="https://goodfood2u.client-staging.deliverybizpro.com/admin/customer_billing.php 7 The key \"-ms-touch-action:\" is not recognized and ignored.">]
Electronic Billing,1.650853157043457,[#<Selenium::WebDriver::LogEntry:0x00007f9d04de9948 @level="WARNING", @timestamp=1619811232280, @message="https://goodfood2u.client-staging.deliverybizpro.com/admin/billing.php 7 The key \"touch-action:\" is not recognized and ignored.">, #<Selenium::WebDriver::LogEntry:0x00007f9d04de9920 @level="WARNING", @timestamp=1619811232280, @message="https://goodfood2u.client-staging.deliverybizpro.com/admin/billing.php 7 The key \"-ms-touch-action:\" is not recognized and ignored.">]
Mass Update Payments,1.5140600204467773,[#<Selenium::WebDriver::LogEntry:0x00007f9d04e4ac98 @level="WARNING", @timestamp=1619811240373, @message="chrome-error://chromewebdata/ 5552:22 \"crbug/1173575, non-JS module files deprecated.\"">]
Sales Reporting,1.076793909072876,[#<Selenium::WebDriver::LogEntry:0x00007f9d050c59c8 @level="WARNING", @timestamp=1619811257873, @message="https://goodfood2u.client-staging.deliverybizpro.com/admin/billing.php 7 The key \"touch-action:\" is not recognized and ignored.">, #<Selenium::WebDriver::LogEntry:0x00007f9d050c5978 @level="WARNING", @timestamp=1619811257873, @message="https://goodfood2u.client-staging.deliverybizpro.com/admin/billing.php 7 The key \"-ms-touch-action:\" is not recognized and ignored.">]
Countdown Sales Report,1.4985129833221436,[#<Selenium::WebDriver::LogEntry:0x00007f9d04d063f0 @level="WARNING", @timestamp=1619811272004, @message="https://goodfood2u.client-staging.deliverybizpro.com/admin/reports.php?report_type=countdown 7 The key \"touch-action:\" is not recognized and ignored.">, #<Selenium::WebDriver::LogEntry:0x00007f9d04d063c8 @level="WARNING", @timestamp=1619811272004, @message="https://goodfood2u.client-staging.deliverybizpro.com/admin/reports.php?report_type=countdown 7 The key \"-ms-touch-action:\" is not recognized and ignored.">]
Cross-Selling Report,1.5209720134735107,[#<Selenium::WebDriver::LogEntry:0x00007f9ce4910978 @level="WARNING", @timestamp=1619811277792, @message="https://goodfood2u.client-staging.deliverybizpro.com/admin/reports.php?report_type=cross_selling 7 The key \"touch-action:\" is not recognized and ignored.">, #<Selenium::WebDriver::LogEntry:0x00007f9ce49108b0 @level="WARNING", @timestamp=1619811277792, @message="https://goodfood2u.client-staging.deliverybizpro.com/admin/reports.php?report_type=cross_selling 7 The key \"-ms-touch-action:\" is not recognized and ignored.">]
Discount Coupon Report,1.5586230754852295,[#<Selenium::WebDriver::LogEntry:0x00007f9d069a0ce0 @level="WARNING", @timestamp=1619811283612, @message="https://goodfood2u.client-staging.deliverybizpro.com/admin/reports.php?report_type=discount_coupon 7 The key \"touch-action:\" is not recognized and ignored.">, #<Selenium::WebDriver::LogEntry:0x00007f9d069a0cb8 @level="WARNING", @timestamp=1619811283612, @message="https://goodfood2u.client-staging.deliverybizpro.com/admin/reports.php?report_type=discount_coupon 7 The key \"-ms-touch-action:\" is not recognized and ignored.">]
Manage Cross-Selling,1.4191508293151855,[#<Selenium::WebDriver::LogEntry:0x00007f9d06a40880 @level="WARNING", @timestamp=1619811289305, @message="https://goodfood2u.client-staging.deliverybizpro.com/admin/reports.php?report_type=upselling 7 The key \"touch-action:\" is not recognized and ignored.">, #<Selenium::WebDriver::LogEntry:0x00007f9d06a40858 @level="WARNING", @timestamp=1619811289305, @message="https://goodfood2u.client-staging.deliverybizpro.com/admin/reports.php?report_type=upselling 7 The key \"-ms-touch-action:\" is not recognized and ignored.">]
Ordered Products Reports,1.768327236175537,[#<Selenium::WebDriver::LogEntry:0x00007f9d04d93700 @level="WARNING", @timestamp=1619811295107, @message="https://goodfood2u.client-staging.deliverybizpro.com/admin/reports.php?report_type=product 7 The key \"touch-action:\" is not recognized and ignored.">, #<Selenium::WebDriver::LogEntry:0x00007f9d04d936d8 @level="WARNING", @timestamp=1619811295107, @message="https://goodfood2u.client-staging.deliverybizpro.com/admin/reports.php?report_type=product 7 The key \"-ms-touch-action:\" is not recognized and ignored.">]
Overall Sales,1.9687249660491943,[#<Selenium::WebDriver::LogEntry:0x00007f9d060f4740 @level="WARNING", @timestamp=1619811301028, @message="https://goodfood2u.client-staging.deliverybizpro.com/admin/reports.php?report_type=over_sales 7 The key \"touch-action:\" is not recognized and ignored.">, #<Selenium::WebDriver::LogEntry:0x00007f9d060f46f0 @level="WARNING", @timestamp=1619811301028, @message="https://goodfood2u.client-staging.deliverybizpro.com/admin/reports.php?report_type=over_sales 7 The key \"-ms-touch-action:\" is not recognized and ignored.">]
Sales By Route,1.7806599140167236,[#<Selenium::WebDriver::LogEntry:0x00007f9d05109e70 @level="WARNING", @timestamp=1619811307254, @message="https://goodfood2u.client-staging.deliverybizpro.com/admin/reports.php?report_type=sales_by_route 7 The key \"touch-action:\" is not recognized and ignored.">, #<Selenium::WebDriver::LogEntry:0x00007f9d05109e48 @level="WARNING", @timestamp=1619811307254, @message="https://goodfood2u.client-staging.deliverybizpro.com/admin/reports.php?report_type=sales_by_route 7 The key \"-ms-touch-action:\" is not recognized and ignored.">]
Financials Reporting,1.0637471675872803,[]
Average Order Report,1.492945909500122,[#<Selenium::WebDriver::LogEntry:0x00007f9d04e63978 @level="WARNING", @timestamp=1619811318509, @message="https://goodfood2u.client-staging.deliverybizpro.com/admin/reports.php?report_type=average_order 7 The key \"touch-action:\" is not recognized and ignored.">, #<Selenium::WebDriver::LogEntry:0x00007f9d04e63950 @level="WARNING", @timestamp=1619811318509, @message="https://goodfood2u.client-staging.deliverybizpro.com/admin/reports.php?report_type=average_order 7 The key \"-ms-touch-action:\" is not recognized and ignored.">]
Credits Report,1.471992015838623,[#<Selenium::WebDriver::LogEntry:0x00007f9d0509d1f8 @level="WARNING", @timestamp=1619811324225, @message="https://goodfood2u.client-staging.deliverybizpro.com/admin/reports.php?report_type=credits 7 The key \"touch-action:\" is not recognized and ignored.">, #<Selenium::WebDriver::LogEntry:0x00007f9d0509d180 @level="WARNING", @timestamp=1619811324225, @message="https://goodfood2u.client-staging.deliverybizpro.com/admin/reports.php?report_type=credits 7 The key \"-ms-touch-action:\" is not recognized and ignored.">]
Effective Margin Report,1.4198620319366455,[#<Selenium::WebDriver::LogEntry:0x00007f9d04cecc20 @level="WARNING", @timestamp=1619811329949, @message="https://goodfood2u.client-staging.deliverybizpro.com/admin/reports.php?report_type=effective_margin 7 The key \"touch-action:\" is not recognized and ignored.">, #<Selenium::WebDriver::LogEntry:0x00007f9d04cecbf8 @level="WARNING", @timestamp=1619811329949, @message="https://goodfood2u.client-staging.deliverybizpro.com/admin/reports.php?report_type=effective_margin 7 The key \"-ms-touch-action:\" is not recognized and ignored.">]
Financials Export,1.4425909519195557,[#<Selenium::WebDriver::LogEntry:0x00007f9ce48fbb90 @level="WARNING", @timestamp=1619811335657, @message="https://goodfood2u.client-staging.deliverybizpro.com/admin/reports.php?report_type=financials 7 The key \"touch-action:\" is not recognized and ignored.">, #<Selenium::WebDriver::LogEntry:0x00007f9ce48fbaf0 @level="WARNING", @timestamp=1619811335657, @message="https://goodfood2u.client-staging.deliverybizpro.com/admin/reports.php?report_type=financials 7 The key \"-ms-touch-action:\" is not recognized and ignored.">]
No Payment Customers,3.0171380043029785,[#<Selenium::WebDriver::LogEntry:0x00007f9d06999f58 @level="WARNING", @timestamp=1619811342754, @message="https://goodfood2u.client-staging.deliverybizpro.com/admin/reports.php?report_type=not_paid 7 The key \"touch-action:\" is not recognized and ignored.">, #<Selenium::WebDriver::LogEntry:0x00007f9d06999ee0 @level="WARNING", @timestamp=1619811342754, @message="https://goodfood2u.client-staging.deliverybizpro.com/admin/reports.php?report_type=not_paid 7 The key \"-ms-touch-action:\" is not recognized and ignored.">]
Past Due Customers,1.496089220046997,[#<Selenium::WebDriver::LogEntry:0x00007f9d06a3a160 @level="WARNING", @timestamp=1619811348650, @message="https://goodfood2u.client-staging.deliverybizpro.com/admin/reports.php?report_type=due 7 The key \"touch-action:\" is not recognized and ignored.">, #<Selenium::WebDriver::LogEntry:0x00007f9d06a3a138 @level="WARNING", @timestamp=1619811348650, @message="https://goodfood2u.client-staging.deliverybizpro.com/admin/reports.php?report_type=due 7 The key \"-ms-touch-action:\" is not recognized and ignored.">]
Payments On Review,1.4604430198669434,[#<Selenium::WebDriver::LogEntry:0x00007f9d04d80650 @level="WARNING", @timestamp=1619811354346, @message="https://goodfood2u.client-staging.deliverybizpro.com/admin/reports.php?report_type=review_payments 7 The key \"touch-action:\" is not recognized and ignored.">, #<Selenium::WebDriver::LogEntry:0x00007f9d04d80628 @level="WARNING", @timestamp=1619811354346, @message="https://goodfood2u.client-staging.deliverybizpro.com/admin/reports.php?report_type=review_payments 7 The key \"-ms-touch-action:\" is not recognized and ignored.">, #<Selenium::WebDriver::LogEntry:0x00007f9d04d80600 @level="SEVERE", @timestamp=1619811354451, @message="https://goodfood2u.client-staging.deliverybizpro.com/admin/skin1/admin/admin-modal.css - Failed to load resource: the server responded with a status of 404 ()">]
Payments Posted Report,1.4793531894683838,[#<Selenium::WebDriver::LogEntry:0x00007f9d060ed760 @level="WARNING", @timestamp=1619811360045, @message="https://goodfood2u.client-staging.deliverybizpro.com/admin/reports.php?report_type=checks_posted 7 The key \"touch-action:\" is not recognized and ignored.">, #<Selenium::WebDriver::LogEntry:0x00007f9d060ed738 @level="WARNING", @timestamp=1619811360045, @message="https://goodfood2u.client-staging.deliverybizpro.com/admin/reports.php?report_type=checks_posted 7 The key \"-ms-touch-action:\" is not recognized and ignored.">]
Profit Report,1.8777811527252197,[#<Selenium::WebDriver::LogEntry:0x00007f9d0616e040 @level="WARNING", @timestamp=1619811365837, @message="https://goodfood2u.client-staging.deliverybizpro.com/admin/reports.php?report_type=profit 7 The key \"touch-action:\" is not recognized and ignored.">, #<Selenium::WebDriver::LogEntry:0x00007f9d0616e018 @level="WARNING", @timestamp=1619811365837, @message="https://goodfood2u.client-staging.deliverybizpro.com/admin/reports.php?report_type=profit 7 The key \"-ms-touch-action:\" is not recognized and ignored.">]
Recent Payments Report,1.4684381484985352,[#<Selenium::WebDriver::LogEntry:0x00007f9d04e09f90 @level="WARNING", @timestamp=1619811371842, @message="https://goodfood2u.client-staging.deliverybizpro.com/admin/reports.php?report_type=delivery_payment 7 The key \"touch-action:\" is not recognized and ignored.">, #<Selenium::WebDriver::LogEntry:0x00007f9d04e09f68 @level="WARNING", @timestamp=1619811371842, @message="https://goodfood2u.client-staging.deliverybizpro.com/admin/reports.php?report_type=delivery_payment 7 The key \"-ms-touch-action:\" is not recognized and ignored.">]
Show Currently Owed,2.333588123321533,[#<Selenium::WebDriver::LogEntry:0x00007f9d04e82058 @level="WARNING", @timestamp=1619811377994, @message="https://goodfood2u.client-staging.deliverybizpro.com/admin/reports.php?report_type=owed 7 The key \"touch-action:\" is not recognized and ignored.">, #<Selenium::WebDriver::LogEntry:0x00007f9d04e82030 @level="WARNING", @timestamp=1619811377994, @message="https://goodfood2u.client-staging.deliverybizpro.com/admin/reports.php?report_type=owed 7 The key \"-ms-touch-action:\" is not recognized and ignored.">]
Taxes Report,1.5169029235839844,[#<Selenium::WebDriver::LogEntry:0x00007f9d06056888 @level="WARNING", @timestamp=1619811384131, @message="https://goodfood2u.client-staging.deliverybizpro.com/admin/reports.php?report_type=taxes 7 The key \"touch-action:\" is not recognized and ignored.">, #<Selenium::WebDriver::LogEntry:0x00007f9d060567e8 @level="WARNING", @timestamp=1619811384131, @message="https://goodfood2u.client-staging.deliverybizpro.com/admin/reports.php?report_type=taxes 7 The key \"-ms-touch-action:\" is not recognized and ignored.">]
Product Reporting,1.0602920055389404,[]
Bagged Items Report,1.6738910675048828,[#<Selenium::WebDriver::LogEntry:0x00007f9ce48e0638 @level="WARNING", @timestamp=1619811395137, @message="https://goodfood2u.client-staging.deliverybizpro.com/admin/reports.php?report_type=bagged_items 7 The key \"touch-action:\" is not recognized and ignored.">, #<Selenium::WebDriver::LogEntry:0x00007f9ce48e0610 @level="WARNING", @timestamp=1619811395137, @message="https://goodfood2u.client-staging.deliverybizpro.com/admin/reports.php?report_type=bagged_items 7 The key \"-ms-touch-action:\" is not recognized and ignored.">]
Customized Products,1.5782108306884766,[#<Selenium::WebDriver::LogEntry:0x00007f9ce492a300 @level="WARNING", @timestamp=1619811401062, @message="https://goodfood2u.client-staging.deliverybizpro.com/admin/reports.php?report_type=customized_products 7 The key \"touch-action:\" is not recognized and ignored.">, #<Selenium::WebDriver::LogEntry:0x00007f9ce492a288 @level="WARNING", @timestamp=1619811401062, @message="https://goodfood2u.client-staging.deliverybizpro.com/admin/reports.php?report_type=customized_products 7 The key \"-ms-touch-action:\" is not recognized and ignored.">, #<Selenium::WebDriver::LogEntry:0x00007f9ce492a260 @level="SEVERE", @timestamp=1619811401221, @message="https://goodfood2u.client-staging.deliverybizpro.com/admin/skin1/admin/admin-modal.css - Failed to load resource: the server responded with a status of 404 ()">]
Dislikes Report,2.6706759929656982,[#<Selenium::WebDriver::LogEntry:0x00007f9d06a32a50 @level="WARNING", @timestamp=1619811407933, @message="https://goodfood2u.client-staging.deliverybizpro.com/admin/reports.php?report_type=dislikes 7 The key \"touch-action:\" is not recognized and ignored.">, #<Selenium::WebDriver::LogEntry:0x00007f9d06a32a28 @level="WARNING", @timestamp=1619811407933, @message="https://goodfood2u.client-staging.deliverybizpro.com/admin/reports.php?report_type=dislikes 7 The key \"-ms-touch-action:\" is not recognized and ignored.">]
Forecast,1.615492820739746,[#<Selenium::WebDriver::LogEntry:0x00007f9d04d78770 @level="WARNING", @timestamp=1619811413737, @message="https://goodfood2u.client-staging.deliverybizpro.com/admin/reports.php?report_type=forecast 7 The key \"touch-action:\" is not recognized and ignored.">, #<Selenium::WebDriver::LogEntry:0x00007f9d04d78748 @level="WARNING", @timestamp=1619811413737, @message="https://goodfood2u.client-staging.deliverybizpro.com/admin/reports.php?report_type=forecast 7 The key \"-ms-touch-action:\" is not recognized and ignored.">]
Inventory,2.9642977714538574,[#<Selenium::WebDriver::LogEntry:0x00007f9d060d45d0 @level="WARNING", @timestamp=1619811422574, @message="https://goodfood2u.client-staging.deliverybizpro.com/admin/reports.php?report_type=inventory&hide_disabled_inventory=Y 7 The key \"touch-action:\" is not recognized and ignored.">, #<Selenium::WebDriver::LogEntry:0x00007f9d060d45a8 @level="WARNING", @timestamp=1619811422574, @message="https://goodfood2u.client-staging.deliverybizpro.com/admin/reports.php?report_type=inventory&hide_disabled_inventory=Y 7 The key \"-ms-touch-action:\" is not recognized and ignored.">]
Product Reporting,1.0726358890533447,[]
Load Sheet Report,1.5346529483795166,[#<Selenium::WebDriver::LogEntry:0x00007f9d04ddbb18 @level="WARNING", @timestamp=1619811434195, @message="https://goodfood2u.client-staging.deliverybizpro.com/admin/reports.php?report_type=load_sheet 7 The key \"touch-action:\" is not recognized and ignored.">, #<Selenium::WebDriver::LogEntry:0x00007f9d04ddbaf0 @level="WARNING", @timestamp=1619811434195, @message="https://goodfood2u.client-staging.deliverybizpro.com/admin/reports.php?report_type=load_sheet 7 The key \"-ms-touch-action:\" is not recognized and ignored.">]
Out Of Stock Report,1.4594779014587402,[#<Selenium::WebDriver::LogEntry:0x00007f9d04e42278 @level="WARNING", @timestamp=1619811439955, @message="https://goodfood2u.client-staging.deliverybizpro.com/admin/reports.php?report_type=out_of_stock 7 The key \"touch-action:\" is not recognized and ignored.">, #<Selenium::WebDriver::LogEntry:0x00007f9d04e42250 @level="WARNING", @timestamp=1619811439955, @message="https://goodfood2u.client-staging.deliverybizpro.com/admin/reports.php?report_type=out_of_stock 7 The key \"-ms-touch-action:\" is not recognized and ignored.">, #<Selenium::WebDriver::LogEntry:0x00007f9d04e42228 @level="SEVERE", @timestamp=1619811440060, @message="https://goodfood2u.client-staging.deliverybizpro.com/admin/skin1/admin/admin-modal.css - Failed to load resource: the server responded with a status of 404 ()">]
Customer Reporting,60.082847118377686,[]
Customer Count Report,1.4989690780639648,[#<Selenium::WebDriver::LogEntry:0x00007f9d04c9fba0 @level="WARNING", @timestamp=1619811576095, @message="https://goodfood2u.client-staging.deliverybizpro.com/admin/reports.php?report_type=customer_count 7 The key \"touch-action:\" is not recognized and ignored.">, #<Selenium::WebDriver::LogEntry:0x00007f9d04c9fb50 @level="WARNING", @timestamp=1619811576095, @message="https://goodfood2u.client-staging.deliverybizpro.com/admin/reports.php?report_type=customer_count 7 The key \"-ms-touch-action:\" is not recognized and ignored.">]
Customer Orders Count,1.4855051040649414,[#<Selenium::WebDriver::LogEntry:0x00007f9ce4880788 @level="WARNING", @timestamp=1619811581864, @message="https://goodfood2u.client-staging.deliverybizpro.com/admin/reports.php?report_type=customer_orders 7 The key \"touch-action:\" is not recognized and ignored.">, #<Selenium::WebDriver::LogEntry:0x00007f9ce48806e8 @level="WARNING", @timestamp=1619811581864, @message="https://goodfood2u.client-staging.deliverybizpro.com/admin/reports.php?report_type=customer_orders 7 The key \"-ms-touch-action:\" is not recognized and ignored.">]
Deposit Report,1.5291781425476074,[#<Selenium::WebDriver::LogEntry:0x00007f9d06993a90 @level="WARNING", @timestamp=1619811587632, @message="https://goodfood2u.client-staging.deliverybizpro.com/admin/reports.php?report_type=bottle_deposit 7 The key \"touch-action:\" is not recognized and ignored.">, #<Selenium::WebDriver::LogEntry:0x00007f9d06993a68 @level="WARNING", @timestamp=1619811587632, @message="https://goodfood2u.client-staging.deliverybizpro.com/admin/reports.php?report_type=bottle_deposit 7 The key \"-ms-touch-action:\" is not recognized and ignored.">]
Followup Report,1.5375030040740967,[#<Selenium::WebDriver::LogEntry:0x00007f9d06a01680 @level="WARNING", @timestamp=1619811593394, @message="https://goodfood2u.client-staging.deliverybizpro.com/admin/reports.php?report_type=followup 7 The key \"touch-action:\" is not recognized and ignored.">, #<Selenium::WebDriver::LogEntry:0x00007f9d06a01658 @level="WARNING", @timestamp=1619811593394, @message="https://goodfood2u.client-staging.deliverybizpro.com/admin/reports.php?report_type=followup 7 The key \"-ms-touch-action:\" is not recognized and ignored.">]
Friend Referral Report,1.4733009338378906,[#<Selenium::WebDriver::LogEntry:0x00007f9d04d5ae50 @level="WARNING", @timestamp=1619811599191, @message="https://goodfood2u.client-staging.deliverybizpro.com/admin/reports.php?report_type=refer_friend 7 The key \"touch-action:\" is not recognized and ignored.">, #<Selenium::WebDriver::LogEntry:0x00007f9d04d5ae00 @level="WARNING", @timestamp=1619811599191, @message="https://goodfood2u.client-staging.deliverybizpro.com/admin/reports.php?report_type=refer_friend 7 The key \"-ms-touch-action:\" is not recognized and ignored.">]
Minimum Order Report,1.472099781036377,[#<Selenium::WebDriver::LogEntry:0x00007f9d060bc228 @level="WARNING", @timestamp=1619811604916, @message="https://goodfood2u.client-staging.deliverybizpro.com/admin/reports.php?report_type=min_order_report 7 The key \"touch-action:\" is not recognized and ignored.">, #<Selenium::WebDriver::LogEntry:0x00007f9d060bc200 @level="WARNING", @timestamp=1619811604916, @message="https://goodfood2u.client-staging.deliverybizpro.com/admin/reports.php?report_type=min_order_report 7 The key \"-ms-touch-action:\" is not recognized and ignored.">]
Negative Balances,1.5775408744812012,[#<Selenium::WebDriver::LogEntry:0x00007f9d0613d1e8 @level="WARNING", @timestamp=1619811610762, @message="https://goodfood2u.client-staging.deliverybizpro.com/admin/reports.php?report_type=balance 7 The key \"touch-action:\" is not recognized and ignored.">, #<Selenium::WebDriver::LogEntry:0x00007f9d0613d1c0 @level="WARNING", @timestamp=1619811610762, @message="https://goodfood2u.client-staging.deliverybizpro.com/admin/reports.php?report_type=balance 7 The key \"-ms-touch-action:\" is not recognized and ignored.">]
New Customers,1.5507209300994873,[#<Selenium::WebDriver::LogEntry:0x00007f9d04dc1830 @level="WARNING", @timestamp=1619811616471, @message="https://goodfood2u.client-staging.deliverybizpro.com/admin/reports.php?report_type=new 7 The key \"touch-action:\" is not recognized and ignored.">, #<Selenium::WebDriver::LogEntry:0x00007f9d04dc17b8 @level="WARNING", @timestamp=1619811616471, @message="https://goodfood2u.client-staging.deliverybizpro.com/admin/reports.php?report_type=new 7 The key \"-ms-touch-action:\" is not recognized and ignored.">]
No Order Customers Report,1.5219569206237793,[#<Selenium::WebDriver::LogEntry:0x00007f9d04e22ef0 @level="WARNING", @timestamp=1619811624240, @message="https://goodfood2u.client-staging.deliverybizpro.com/admin/reports.php?report_type=no_orders 7 The key \"touch-action:\" is not recognized and ignored.">, #<Selenium::WebDriver::LogEntry:0x00007f9d04e22ea0 @level="WARNING", @timestamp=1619811624240, @message="https://goodfood2u.client-staging.deliverybizpro.com/admin/reports.php?report_type=no_orders 7 The key \"-ms-touch-action:\" is not recognized and ignored.">]
No Payment Customers,3.03647518157959,[#<Selenium::WebDriver::LogEntry:0x00007f9d0702b6c8 @level="WARNING", @timestamp=1619811631525, @message="https://goodfood2u.client-staging.deliverybizpro.com/admin/reports.php?report_type=not_paid 7 The key \"touch-action:\" is not recognized and ignored.">, #<Selenium::WebDriver::LogEntry:0x00007f9d07029e90 @level="WARNING", @timestamp=1619811631525, @message="https://goodfood2u.client-staging.deliverybizpro.com/admin/reports.php?report_type=not_paid 7 The key \"-ms-touch-action:\" is not recognized and ignored.">]
Customer Reporting,1.0598249435424805,[]
On Hold Report,1.4839668273925781,[#<Selenium::WebDriver::LogEntry:0x00007f9d04d04028 @level="WARNING", @timestamp=1619811642581, @message="https://goodfood2u.client-staging.deliverybizpro.com/admin/reports.php?report_type=on_hold 7 The key \"touch-action:\" is not recognized and ignored.">, #<Selenium::WebDriver::LogEntry:0x00007f9d050f8288 @level="WARNING", @timestamp=1619811642581, @message="https://goodfood2u.client-staging.deliverybizpro.com/admin/reports.php?report_type=on_hold 7 The key \"-ms-touch-action:\" is not recognized and ignored.">]
Past Due Customers,1.497056007385254,[#<Selenium::WebDriver::LogEntry:0x00007f9d068f9eb8 @level="WARNING", @timestamp=1619811648343, @message="https://goodfood2u.client-staging.deliverybizpro.com/admin/reports.php?report_type=due 7 The key \"touch-action:\" is not recognized and ignored.">, #<Selenium::WebDriver::LogEntry:0x00007f9d068f9e90 @level="WARNING", @timestamp=1619811648343, @message="https://goodfood2u.client-staging.deliverybizpro.com/admin/reports.php?report_type=due 7 The key \"-ms-touch-action:\" is not recognized and ignored.">]
Customer Reporting,1.0529069900512695,[]
Recurring Order Report,1.4754970073699951,[#<Selenium::WebDriver::LogEntry:0x00007f9d06a18358 @level="WARNING", @timestamp=1619811659333, @message="https://goodfood2u.client-staging.deliverybizpro.com/admin/reports.php?report_type=recurring_orders 7 The key \"touch-action:\" is not recognized and ignored.">, #<Selenium::WebDriver::LogEntry:0x00007f9d06a182e0 @level="WARNING", @timestamp=1619811659333, @message="https://goodfood2u.client-staging.deliverybizpro.com/admin/reports.php?report_type=recurring_orders 7 The key \"-ms-touch-action:\" is not recognized and ignored.">]
Retention Report,1.491346836090088,[#<Selenium::WebDriver::LogEntry:0x00007f9d04d687f8 @level="WARNING", @timestamp=1619811665083, @message="https://goodfood2u.client-staging.deliverybizpro.com/admin/reports.php?report_type=customer_retention 7 The key \"touch-action:\" is not recognized and ignored.">, #<Selenium::WebDriver::LogEntry:0x00007f9d04d68780 @level="WARNING", @timestamp=1619811665083, @message="https://goodfood2u.client-staging.deliverybizpro.com/admin/reports.php?report_type=customer_retention 7 The key \"-ms-touch-action:\" is not recognized and ignored.">]
Show Inactive Customers,2.369732141494751,[#<Selenium::WebDriver::LogEntry:0x00007f9d060c45e0 @level="WARNING", @timestamp=1619811673806, @message="https://goodfood2u.client-staging.deliverybizpro.com/admin/reports.php?report_type=inactive_customers 7 The key \"touch-action:\" is not recognized and ignored.">, #<Selenium::WebDriver::LogEntry:0x00007f9d060c4568 @level="WARNING", @timestamp=1619811673806, @message="https://goodfood2u.client-staging.deliverybizpro.com/admin/reports.php?report_type=inactive_customers 7 The key \"-ms-touch-action:\" is not recognized and ignored.">]
Total Customers Report,60.45565176010132,[#<Selenium::WebDriver::LogEntry:0x00007f9d061570e8 @level="WARNING", @timestamp=1619811799505, @message="https://goodfood2u.client-staging.deliverybizpro.com/admin/reports.php?report_type=total_customers 7 The key \"touch-action:\" is not recognized and ignored.">, #<Selenium::WebDriver::LogEntry:0x00007f9d061570c0 @level="WARNING", @timestamp=1619811799505, @message="https://goodfood2u.client-staging.deliverybizpro.com/admin/reports.php?report_type=total_customers 7 The key \"-ms-touch-action:\" is not recognized and ignored.">]
Vacation Report,1.4363861083984375,[#<Selenium::WebDriver::LogEntry:0x00007f9d04df01a8 @level="WARNING", @timestamp=1619811805205, @message="https://goodfood2u.client-staging.deliverybizpro.com/admin/reports.php?report_type=vacation 7 The key \"touch-action:\" is not recognized and ignored.">, #<Selenium::WebDriver::LogEntry:0x00007f9d04df0158 @level="WARNING", @timestamp=1619811805205, @message="https://goodfood2u.client-staging.deliverybizpro.com/admin/reports.php?report_type=vacation 7 The key \"-ms-touch-action:\" is not recognized and ignored.">]
Misc. Reporting,1.050797939300537,[]
Birthday Report,1.509124755859375,[#<Selenium::WebDriver::LogEntry:0x00007f9d04bccd18 @level="WARNING", @timestamp=1619811816264, @message="https://goodfood2u.client-staging.deliverybizpro.com/admin/reports.php?report_type=birthday 7 The key \"touch-action:\" is not recognized and ignored.">, #<Selenium::WebDriver::LogEntry:0x00007f9d04bccca0 @level="WARNING", @timestamp=1619811816264, @message="https://goodfood2u.client-staging.deliverybizpro.com/admin/reports.php?report_type=birthday 7 The key \"-ms-touch-action:\" is not recognized and ignored.">]
Contact Us Report,1.5336799621582031,[#<Selenium::WebDriver::LogEntry:0x00007f9d04c976f8 @level="WARNING", @timestamp=1619811823973, @message="https://goodfood2u.client-staging.deliverybizpro.com/admin/reports.php?report_type=contact_us 7 The key \"touch-action:\" is not recognized and ignored.">, #<Selenium::WebDriver::LogEntry:0x00007f9d04c976d0 @level="WARNING", @timestamp=1619811823973, @message="https://goodfood2u.client-staging.deliverybizpro.com/admin/reports.php?report_type=contact_us 7 The key \"-ms-touch-action:\" is not recognized and ignored.">]
Coupon Usage,1.4869272708892822,[#<Selenium::WebDriver::LogEntry:0x00007f9ce487a810 @level="WARNING", @timestamp=1619811829782, @message="https://goodfood2u.client-staging.deliverybizpro.com/admin/reports.php?report_type=coupons 7 The key \"touch-action:\" is not recognized and ignored.">, #<Selenium::WebDriver::LogEntry:0x00007f9ce487a770 @level="WARNING", @timestamp=1619811829782, @message="https://goodfood2u.client-staging.deliverybizpro.com/admin/reports.php?report_type=coupons 7 The key \"-ms-touch-action:\" is not recognized and ignored.">]
Missing Orders,60.70036602020264,[#<Selenium::WebDriver::LogEntry:0x00007f9d04d1b2a0 @level="WARNING", @timestamp=1619811955613, @message="https://goodfood2u.client-staging.deliverybizpro.com/admin/reports.php?report_type=missing_orders 7 The key \"touch-action:\" is not recognized and ignored.">, #<Selenium::WebDriver::LogEntry:0x00007f9d04d1b228 @level="WARNING", @timestamp=1619811955613, @message="https://goodfood2u.client-staging.deliverybizpro.com/admin/reports.php?report_type=missing_orders 7 The key \"-ms-touch-action:\" is not recognized and ignored.">, #<Selenium::WebDriver::LogEntry:0x00007f9d04d1b200 @level="SEVERE", @timestamp=1619811955729, @message="https://goodfood2u.client-staging.deliverybizpro.com/admin/skin1/admin/admin-modal.css - Failed to load resource: the server responded with a status of 404 ()">, #<Selenium::WebDriver::LogEntry:0x00007f9d04d1b1d8 @level="SEVERE", @timestamp=1619811955864, @message="https://goodfood2u.client-staging.deliverybizpro.com/admin/skin1/admin/admin-modal.css - Failed to load resource: the server responded with a status of 404 ()">]
Coupons,1.8672101497650146,[#<Selenium::WebDriver::LogEntry:0x00007f9d06a12e30 @level="WARNING", @timestamp=1619811967897, @message="https://goodfood2u.client-staging.deliverybizpro.com/admin/discount_coupons.php 7 The key \"touch-action:\" is not recognized and ignored.">, #<Selenium::WebDriver::LogEntry:0x00007f9d06a12db8 @level="WARNING", @timestamp=1619811967897, @message="https://goodfood2u.client-staging.deliverybizpro.com/admin/discount_coupons.php 7 The key \"-ms-touch-action:\" is not recognized and ignored.">]
Coupon Events,1.5884768962860107,[#<Selenium::WebDriver::LogEntry:0x00007f9d04d50608 @level="WARNING", @timestamp=1619811975777, @message="https://goodfood2u.client-staging.deliverybizpro.com/admin/coupon_events.php 7 The key \"touch-action:\" is not recognized and ignored.">, #<Selenium::WebDriver::LogEntry:0x00007f9d04d50590 @level="WARNING", @timestamp=1619811975777, @message="https://goodfood2u.client-staging.deliverybizpro.com/admin/coupon_events.php 7 The key \"-ms-touch-action:\" is not recognized and ignored.">]
Countdown Products,1.4602339267730713,[#<Selenium::WebDriver::LogEntry:0x00007f9d060acbc0 @level="WARNING", @timestamp=1619811983495, @message="https://goodfood2u.client-staging.deliverybizpro.com/admin/reports.php?report_type=countdown_mgmt 7 The key \"touch-action:\" is not recognized and ignored.">, #<Selenium::WebDriver::LogEntry:0x00007f9d060acb98 @level="WARNING", @timestamp=1619811983495, @message="https://goodfood2u.client-staging.deliverybizpro.com/admin/reports.php?report_type=countdown_mgmt 7 The key \"-ms-touch-action:\" is not recognized and ignored.">]
Global Discounts,1.4815208911895752,[#<Selenium::WebDriver::LogEntry:0x00007f9d0612d590 @level="WARNING", @timestamp=1619811989190, @message="https://goodfood2u.client-staging.deliverybizpro.com/provider/discounts.php 7 The key \"touch-action:\" is not recognized and ignored.">, #<Selenium::WebDriver::LogEntry:0x00007f9d0612d518 @level="WARNING", @timestamp=1619811989190, @message="https://goodfood2u.client-staging.deliverybizpro.com/provider/discounts.php 7 The key \"-ms-touch-action:\" is not recognized and ignored.">]
Featured Products,1.7212612628936768,[#<Selenium::WebDriver::LogEntry:0x00007f9d04dc9378 @level="WARNING", @timestamp=1619811996989, @message="https://goodfood2u.client-staging.deliverybizpro.com/admin/products?search_criteria=featured_product 7 The key \"touch-action:\" is not recognized and ignored.">, #<Selenium::WebDriver::LogEntry:0x00007f9d04dc9350 @level="WARNING", @timestamp=1619811996990, @message="https://goodfood2u.client-staging.deliverybizpro.com/admin/products?search_criteria=featured_product 7 The key \"-ms-touch-action:\" is not recognized and ignored.">, #<Selenium::WebDriver::LogEntry:0x00007f9d04dc9300 @level="WARNING", @timestamp=1619811997289, @message="https://goodfood2u.client-staging.deliverybizpro.com/admin/products?search_criteria=featured_product - [DOM] Found 2 elements with non-unique id #collapse-quantity: (More info: https://goo.gl/9p2vKq) %o %o">]
Sale Items,1.7197530269622803,[#<Selenium::WebDriver::LogEntry:0x00007f9d04e285d0 @level="WARNING", @timestamp=1619812004963, @message="https://goodfood2u.client-staging.deliverybizpro.com/admin/products?search_criteria=sale_item 7 The key \"touch-action:\" is not recognized and ignored.">, #<Selenium::WebDriver::LogEntry:0x00007f9d04e285a8 @level="WARNING", @timestamp=1619812004963, @message="https://goodfood2u.client-staging.deliverybizpro.com/admin/products?search_criteria=sale_item 7 The key \"-ms-touch-action:\" is not recognized and ignored.">, #<Selenium::WebDriver::LogEntry:0x00007f9d04e28580 @level="WARNING", @timestamp=1619812005281, @message="https://goodfood2u.client-staging.deliverybizpro.com/admin/products?search_criteria=sale_item - [DOM] Found 2 elements with non-unique id #collapse-quantity: (More info: https://goo.gl/9p2vKq) %o %o">]
Manage Cross-Selling,1.4645891189575195,[#<Selenium::WebDriver::LogEntry:0x00007f9d04ac3ea8 @level="WARNING", @timestamp=1619812012934, @message="https://goodfood2u.client-staging.deliverybizpro.com/admin/reports.php?report_type=upselling 7 The key \"touch-action:\" is not recognized and ignored.">, #<Selenium::WebDriver::LogEntry:0x00007f9d04ac3520 @level="WARNING", @timestamp=1619812012934, @message="https://goodfood2u.client-staging.deliverybizpro.com/admin/reports.php?report_type=upselling 7 The key \"-ms-touch-action:\" is not recognized and ignored.">]
First Time Order Specials,1.5100548267364502,[#<Selenium::WebDriver::LogEntry:0x00007f9d060a6950 @level="WARNING", @timestamp=1619812018641, @message="https://goodfood2u.client-staging.deliverybizpro.com/admin/products?search_criteria=first_time_order 7 The key \"touch-action:\" is not recognized and ignored.">, #<Selenium::WebDriver::LogEntry:0x00007f9d060a67e8 @level="WARNING", @timestamp=1619812018641, @message="https://goodfood2u.client-staging.deliverybizpro.com/admin/products?search_criteria=first_time_order 7 The key \"-ms-touch-action:\" is not recognized and ignored.">, #<Selenium::WebDriver::LogEntry:0x00007f9d060a6658 @level="WARNING", @timestamp=1619812018792, @message="https://goodfood2u.client-staging.deliverybizpro.com/admin/products?search_criteria=first_time_order - [DOM] Found 2 elements with non-unique id #collapse-quantity: (More info: https://goo.gl/9p2vKq) %o %o">]
Search Orders,2.680299997329712,[#<Selenium::WebDriver::LogEntry:0x00007f9ce480d3f0 @level="WARNING", @timestamp=1619812027450, @message="https://goodfood2u.client-staging.deliverybizpro.com/admin/orders.php 7 The key \"touch-action:\" is not recognized and ignored.">, #<Selenium::WebDriver::LogEntry:0x00007f9ce480d3c8 @level="WARNING", @timestamp=1619812027450, @message="https://goodfood2u.client-staging.deliverybizpro.com/admin/orders.php 7 The key \"-ms-touch-action:\" is not recognized and ignored.">]
This Week's Orders,1.9769392013549805,[#<Selenium::WebDriver::LogEntry:0x00007f9d06940610 @level="WARNING", @timestamp=1619812039629, @message="https://goodfood2u.client-staging.deliverybizpro.com/admin/orders.php?mode=search 7 The key \"touch-action:\" is not recognized and ignored.">, #<Selenium::WebDriver::LogEntry:0x00007f9d06940520 @level="WARNING", @timestamp=1619812039629, @message="https://goodfood2u.client-staging.deliverybizpro.com/admin/orders.php?mode=search 7 The key \"-ms-touch-action:\" is not recognized and ignored.">]
Next Week's Orders,2.2349460124969482,[#<Selenium::WebDriver::LogEntry:0x00007f9d069ba7d0 @level="WARNING", @timestamp=1619812048132, @message="https://goodfood2u.client-staging.deliverybizpro.com/admin/orders.php?mode=search 7 The key \"touch-action:\" is not recognized and ignored.">, #<Selenium::WebDriver::LogEntry:0x00007f9d069ba758 @level="WARNING", @timestamp=1619812048132, @message="https://goodfood2u.client-staging.deliverybizpro.com/admin/orders.php?mode=search 7 The key \"-ms-touch-action:\" is not recognized and ignored.">]
Create Purchase Order,1.9701910018920898,[#<Selenium::WebDriver::LogEntry:0x00007f9d06a482d8 @level="WARNING", @timestamp=1619812056280, @message="https://goodfood2u.client-staging.deliverybizpro.com/admin/router.php#/adv-purchase-order/create 7 The key \"touch-action:\" is not recognized and ignored.">, #<Selenium::WebDriver::LogEntry:0x00007f9d06a482b0 @level="WARNING", @timestamp=1619812056280, @message="https://goodfood2u.client-staging.deliverybizpro.com/admin/router.php#/adv-purchase-order/create 7 The key \"-ms-touch-action:\" is not recognized and ignored.">, #<Selenium::WebDriver::LogEntry:0x00007f9d06a48288 @level="SEVERE", @timestamp=1619812057755, @message="https://goodfood2u.client-staging.deliverybizpro.com/bower_components/autobahn/autobahn.js?_=1619641498 5397 WebSocket connection to 'wss://goodfood2u.client-staging.deliverybizpro.com/ws' failed: Error during WebSocket handshake: Unexpected response code: 502">]
View Purchase Orders,1.0992319583892822,[#<Selenium::WebDriver::LogEntry:0x00007f9d04d89f20 @level="SEVERE", @timestamp=1619812059451, @message="https://goodfood2u.client-staging.deliverybizpro.com/bower_components/autobahn/autobahn.js?_=1619641498 5397 WebSocket connection to 'wss://goodfood2u.client-staging.deliverybizpro.com/ws' failed: Error during WebSocket handshake: Unexpected response code: 502">, #<Selenium::WebDriver::LogEntry:0x00007f9d04d89ef8 @level="SEVERE", @timestamp=1619812062551, @message="https://goodfood2u.client-staging.deliverybizpro.com/bower_components/autobahn/autobahn.js?_=1619641498 5397 WebSocket connection to 'wss://goodfood2u.client-staging.deliverybizpro.com/ws' failed: Error during WebSocket handshake: Unexpected response code: 502">]
Autoresponders,1.792107105255127,[#<Selenium::WebDriver::LogEntry:0x00007f9d060e5bf0 @level="SEVERE", @timestamp=1619812066807, @message="https://goodfood2u.client-staging.deliverybizpro.com/bower_components/autobahn/autobahn.js?_=1619641498 5397 WebSocket connection to 'wss://goodfood2u.client-staging.deliverybizpro.com/ws' failed: Error during WebSocket handshake: Unexpected response code: 502">, #<Selenium::WebDriver::LogEntry:0x00007f9d060e5b78 @level="WARNING", @timestamp=1619812072005, @message="https://goodfood2u.client-staging.deliverybizpro.com/admin/news.php?mode=messages&targetlist=2 7 The key \"touch-action:\" is not recognized and ignored.">, #<Selenium::WebDriver::LogEntry:0x00007f9d060e5b50 @level="WARNING", @timestamp=1619812072005, @message="https://goodfood2u.client-staging.deliverybizpro.com/admin/news.php?mode=messages&targetlist=2 7 The key \"-ms-touch-action:\" is not recognized and ignored.">]
General News List,1.7356159687042236,[#<Selenium::WebDriver::LogEntry:0x00007f9d061549b0 @level="WARNING", @timestamp=1619812079811, @message="https://goodfood2u.client-staging.deliverybizpro.com/admin/router.php#/newsletters-list/3 7 The key \"touch-action:\" is not recognized and ignored.">, #<Selenium::WebDriver::LogEntry:0x00007f9d06154988 @level="WARNING", @timestamp=1619812079811, @message="https://goodfood2u.client-staging.deliverybizpro.com/admin/router.php#/newsletters-list/3 7 The key \"-ms-touch-action:\" is not recognized and ignored.">, #<Selenium::WebDriver::LogEntry:0x00007f9d06154960 @level="SEVERE", @timestamp=1619812081155, @message="https://goodfood2u.client-staging.deliverybizpro.com/bower_components/autobahn/autobahn.js?_=1619641498 5397 WebSocket connection to 'wss://goodfood2u.client-staging.deliverybizpro.com/ws' failed: Error during WebSocket handshake: Unexpected response code: 502">]
Unsubscribers,1.666815996170044,[#<Selenium::WebDriver::LogEntry:0x00007f9d04e0b2a0 @level="SEVERE", @timestamp=1619812082740, @message="https://goodfood2u.client-staging.deliverybizpro.com/bower_components/autobahn/autobahn.js?_=1619641498 5397 WebSocket connection to 'wss://goodfood2u.client-staging.deliverybizpro.com/ws' failed: Error during WebSocket handshake: Unexpected response code: 502">, #<Selenium::WebDriver::LogEntry:0x00007f9d04e0b278 @level="SEVERE", @timestamp=1619812084781, @message="https://goodfood2u.client-staging.deliverybizpro.com/bower_components/autobahn/autobahn.js?_=1619641498 5397 WebSocket connection to 'wss://goodfood2u.client-staging.deliverybizpro.com/ws' failed: Error during WebSocket handshake: Unexpected response code: 502">, #<Selenium::WebDriver::LogEntry:0x00007f9d04e0b250 @level="SEVERE", @timestamp=1619812087516, @message="https://goodfood2u.client-staging.deliverybizpro.com/bower_components/autobahn/autobahn.js?_=1619641498 5397 WebSocket connection to 'wss://goodfood2u.client-staging.deliverybizpro.com/ws' failed: Error during WebSocket handshake: Unexpected response code: 502">, #<Selenium::WebDriver::LogEntry:0x00007f9d04e0b228 @level="SEVERE", @timestamp=1619812091578, @message="https://goodfood2u.client-staging.deliverybizpro.com/bower_components/autobahn/autobahn.js?_=1619641498 5397 WebSocket connection to 'wss://goodfood2u.client-staging.deliverybizpro.com/ws' failed: Error during WebSocket handshake: Unexpected response code: 502">, #<Selenium::WebDriver::LogEntry:0x00007f9d04e0b200 @level="WARNING", @timestamp=1619812096087, @message="https://goodfood2u.client-staging.deliverybizpro.com/admin/unsubscribers 7 The key \"touch-action:\" is not recognized and ignored.">, #<Selenium::WebDriver::LogEntry:0x00007f9d04e0b1d8 @level="WARNING", @timestamp=1619812096087, @message="https://goodfood2u.client-staging.deliverybizpro.com/admin/unsubscribers 7 The key \"-ms-touch-action:\" is not recognized and ignored.">]
Edit Static Pages,1.4873220920562744,[#<Selenium::WebDriver::LogEntry:0x00007f9d04e68d38 @level="WARNING", @timestamp=1619812103790, @message="https://goodfood2u.client-staging.deliverybizpro.com/admin/pages.php 7 The key \"touch-action:\" is not recognized and ignored.">, #<Selenium::WebDriver::LogEntry:0x00007f9d04e68d10 @level="WARNING", @timestamp=1619812103790, @message="https://goodfood2u.client-staging.deliverybizpro.com/admin/pages.php 7 The key \"-ms-touch-action:\" is not recognized and ignored.">]
Manage Files,2.0998048782348633,[#<Selenium::WebDriver::LogEntry:0x00007f9d050a65f0 @level="WARNING", @timestamp=1619812111565, @message="https://goodfood2u.client-staging.deliverybizpro.com/admin/files.php 7 The key \"touch-action:\" is not recognized and ignored.">, #<Selenium::WebDriver::LogEntry:0x00007f9d050a6370 @level="WARNING", @timestamp=1619812111566, @message="https://goodfood2u.client-staging.deliverybizpro.com/admin/files.php 7 The key \"-ms-touch-action:\" is not recognized and ignored.">]
301 Redirects,1.6653878688812256,[#<Selenium::WebDriver::LogEntry:0x00007f9d04cf5820 @level="WARNING", @timestamp=1619812124071, @message="https://goodfood2u.client-staging.deliverybizpro.com/admin/redirects 7 The key \"touch-action:\" is not recognized and ignored.">, #<Selenium::WebDriver::LogEntry:0x00007f9d04cf57d0 @level="WARNING", @timestamp=1619812124072, @message="https://goodfood2u.client-staging.deliverybizpro.com/admin/redirects 7 The key \"-ms-touch-action:\" is not recognized and ignored.">]
FAQ,1.5538930892944336,[#<Selenium::WebDriver::LogEntry:0x00007f9ce48e1c40 @level="WARNING", @timestamp=1619812131856, @message="https://goodfood2u.client-staging.deliverybizpro.com/admin/faq 7 The key \"touch-action:\" is not recognized and ignored.">, #<Selenium::WebDriver::LogEntry:0x00007f9ce48e1ba0 @level="WARNING", @timestamp=1619812131856, @message="https://goodfood2u.client-staging.deliverybizpro.com/admin/faq 7 The key \"-ms-touch-action:\" is not recognized and ignored.">]
Company Settings,2.2120730876922607,[#<Selenium::WebDriver::LogEntry:0x00007f9d04d3a218 @level="WARNING", @timestamp=1619812139629, @message="https://goodfood2u.client-staging.deliverybizpro.com/admin/company.php 7 The key \"touch-action:\" is not recognized and ignored.">, #<Selenium::WebDriver::LogEntry:0x00007f9d04d3a1a0 @level="WARNING", @timestamp=1619812139629, @message="https://goodfood2u.client-staging.deliverybizpro.com/admin/company.php 7 The key \"-ms-touch-action:\" is not recognized and ignored.">, #<Selenium::WebDriver::LogEntry:0x00007f9d04d3a0d8 @level="SEVERE", @timestamp=1619812140370, @message="https://goodfood2u.client-staging.deliverybizpro.com/skin1/css/structure.css - Failed to load resource: the server responded with a status of 404 ()">, #<Selenium::WebDriver::LogEntry:0x00007f9d04d3a0b0 @level="SEVERE", @timestamp=1619812141494, @message="https://goodfood2u.client-staging.deliverybizpro.com/skin1/css/structure.css - Failed to load resource: the server responded with a status of 404 ()">, #<Selenium::WebDriver::LogEntry:0x00007f9d04d3a088 @level="SEVERE", @timestamp=1619812141494, @message="https://goodfood2u.client-staging.deliverybizpro.com/skin1/css/structure.css - Failed to load resource: the server responded with a status of 404 ()">, #<Selenium::WebDriver::LogEntry:0x00007f9d04d3a010 @level="SEVERE", @timestamp=1619812141494, @message="https://goodfood2u.client-staging.deliverybizpro.com/skin1/css/structure.css - Failed to load resource: the server responded with a status of 404 ()">, #<Selenium::WebDriver::LogEntry:0x00007f9d04d39fe8 @level="SEVERE", @timestamp=1619812141494, @message="https://goodfood2u.client-staging.deliverybizpro.com/skin1/css/structure.css - Failed to load resource: the server responded with a status of 404 ()">, #<Selenium::WebDriver::LogEntry:0x00007f9d04d39ea8 @level="SEVERE", @timestamp=1619812141494, @message="https://goodfood2u.client-staging.deliverybizpro.com/skin1/css/structure.css - Failed to load resource: the server responded with a status of 404 ()">]
States/Counties,1.5172290802001953,[#<Selenium::WebDriver::LogEntry:0x00007f9d06a12610 @level="WARNING", @timestamp=1619812144967, @message="https://maps.googleapis.com/maps-api-v3/api/js/44/12/util.js 227:26 \"Google Maps JavaScript API warning: NoApiKeys https://developers.google.com/maps/documentation/javascript/error-messages#no-api-keys\"">, #<Selenium::WebDriver::LogEntry:0x00007f9d06a125e8 @level="WARNING", @timestamp=1619812144967, @message="https://maps.googleapis.com/maps-api-v3/api/js/44/12/util.js 227:26 \"Google Maps JavaScript API warning: InvalidKey https://developers.google.com/maps/documentation/javascript/error-messages#invalid-key\"">, #<Selenium::WebDriver::LogEntry:0x00007f9d06a125c0 @level="WARNING", @timestamp=1619812148123, @message="https://goodfood2u.client-staging.deliverybizpro.com/admin/states.php 7 The key \"touch-action:\" is not recognized and ignored.">, #<Selenium::WebDriver::LogEntry:0x00007f9d06a12520 @level="WARNING", @timestamp=1619812148123, @message="https://goodfood2u.client-staging.deliverybizpro.com/admin/states.php 7 The key \"-ms-touch-action:\" is not recognized and ignored.">]
Taxes,1.071126937866211,[]
Taxing Zones,1.8747448921203613,[#<Selenium::WebDriver::LogEntry:0x00007f9d060ac7d8 @level="WARNING", @timestamp=1619812163614, @message="https://goodfood2u.client-staging.deliverybizpro.com/admin/zones.php 7 The key \"touch-action:\" is not recognized and ignored.">, #<Selenium::WebDriver::LogEntry:0x00007f9d060ac760 @level="WARNING", @timestamp=1619812163614, @message="https://goodfood2u.client-staging.deliverybizpro.com/admin/zones.php 7 The key \"-ms-touch-action:\" is not recognized and ignored.">]
Taxing System,2.1751370429992676,[#<Selenium::WebDriver::LogEntry:0x00007f9d06127cd0 @level="WARNING", @timestamp=1619812172030, @message="https://goodfood2u.client-staging.deliverybizpro.com/admin/taxes.php 7 The key \"touch-action:\" is not recognized and ignored.">, #<Selenium::WebDriver::LogEntry:0x00007f9d06127ca8 @level="WARNING", @timestamp=1619812172030, @message="https://goodfood2u.client-staging.deliverybizpro.com/admin/taxes.php 7 The key \"-ms-touch-action:\" is not recognized and ignored.">]
Minimum Orders Settings,1.5528759956359863,[#<Selenium::WebDriver::LogEntry:0x00007f9d04dc29b0 @level="WARNING", @timestamp=1619812179806, @message="https://goodfood2u.client-staging.deliverybizpro.com/admin/min_orders_settings.php 7 The key \"touch-action:\" is not recognized and ignored.">, #<Selenium::WebDriver::LogEntry:0x00007f9d04dc2988 @level="WARNING", @timestamp=1619812179806, @message="https://goodfood2u.client-staging.deliverybizpro.com/admin/min_orders_settings.php 7 The key \"-ms-touch-action:\" is not recognized and ignored.">]
Zip Codes,1.435119867324829,[#<Selenium::WebDriver::LogEntry:0x00007f9d04e23eb8 @level="WARNING", @timestamp=1619812187602, @message="https://goodfood2u.client-staging.deliverybizpro.com/admin/zip_codes.php 7 The key \"touch-action:\" is not recognized and ignored.">, #<Selenium::WebDriver::LogEntry:0x00007f9d04e23e68 @level="WARNING", @timestamp=1619812187602, @message="https://goodfood2u.client-staging.deliverybizpro.com/admin/zip_codes.php 7 The key \"-ms-touch-action:\" is not recognized and ignored.">, #<Selenium::WebDriver::LogEntry:0x00007f9d04e23e40 @level="WARNING", @timestamp=1619812187711, @message="https://goodfood2u.client-staging.deliverybizpro.com/admin/zip_codes.php - [DOM] Found 2 elements with non-unique id #zip_delivery_type: (More info: https://goo.gl/9p2vKq) %o %o">]
Fees,1.0711731910705566,[]
Settings,1.0508151054382324,[]
Store Locations,1.750817060470581,[#<Selenium::WebDriver::LogEntry:0x00007f9ce480c7e8 @level="WARNING", @timestamp=1619812218003, @message="https://goodfood2u.client-staging.deliverybizpro.com/admin/stores.php 7 The key \"touch-action:\" is not recognized and ignored.">, #<Selenium::WebDriver::LogEntry:0x00007f9ce480c7c0 @level="WARNING", @timestamp=1619812218004, @message="https://goodfood2u.client-staging.deliverybizpro.com/admin/stores.php 7 The key \"-ms-touch-action:\" is not recognized and ignored.">]
DBP Settings,1.7072429656982422,[#<Selenium::WebDriver::LogEntry:0x00007f9d06921800 @level="WARNING", @timestamp=1619812226032, @message="https://goodfood2u.client-staging.deliverybizpro.com/admin/dbp_settings.php 7 The key \"touch-action:\" is not recognized and ignored.">, #<Selenium::WebDriver::LogEntry:0x00007f9d069217b0 @level="WARNING", @timestamp=1619812226032, @message="https://goodfood2u.client-staging.deliverybizpro.com/admin/dbp_settings.php 7 The key \"-ms-touch-action:\" is not recognized and ignored.">]
DBP Billing,1.7730648517608643,[#<Selenium::WebDriver::LogEntry:0x00007f9d069a9688 @level="WARNING", @timestamp=1619812234172, @message="https://goodfood2u.client-staging.deliverybizpro.com/admin/dbp_billing.php 7 The key \"touch-action:\" is not recognized and ignored.">, #<Selenium::WebDriver::LogEntry:0x00007f9d069a9660 @level="WARNING", @timestamp=1619812234172, @message="https://goodfood2u.client-staging.deliverybizpro.com/admin/dbp_billing.php 7 The key \"-ms-touch-action:\" is not recognized and ignored.">]
Countries,1.4957518577575684,[#<Selenium::WebDriver::LogEntry:0x00007f9d06a43eb8 @level="WARNING", @timestamp=1619812242023, @message="https://goodfood2u.client-staging.deliverybizpro.com/admin/countries.php 7 The key \"touch-action:\" is not recognized and ignored.">, #<Selenium::WebDriver::LogEntry:0x00007f9d06a43e68 @level="WARNING", @timestamp=1619812242023, @message="https://goodfood2u.client-staging.deliverybizpro.com/admin/countries.php 7 The key \"-ms-touch-action:\" is not recognized and ignored.">]
States,1.4354469776153564,[#<Selenium::WebDriver::LogEntry:0x00007f9d04d79170 @level="WARNING", @timestamp=1619812249754, @message="https://goodfood2u.client-staging.deliverybizpro.com/admin/states.php 7 The key \"touch-action:\" is not recognized and ignored.">, #<Selenium::WebDriver::LogEntry:0x00007f9d04d79148 @level="WARNING", @timestamp=1619812249754, @message="https://goodfood2u.client-staging.deliverybizpro.com/admin/states.php 7 The key \"-ms-touch-action:\" is not recognized and ignored.">]
Settings,1.0670726299285889,[]
Export/Import Cities,1.4308769702911377,[#<Selenium::WebDriver::LogEntry:0x00007f9d06144b78 @level="WARNING", @timestamp=1619812264770, @message="https://goodfood2u.client-staging.deliverybizpro.com/admin/cities_export_import.php 7 The key \"touch-action:\" is not recognized and ignored.">, #<Selenium::WebDriver::LogEntry:0x00007f9d06144b50 @level="WARNING", @timestamp=1619812264771, @message="https://goodfood2u.client-staging.deliverybizpro.com/admin/cities_export_import.php 7 The key \"-ms-touch-action:\" is not recognized and ignored.">]
Summary,1.4835188388824463,[#<Selenium::WebDriver::LogEntry:0x00007f9d04de2530 @level="WARNING", @timestamp=1619812272569, @message="https://goodfood2u.client-staging.deliverybizpro.com/admin/general.php 7 The key \"touch-action:\" is not recognized and ignored.">, #<Selenium::WebDriver::LogEntry:0x00007f9d04de24b8 @level="WARNING", @timestamp=1619812272569, @message="https://goodfood2u.client-staging.deliverybizpro.com/admin/general.php 7 The key \"-ms-touch-action:\" is not recognized and ignored.">]
Credit card types,1.4908947944641113,[#<Selenium::WebDriver::LogEntry:0x00007f9d04e42a48 @level="WARNING", @timestamp=1619812280322, @message="https://goodfood2u.client-staging.deliverybizpro.com/admin/card_types.php 7 The key \"touch-action:\" is not recognized and ignored.">, #<Selenium::WebDriver::LogEntry:0x00007f9d04e42a20 @level="WARNING", @timestamp=1619812280322, @message="https://goodfood2u.client-staging.deliverybizpro.com/admin/card_types.php 7 The key \"-ms-touch-action:\" is not recognized and ignored.">]
General Settings,1.8721668720245361,[#<Selenium::WebDriver::LogEntry:0x00007f9d04b9e940 @level="WARNING", @timestamp=1619812288174, @message="https://goodfood2u.client-staging.deliverybizpro.com/admin/configuration 7 The key \"touch-action:\" is not recognized and ignored.">, #<Selenium::WebDriver::LogEntry:0x00007f9d04b9e6c0 @level="WARNING", @timestamp=1619812288174, @message="https://goodfood2u.client-staging.deliverybizpro.com/admin/configuration 7 The key \"-ms-touch-action:\" is not recognized and ignored.">]
Languages,1.6350069046020508,[#<Selenium::WebDriver::LogEntry:0x00007f9d04c7e978 @level="WARNING", @timestamp=1619812296235, @message="https://goodfood2u.client-staging.deliverybizpro.com/admin/languages.php 7 The key \"touch-action:\" is not recognized and ignored.">, #<Selenium::WebDriver::LogEntry:0x00007f9d04c7e950 @level="WARNING", @timestamp=1619812296235, @message="https://goodfood2u.client-staging.deliverybizpro.com/admin/languages.php 7 The key \"-ms-touch-action:\" is not recognized and ignored.">, #<Selenium::WebDriver::LogEntry:0x00007f9d04c7e900 @level="SEVERE", @timestamp=1619812296308, @message="https://goodfood2u.client-staging.deliverybizpro.com/tinymce/tiny_mce.js - Failed to load resource: the server responded with a status of 404 ()">, #<Selenium::WebDriver::LogEntry:0x00007f9d04c7e8d8 @level="SEVERE", @timestamp=1619812296461, @message="https://goodfood2u.client-staging.deliverybizpro.com/tinymce/tiny_mce.js - Failed to load resource: the server responded with a status of 404 ()">]
Modules,2.2532780170440674,[#<Selenium::WebDriver::LogEntry:0x00007f9ce484c3c0 @level="WARNING", @timestamp=1619812304257, @message="https://goodfood2u.client-staging.deliverybizpro.com/admin/modules.php 7 The key \"touch-action:\" is not recognized and ignored.">, #<Selenium::WebDriver::LogEntry:0x00007f9ce484c398 @level="WARNING", @timestamp=1619812304257, @message="https://goodfood2u.client-staging.deliverybizpro.com/admin/modules.php 7 The key \"-ms-touch-action:\" is not recognized and ignored.">]
Payment Methods,1.760591983795166,[#<Selenium::WebDriver::LogEntry:0x00007f9d06930940 @level="WARNING", @timestamp=1619812312703, @message="https://goodfood2u.client-staging.deliverybizpro.com/admin/payment_methods.php 7 The key \"touch-action:\" is not recognized and ignored.">, #<Selenium::WebDriver::LogEntry:0x00007f9d069308f0 @level="WARNING", @timestamp=1619812312703, @message="https://goodfood2u.client-staging.deliverybizpro.com/admin/payment_methods.php 7 The key \"-ms-touch-action:\" is not recognized and ignored.">]
Clear templates cache,2.004612922668457,[#<Selenium::WebDriver::LogEntry:0x00007f9d069b1180 @level="WARNING", @timestamp=1619812321237, @message="https://goodfood2u.client-staging.deliverybizpro.com/admin/general.php 7 The key \"touch-action:\" is not recognized and ignored.">, #<Selenium::WebDriver::LogEntry:0x00007f9d069b1158 @level="WARNING", @timestamp=1619812321237, @message="https://goodfood2u.client-staging.deliverybizpro.com/admin/general.php 7 The key \"-ms-touch-action:\" is not recognized and ignored.">]
System Logs,1.0566260814666748,[]
DBP Overview,2.4299540519714355,[#<Selenium::WebDriver::LogEntry:0x00007f9d04d81488 @level="WARNING", @timestamp=1619812337285, @message="https://goodfood2u.client-staging.deliverybizpro.com/admin/dbp_overview.php 7 The key \"touch-action:\" is not recognized and ignored.">, #<Selenium::WebDriver::LogEntry:0x00007f9d04d81460 @level="WARNING", @timestamp=1619812337285, @message="https://goodfood2u.client-staging.deliverybizpro.com/admin/dbp_overview.php 7 The key \"-ms-touch-action:\" is not recognized and ignored.">]
Inventory,1.4632031917572021,[#<Selenium::WebDriver::LogEntry:0x00007f9d060dd248 @level="WARNING", @timestamp=1619812345032, @message="https://goodfood2u.client-staging.deliverybizpro.com/admin/log_inventory.php 7 The key \"touch-action:\" is not recognized and ignored.">, #<Selenium::WebDriver::LogEntry:0x00007f9d060dd220 @level="WARNING", @timestamp=1619812345032, @message="https://goodfood2u.client-staging.deliverybizpro.com/admin/log_inventory.php 7 The key \"-ms-touch-action:\" is not recognized and ignored.">]
Tasks,1.6433968544006348,[#<Selenium::WebDriver::LogEntry:0x00007f9d06157e80 @level="WARNING", @timestamp=1619812352837, @message="https://goodfood2u.client-staging.deliverybizpro.com/admin/router.php?r=bt-console#/bt-console 7 The key \"touch-action:\" is not recognized and ignored.">, #<Selenium::WebDriver::LogEntry:0x00007f9d06157e58 @level="WARNING", @timestamp=1619812352837, @message="https://goodfood2u.client-staging.deliverybizpro.com/admin/router.php?r=bt-console#/bt-console 7 The key \"-ms-touch-action:\" is not recognized and ignored.">, #<Selenium::WebDriver::LogEntry:0x00007f9d06157e30 @level="SEVERE", @timestamp=1619812354104, @message="https://goodfood2u.client-staging.deliverybizpro.com/bower_components/autobahn/autobahn.js?_=1619641498 5397 WebSocket connection to 'wss://goodfood2u.client-staging.deliverybizpro.com/ws' failed: Error during WebSocket handshake: Unexpected response code: 502">]
Periodic tasks,4.0790369510650635,[#<Selenium::WebDriver::LogEntry:0x00007f9d04de97b8 @level="SEVERE", @timestamp=1619812355337, @message="https://goodfood2u.client-staging.deliverybizpro.com/bower_components/autobahn/autobahn.js?_=1619641498 5397 WebSocket connection to 'wss://goodfood2u.client-staging.deliverybizpro.com/ws' failed: Error during WebSocket handshake: Unexpected response code: 502">, #<Selenium::WebDriver::LogEntry:0x00007f9d04de9790 @level="SEVERE", @timestamp=1619812357957, @message="https://goodfood2u.client-staging.deliverybizpro.com/bower_components/autobahn/autobahn.js?_=1619641498 5397 WebSocket connection to 'wss://goodfood2u.client-staging.deliverybizpro.com/ws' failed: Error during WebSocket handshake: Unexpected response code: 502">, #<Selenium::WebDriver::LogEntry:0x00007f9d04de9768 @level="SEVERE", @timestamp=1619812361160, @message="https://goodfood2u.client-staging.deliverybizpro.com/bower_components/autobahn/autobahn.js?_=1619641498 5397 WebSocket connection to 'wss://goodfood2u.client-staging.deliverybizpro.com/ws' failed: Error during WebSocket handshake: Unexpected response code: 502">, #<Selenium::WebDriver::LogEntry:0x00007f9d04de9740 @level="WARNING", @timestamp=1619812363222, @message="https://goodfood2u.client-staging.deliverybizpro.com/admin/periodicTasks 7 The key \"touch-action:\" is not recognized and ignored.">, #<Selenium::WebDriver::LogEntry:0x00007f9d04de96f0 @level="WARNING", @timestamp=1619812363222, @message="https://goodfood2u.client-staging.deliverybizpro.com/admin/periodicTasks 7 The key \"-ms-touch-action:\" is not recognized and ignored.">]
