Dashboard,1.9666011333465576,[#<Selenium::WebDriver::LogEntry:0x00007fd1bd07f0a8 @level="WARNING", @timestamp=1619816324723, @message="https://sandhillsfarm.client-staging.deliverybizpro.com/admin/login 7 The key \"touch-action:\" is not recognized and ignored.">, #<Selenium::WebDriver::LogEntry:0x00007fd1bd07f080 @level="WARNING", @timestamp=1619816324750, @message="https://sandhillsfarm.client-staging.deliverybizpro.com/admin/login 7 The key \"-ms-touch-action:\" is not recognized and ignored.">, #<Selenium::WebDriver::LogEntry:0x00007fd1bd07f058 @level="WARNING", @timestamp=1619816333185, @message="https://sandhillsfarm.client-staging.deliverybizpro.com/admin/home.php 7 The key \"touch-action:\" is not recognized and ignored.">, #<Selenium::WebDriver::LogEntry:0x00007fd1bd07f030 @level="WARNING", @timestamp=1619816333185, @message="https://sandhillsfarm.client-staging.deliverybizpro.com/admin/home.php 7 The key \"-ms-touch-action:\" is not recognized and ignored.">, #<Selenium::WebDriver::LogEntry:0x00007fd1bd07f008 @level="WARNING", @timestamp=1619816335489, @message="https://sandhillsfarm.client-staging.deliverybizpro.com/admin/home.php 7 The key \"touch-action:\" is not recognized and ignored.">, #<Selenium::WebDriver::LogEntry:0x00007fd1bd07efe0 @level="WARNING", @timestamp=1619816335490, @message="https://sandhillsfarm.client-staging.deliverybizpro.com/admin/home.php 7 The key \"-ms-touch-action:\" is not recognized and ignored.">]
Customers,1.0610029697418213,[]
Search for Customers,2.316988945007324,[#<Selenium::WebDriver::LogEntry:0x00007fd1fd4ca348 @level="WARNING", @timestamp=1619816363665, @message="https://sandhillsfarm.client-staging.deliverybizpro.com/admin/users.php?mode=search&usertype=C&refresh=1&sort=last_login&sort_direction=1 14 The key \"touch-action:\" is not recognized and ignored.">, #<Selenium::WebDriver::LogEntry:0x00007fd1fd4ca320 @level="WARNING", @timestamp=1619816363665, @message="https://sandhillsfarm.client-staging.deliverybizpro.com/admin/users.php?mode=search&usertype=C&refresh=1&sort=last_login&sort_direction=1 14 The key \"-ms-touch-action:\" is not recognized and ignored.">, #<Selenium::WebDriver::LogEntry:0x00007fd1fd4ca2a8 @level="WARNING", @timestamp=1619816364189, @message="https://sandhillsfarm.client-staging.deliverybizpro.com/admin/users.php?mode=search&usertype=C&refresh=1&sort=last_login&sort_direction=1 - [DOM] Found 2 elements with non-unique id #frm-users-search: (More info: https://goo.gl/9p2vKq) %o %o">, #<Selenium::WebDriver::LogEntry:0x00007fd1fd4ca280 @level="WARNING", @timestamp=1619816364189, @message="https://sandhillsfarm.client-staging.deliverybizpro.com/admin/users.php?mode=search&usertype=C&refresh=1&sort=last_login&sort_direction=1 - [DOM] Found 2 elements with non-unique id #posted_data[orders_count_type]: (More info: https://goo.gl/9p2vKq) %o %o">]
Create Customer Profile,3.073909044265747,[#<Selenium::WebDriver::LogEntry:0x00007fd1fd9151f0 @level="WARNING", @timestamp=1619816372026, @message="https://sandhillsfarm.client-staging.deliverybizpro.com/admin/user_add.php?usertype=C 7 The key \"touch-action:\" is not recognized and ignored.">, #<Selenium::WebDriver::LogEntry:0x00007fd1fd9151a0 @level="WARNING", @timestamp=1619816372026, @message="https://sandhillsfarm.client-staging.deliverybizpro.com/admin/user_add.php?usertype=C 7 The key \"-ms-touch-action:\" is not recognized and ignored.">]
Import Customers,2.5313327312469482,[#<Selenium::WebDriver::LogEntry:0x00007fd1fd68edc8 @level="WARNING", @timestamp=1619816381221, @message="https://sandhillsfarm.client-staging.deliverybizpro.com/admin/customers_import.php 7 The key \"touch-action:\" is not recognized and ignored.">, #<Selenium::WebDriver::LogEntry:0x00007fd1fd68eda0 @level="WARNING", @timestamp=1619816381221, @message="https://sandhillsfarm.client-staging.deliverybizpro.com/admin/customers_import.php 7 The key \"-ms-touch-action:\" is not recognized and ignored.">]
Export Customers,2.8149466514587402,[#<Selenium::WebDriver::LogEntry:0x00007fd1fd6eeea8 @level="WARNING", @timestamp=1619816390043, @message="https://sandhillsfarm.client-staging.deliverybizpro.com/admin/router.php?r=export-users#/export-users 7 The key \"touch-action:\" is not recognized and ignored.">, #<Selenium::WebDriver::LogEntry:0x00007fd1fd6eee80 @level="WARNING", @timestamp=1619816390043, @message="https://sandhillsfarm.client-staging.deliverybizpro.com/admin/router.php?r=export-users#/export-users 7 The key \"-ms-touch-action:\" is not recognized and ignored.">]
Export Customer Emails,1.4720447063446045,[#<Selenium::WebDriver::LogEntry:0x00007fd1fd74c0d0 @level="WARNING", @timestamp=1619816399049, @message="https://sandhillsfarm.client-staging.deliverybizpro.com/admin/export_users_emails.php 7 The key \"touch-action:\" is not recognized and ignored.">, #<Selenium::WebDriver::LogEntry:0x00007fd1fd74c0a8 @level="WARNING", @timestamp=1619816399049, @message="https://sandhillsfarm.client-staging.deliverybizpro.com/admin/export_users_emails.php 7 The key \"-ms-touch-action:\" is not recognized and ignored.">]
Edit/Create Membership Levels,2.0387518405914307,[#<Selenium::WebDriver::LogEntry:0x00007fd1fd7adf88 @level="WARNING", @timestamp=1619816406866, @message="https://sandhillsfarm.client-staging.deliverybizpro.com/admin/memberships.php?usertype=C 7 The key \"touch-action:\" is not recognized and ignored.">, #<Selenium::WebDriver::LogEntry:0x00007fd1fd7adf60 @level="WARNING", @timestamp=1619816406866, @message="https://sandhillsfarm.client-staging.deliverybizpro.com/admin/memberships.php?usertype=C 7 The key \"-ms-touch-action:\" is not recognized and ignored.">]
Customer Notes,1.613236904144287,[#<Selenium::WebDriver::LogEntry:0x00007fd1fd7edb88 @level="WARNING", @timestamp=1619816415166, @message="https://sandhillsfarm.client-staging.deliverybizpro.com/admin/customer_notes.php 7 The key \"touch-action:\" is not recognized and ignored.">, #<Selenium::WebDriver::LogEntry:0x00007fd1fd7edb60 @level="WARNING", @timestamp=1619816415166, @message="https://sandhillsfarm.client-staging.deliverybizpro.com/admin/customer_notes.php 7 The key \"-ms-touch-action:\" is not recognized and ignored.">]
Administrators,1.0671508312225342,[]
Search for Admins,1.7135388851165771,[#<Selenium::WebDriver::LogEntry:0x00007fd1cd069518 @level="WARNING", @timestamp=1619816430452, @message="https://sandhillsfarm.client-staging.deliverybizpro.com/admin/users.php?mode=search&usertype=P&refresh=1 7 The key \"touch-action:\" is not recognized and ignored.">, #<Selenium::WebDriver::LogEntry:0x00007fd1cd0694f0 @level="WARNING", @timestamp=1619816430452, @message="https://sandhillsfarm.client-staging.deliverybizpro.com/admin/users.php?mode=search&usertype=P&refresh=1 7 The key \"-ms-touch-action:\" is not recognized and ignored.">, #<Selenium::WebDriver::LogEntry:0x00007fd1cd0694c8 @level="WARNING", @timestamp=1619816430592, @message="https://sandhillsfarm.client-staging.deliverybizpro.com/admin/users.php?mode=search&usertype=P&refresh=1 - [DOM] Found 2 elements with non-unique id #frm-users-search: (More info: https://goo.gl/9p2vKq) %o %o">]
Create Admin Profile,1.5990409851074219,[#<Selenium::WebDriver::LogEntry:0x00007fd1ed1293c0 @level="WARNING", @timestamp=1619816438291, @message="https://sandhillsfarm.client-staging.deliverybizpro.com/admin/user_add.php?usertype=P 7 The key \"touch-action:\" is not recognized and ignored.">, #<Selenium::WebDriver::LogEntry:0x00007fd1ed129370 @level="WARNING", @timestamp=1619816438291, @message="https://sandhillsfarm.client-staging.deliverybizpro.com/admin/user_add.php?usertype=P 7 The key \"-ms-touch-action:\" is not recognized and ignored.">]
Access Control,1.453561782836914,[#<Selenium::WebDriver::LogEntry:0x00007fd1fd952d70 @level="WARNING", @timestamp=1619816446077, @message="https://sandhillsfarm.client-staging.deliverybizpro.com/admin/access_control.php 7 The key \"touch-action:\" is not recognized and ignored.">, #<Selenium::WebDriver::LogEntry:0x00007fd1fd952d48 @level="WARNING", @timestamp=1619816446077, @message="https://sandhillsfarm.client-staging.deliverybizpro.com/admin/access_control.php 7 The key \"-ms-touch-action:\" is not recognized and ignored.">]
Edit/Create Membership Levels,1.4684648513793945,[#<Selenium::WebDriver::LogEntry:0x00007fd1ed1572c0 @level="WARNING", @timestamp=1619816453760, @message="https://sandhillsfarm.client-staging.deliverybizpro.com/admin/memberships.php?usertype=P 7 The key \"touch-action:\" is not recognized and ignored.">, #<Selenium::WebDriver::LogEntry:0x00007fd1ed157298 @level="WARNING", @timestamp=1619816453760, @message="https://sandhillsfarm.client-staging.deliverybizpro.com/admin/memberships.php?usertype=P 7 The key \"-ms-touch-action:\" is not recognized and ignored.">]
Drivers,1.0760931968688965,[]
Search for Drivers,1.5366878509521484,[#<Selenium::WebDriver::LogEntry:0x00007fd1af8c8a38 @level="WARNING", @timestamp=1619816488958, @message="https://sandhillsfarm.client-staging.deliverybizpro.com/admin/users.php?mode=search&usertype=D&refresh=1 14 The key \"touch-action:\" is not recognized and ignored.">, #<Selenium::WebDriver::LogEntry:0x00007fd1af8c8a10 @level="WARNING", @timestamp=1619816488958, @message="https://sandhillsfarm.client-staging.deliverybizpro.com/admin/users.php?mode=search&usertype=D&refresh=1 14 The key \"-ms-touch-action:\" is not recognized and ignored.">, #<Selenium::WebDriver::LogEntry:0x00007fd1af8c89e8 @level="WARNING", @timestamp=1619816489111, @message="https://sandhillsfarm.client-staging.deliverybizpro.com/admin/users.php?mode=search&usertype=D&refresh=1 - [DOM] Found 2 elements with non-unique id #frm-users-search: (More info: https://goo.gl/9p2vKq) %o %o">]
Create Driver Profile,1.519784927368164,[#<Selenium::WebDriver::LogEntry:0x00007fd1fd3eacc0 @level="WARNING", @timestamp=1619816496773, @message="https://sandhillsfarm.client-staging.deliverybizpro.com/admin/user_add.php?usertype=D 7 The key \"touch-action:\" is not recognized and ignored.">, #<Selenium::WebDriver::LogEntry:0x00007fd1fd3ea7e8 @level="WARNING", @timestamp=1619816496773, @message="https://sandhillsfarm.client-staging.deliverybizpro.com/admin/user_add.php?usertype=D 7 The key \"-ms-touch-action:\" is not recognized and ignored.">]
Edit/Create Membership Levels,1.4479050636291504,[#<Selenium::WebDriver::LogEntry:0x00007fd1fd6073c8 @level="WARNING", @timestamp=1619816504573, @message="https://sandhillsfarm.client-staging.deliverybizpro.com/admin/memberships.php?usertype=D 7 The key \"touch-action:\" is not recognized and ignored.">, #<Selenium::WebDriver::LogEntry:0x00007fd1fd607328 @level="WARNING", @timestamp=1619816504573, @message="https://sandhillsfarm.client-staging.deliverybizpro.com/admin/memberships.php?usertype=D 7 The key \"-ms-touch-action:\" is not recognized and ignored.">]
Suppliers,1.0674669742584229,[]
Search for Suppliers,1.6880090236663818,[#<Selenium::WebDriver::LogEntry:0x00007fd1fd6c5d50 @level="WARNING", @timestamp=1619816519639, @message="https://sandhillsfarm.client-staging.deliverybizpro.com/admin/users.php?mode=search&usertype=U&refresh=1 14 The key \"touch-action:\" is not recognized and ignored.">, #<Selenium::WebDriver::LogEntry:0x00007fd1fd6c5d00 @level="WARNING", @timestamp=1619816519639, @message="https://sandhillsfarm.client-staging.deliverybizpro.com/admin/users.php?mode=search&usertype=U&refresh=1 14 The key \"-ms-touch-action:\" is not recognized and ignored.">, #<Selenium::WebDriver::LogEntry:0x00007fd1fd6c5cd8 @level="WARNING", @timestamp=1619816519910, @message="https://sandhillsfarm.client-staging.deliverybizpro.com/admin/users.php?mode=search&usertype=U&refresh=1 - [DOM] Found 2 elements with non-unique id #frm-users-search: (More info: https://goo.gl/9p2vKq) %o %o">]
Create Supplier Profile,1.6919641494750977,[#<Selenium::WebDriver::LogEntry:0x00007fd1fd72f278 @level="WARNING", @timestamp=1619816527640, @message="https://sandhillsfarm.client-staging.deliverybizpro.com/admin/user_add.php?usertype=U 7 The key \"touch-action:\" is not recognized and ignored.">, #<Selenium::WebDriver::LogEntry:0x00007fd1fd72f250 @level="WARNING", @timestamp=1619816527640, @message="https://sandhillsfarm.client-staging.deliverybizpro.com/admin/user_add.php?usertype=U 7 The key \"-ms-touch-action:\" is not recognized and ignored.">]
Edit/Search Products,2.739423990249634,[#<Selenium::WebDriver::LogEntry:0x00007fd1fd78e4f8 @level="WARNING", @timestamp=1619816535847, @message="https://sandhillsfarm.client-staging.deliverybizpro.com/admin/products 7 The key \"touch-action:\" is not recognized and ignored.">, #<Selenium::WebDriver::LogEntry:0x00007fd1fd78e4d0 @level="WARNING", @timestamp=1619816535847, @message="https://sandhillsfarm.client-staging.deliverybizpro.com/admin/products 7 The key \"-ms-touch-action:\" is not recognized and ignored.">, #<Selenium::WebDriver::LogEntry:0x00007fd1fd78e4a8 @level="WARNING", @timestamp=1619816536848, @message="https://sandhillsfarm.client-staging.deliverybizpro.com/admin/products - [DOM] Found 2 elements with non-unique id #collapse-quantity: (More info: https://goo.gl/9p2vKq) %o %o">]
Add New Product,2.705662965774536,[#<Selenium::WebDriver::LogEntry:0x00007fd1af00e230 @level="WARNING", @timestamp=1619816544646, @message="https://sandhillsfarm.client-staging.deliverybizpro.com/admin/products/create 7 The key \"touch-action:\" is not recognized and ignored.">, #<Selenium::WebDriver::LogEntry:0x00007fd1af00e208 @level="WARNING", @timestamp=1619816544646, @message="https://sandhillsfarm.client-staging.deliverybizpro.com/admin/products/create 7 The key \"-ms-touch-action:\" is not recognized and ignored.">, #<Selenium::WebDriver::LogEntry:0x00007fd1af00e1e0 @level="SEVERE", @timestamp=1619816546905, @message="https://sandhillsfarm.client-staging.deliverybizpro.com/skin1/css/structure.css?v=4.9.2 - Failed to load resource: the server responded with a status of 404 ()">, #<Selenium::WebDriver::LogEntry:0x00007fd1af00e1b8 @level="SEVERE", @timestamp=1619816546905, @message="https://sandhillsfarm.client-staging.deliverybizpro.com/skin1/css/structure.css?v=4.9.2 - Failed to load resource: the server responded with a status of 404 ()">]
Import products,2.9303760528564453,[#<Selenium::WebDriver::LogEntry:0x00007fd1af834e78 @level="WARNING", @timestamp=1619816553613, @message="https://sandhillsfarm.client-staging.deliverybizpro.com/admin/products/import 7 The key \"touch-action:\" is not recognized and ignored.">, #<Selenium::WebDriver::LogEntry:0x00007fd1af834e50 @level="WARNING", @timestamp=1619816553613, @message="https://sandhillsfarm.client-staging.deliverybizpro.com/admin/products/import 7 The key \"-ms-touch-action:\" is not recognized and ignored.">, #<Selenium::WebDriver::LogEntry:0x00007fd1af834e28 @level="WARNING", @timestamp=1619816554210, @message="https://sandhillsfarm.client-staging.deliverybizpro.com/admin/router.php?iframe=Y#/task-status 7 The key \"touch-action:\" is not recognized and ignored.">, #<Selenium::WebDriver::LogEntry:0x00007fd1af834e00 @level="WARNING", @timestamp=1619816554210, @message="https://sandhillsfarm.client-staging.deliverybizpro.com/admin/router.php?iframe=Y#/task-status 7 The key \"-ms-touch-action:\" is not recognized and ignored.">]
Export products,1.4594380855560303,[#<Selenium::WebDriver::LogEntry:0x00007fd1cd04f438 @level="WARNING", @timestamp=1619816562707, @message="https://sandhillsfarm.client-staging.deliverybizpro.com/admin/products/export 7 The key \"touch-action:\" is not recognized and ignored.">, #<Selenium::WebDriver::LogEntry:0x00007fd1cd04f410 @level="WARNING", @timestamp=1619816562707, @message="https://sandhillsfarm.client-staging.deliverybizpro.com/admin/products/export 7 The key \"-ms-touch-action:\" is not recognized and ignored.">]
Product Categories,1.667992115020752,[#<Selenium::WebDriver::LogEntry:0x00007fd1cd0aa450 @level="WARNING", @timestamp=1619816570511, @message="https://sandhillsfarm.client-staging.deliverybizpro.com/admin/categories.php 7 The key \"touch-action:\" is not recognized and ignored.">, #<Selenium::WebDriver::LogEntry:0x00007fd1cd0aa428 @level="WARNING", @timestamp=1619816570511, @message="https://sandhillsfarm.client-staging.deliverybizpro.com/admin/categories.php 7 The key \"-ms-touch-action:\" is not recognized and ignored.">]
Extra fields,1.5773649215698242,[#<Selenium::WebDriver::LogEntry:0x00007fd1fe120660 @level="WARNING", @timestamp=1619816578400, @message="https://sandhillsfarm.client-staging.deliverybizpro.com/admin/extra-fields 7 The key \"touch-action:\" is not recognized and ignored.">, #<Selenium::WebDriver::LogEntry:0x00007fd1fe120610 @level="WARNING", @timestamp=1619816578400, @message="https://sandhillsfarm.client-staging.deliverybizpro.com/admin/extra-fields 7 The key \"-ms-touch-action:\" is not recognized and ignored.">]
Warehouse Locations,1.495239019393921,[#<Selenium::WebDriver::LogEntry:0x00007fd1cd0bf3f0 @level="WARNING", @timestamp=1619816590256, @message="https://sandhillsfarm.client-staging.deliverybizpro.com/admin/warehouse-locations 7 The key \"touch-action:\" is not recognized and ignored.">, #<Selenium::WebDriver::LogEntry:0x00007fd1cd0bf3c8 @level="WARNING", @timestamp=1619816590256, @message="https://sandhillsfarm.client-staging.deliverybizpro.com/admin/warehouse-locations 7 The key \"-ms-touch-action:\" is not recognized and ignored.">]
Change/Assign Routes,1.5218358039855957,[#<Selenium::WebDriver::LogEntry:0x00007fd1ed16a140 @level="WARNING", @timestamp=1619816602036, @message="https://sandhillsfarm.client-staging.deliverybizpro.com/admin/assign_route_users.php 7 The key \"touch-action:\" is not recognized and ignored.">, #<Selenium::WebDriver::LogEntry:0x00007fd1ed16a118 @level="WARNING", @timestamp=1619816602040, @message="https://sandhillsfarm.client-staging.deliverybizpro.com/admin/assign_route_users.php 7 The key \"-ms-touch-action:\" is not recognized and ignored.">, #<Selenium::WebDriver::LogEntry:0x00007fd1ed16a0f0 @level="WARNING", @timestamp=1619816602145, @message="https://sandhillsfarm.client-staging.deliverybizpro.com/admin/assign_route_users.php - [DOM] Found 2 elements with non-unique id #show_not_validated: (More info: https://goo.gl/9p2vKq) %o %o">]
Create/Edit Routes,2.9734678268432617,[#<Selenium::WebDriver::LogEntry:0x00007fd1af8be100 @level="WARNING", @timestamp=1619816610312, @message="https://sandhillsfarm.client-staging.deliverybizpro.com/admin/routes.php 7 The key \"touch-action:\" is not recognized and ignored.">, #<Selenium::WebDriver::LogEntry:0x00007fd1af8be0d8 @level="WARNING", @timestamp=1619816610312, @message="https://sandhillsfarm.client-staging.deliverybizpro.com/admin/routes.php 7 The key \"-ms-touch-action:\" is not recognized and ignored.">, #<Selenium::WebDriver::LogEntry:0x00007fd1af8be0b0 @level="SEVERE", @timestamp=1619816612422, @message="https://sandhillsfarm.client-staging.deliverybizpro.com/skin1/css/structure.css?v=4.9.2 - Failed to load resource: the server responded with a status of 404 ()">]
GPS Import/Export,1.4912919998168945,[#<Selenium::WebDriver::LogEntry:0x00007fd1af8de568 @level="WARNING", @timestamp=1619816619079, @message="https://sandhillsfarm.client-staging.deliverybizpro.com/admin/gpx.php 7 The key \"touch-action:\" is not recognized and ignored.">, #<Selenium::WebDriver::LogEntry:0x00007fd1af8de540 @level="WARNING", @timestamp=1619816619079, @message="https://sandhillsfarm.client-staging.deliverybizpro.com/admin/gpx.php 7 The key \"-ms-touch-action:\" is not recognized and ignored.">]
Organize Route Stops,1.5689198970794678,[#<Selenium::WebDriver::LogEntry:0x00007fd1fd4991f8 @level="WARNING", @timestamp=1619816626789, @message="https://sandhillsfarm.client-staging.deliverybizpro.com/admin/router.php?r=organize_route_stops#/organize_route_stops 7 The key \"touch-action:\" is not recognized and ignored.">, #<Selenium::WebDriver::LogEntry:0x00007fd1fd499180 @level="WARNING", @timestamp=1619816626790, @message="https://sandhillsfarm.client-staging.deliverybizpro.com/admin/router.php?r=organize_route_stops#/organize_route_stops 7 The key \"-ms-touch-action:\" is not recognized and ignored.">]
Pickup Locations,2.96252703666687,[#<Selenium::WebDriver::LogEntry:0x00007fd1fd8f57d8 @level="WARNING", @timestamp=1619816634839, @message="https://sandhillsfarm.client-staging.deliverybizpro.com/admin/pickup_locations.php 7 The key \"touch-action:\" is not recognized and ignored.">, #<Selenium::WebDriver::LogEntry:0x00007fd1fd8f5788 @level="WARNING", @timestamp=1619816634839, @message="https://sandhillsfarm.client-staging.deliverybizpro.com/admin/pickup_locations.php 7 The key \"-ms-touch-action:\" is not recognized and ignored.">, #<Selenium::WebDriver::LogEntry:0x00007fd1fd8f56c0 @level="WARNING", @timestamp=1619816636156, @message="https://sandhillsfarm.client-staging.deliverybizpro.com/admin/pickup_locations.php - [DOM] Found 20 elements with non-unique id #assign_route_button: (More info: https://goo.gl/9p2vKq) %o %o %o %o %o %o %o %o %o %o %o %o %o %o %o %o %o %o %o %o">, #<Selenium::WebDriver::LogEntry:0x00007fd1fd8f5698 @level="WARNING", @timestamp=1619816636157, @message="https://sandhillsfarm.client-staging.deliverybizpro.com/admin/pickup_locations.php - [DOM] Found 20 elements with non-unique id #backup_contact: (More info: https://goo.gl/9p2vKq) %o %o %o %o %o %o %o %o %o %o %o %o %o %o %o %o %o %o %o %o">, #<Selenium::WebDriver::LogEntry:0x00007fd1fd8f5490 @level="WARNING", @timestamp=1619816636157, @message="https://sandhillsfarm.client-staging.deliverybizpro.com/admin/pickup_locations.php - [DOM] Found 20 elements with non-unique id #host_name: (More info: https://goo.gl/9p2vKq) %o %o %o %o %o %o %o %o %o %o %o %o %o %o %o %o %o %o %o %o">, #<Selenium::WebDriver::LogEntry:0x00007fd1fd8f5418 @level="WARNING", @timestamp=1619816636157, @message="https://sandhillsfarm.client-staging.deliverybizpro.com/admin/pickup_locations.php - [DOM] Found 20 elements with non-unique id #location_access_key: (More info: https://goo.gl/9p2vKq) %o %o %o %o %o %o %o %o %o %o %o %o %o %o %o %o %o %o %o %o">, #<Selenium::WebDriver::LogEntry:0x00007fd1fd8f5120 @level="WARNING", @timestamp=1619816636157, @message="https://sandhillsfarm.client-staging.deliverybizpro.com/admin/pickup_locations.php - [DOM] Found 20 elements with non-unique id #location_email: (More info: https://goo.gl/9p2vKq) %o %o %o %o %o %o %o %o %o %o %o %o %o %o %o %o %o %o %o %o">, #<Selenium::WebDriver::LogEntry:0x00007fd1fd8f4f90 @level="WARNING", @timestamp=1619816636157, @message="https://sandhillsfarm.client-staging.deliverybizpro.com/admin/pickup_locations.php - [DOM] Found 20 elements with non-unique id #location_info: (More info: https://goo.gl/9p2vKq) %o %o %o %o %o %o %o %o %o %o %o %o %o %o %o %o %o %o %o %o">, #<Selenium::WebDriver::LogEntry:0x00007fd1fd8f4f18 @level="WARNING", @timestamp=1619816636157, @message="https://sandhillsfarm.client-staging.deliverybizpro.com/admin/pickup_locations.php - [DOM] Found 20 elements with non-unique id #location_message: (More info: https://goo.gl/9p2vKq) %o %o %o %o %o %o %o %o %o %o %o %o %o %o %o %o %o %o %o %o">, #<Selenium::WebDriver::LogEntry:0x00007fd1fd8f4ef0 @level="WARNING", @timestamp=1619816636157, @message="https://sandhillsfarm.client-staging.deliverybizpro.com/admin/pickup_locations.php - [DOM] Found 15 elements with non-unique id #move_route_button: (More info: https://goo.gl/9p2vKq) %o %o %o %o %o %o %o %o %o %o %o %o %o %o %o">, #<Selenium::WebDriver::LogEntry:0x00007fd1fd8f4e50 @level="WARNING", @timestamp=1619816636157, @message="https://sandhillsfarm.client-staging.deliverybizpro.com/admin/pickup_locations.php - [DOM] Found 20 elements with non-unique id #phone: (More info: https://goo.gl/9p2vKq) %o %o %o %o %o %o %o %o %o %o %o %o %o %o %o %o %o %o %o %o">]
Organize Pickup Locations,2.1579792499542236,[#<Selenium::WebDriver::LogEntry:0x00007fd1fd685ac0 @level="WARNING", @timestamp=1619816644495, @message="https://sandhillsfarm.client-staging.deliverybizpro.com/admin/route_pickup_locations.php 7 The key \"touch-action:\" is not recognized and ignored.">, #<Selenium::WebDriver::LogEntry:0x00007fd1fd685a70 @level="WARNING", @timestamp=1619816644495, @message="https://sandhillsfarm.client-staging.deliverybizpro.com/admin/route_pickup_locations.php 7 The key \"-ms-touch-action:\" is not recognized and ignored.">]
Manage KML File,1.8815643787384033,[#<Selenium::WebDriver::LogEntry:0x00007fd1fd6e5470 @level="WARNING", @timestamp=1619816652525, @message="https://sandhillsfarm.client-staging.deliverybizpro.com/admin/router.php?r=kml#/kml 7 The key \"touch-action:\" is not recognized and ignored.">, #<Selenium::WebDriver::LogEntry:0x00007fd1fd6e5448 @level="WARNING", @timestamp=1619816652525, @message="https://sandhillsfarm.client-staging.deliverybizpro.com/admin/router.php?r=kml#/kml 7 The key \"-ms-touch-action:\" is not recognized and ignored.">]
Organize Load Sheet,1.6121540069580078,[#<Selenium::WebDriver::LogEntry:0x00007fd1fd75ca98 @level="WARNING", @timestamp=1619816664409, @message="https://sandhillsfarm.client-staging.deliverybizpro.com/admin/order_routes_products.php 7 The key \"touch-action:\" is not recognized and ignored.">, #<Selenium::WebDriver::LogEntry:0x00007fd1fd75ff90 @level="WARNING", @timestamp=1619816664409, @message="https://sandhillsfarm.client-staging.deliverybizpro.com/admin/order_routes_products.php 7 The key \"-ms-touch-action:\" is not recognized and ignored.">]
Print Route Sheets,1.9271180629730225,[#<Selenium::WebDriver::LogEntry:0x00007fd1bd0557d0 @level="WARNING", @timestamp=1619816673654, @message="https://sandhillsfarm.client-staging.deliverybizpro.com/admin/driving_dir.php 7 The key \"touch-action:\" is not recognized and ignored.">, #<Selenium::WebDriver::LogEntry:0x00007fd1bd0557a8 @level="WARNING", @timestamp=1619816673654, @message="https://sandhillsfarm.client-staging.deliverybizpro.com/admin/driving_dir.php 7 The key \"-ms-touch-action:\" is not recognized and ignored.">, #<Selenium::WebDriver::LogEntry:0x00007fd1bd055780 @level="WARNING", @timestamp=1619816673913, @message="https://sandhillsfarm.client-staging.deliverybizpro.com/admin/driving_dir.php - [DOM] Found 2 elements with non-unique id #custom-range-input-multiple: (More info: https://goo.gl/9p2vKq) %o %o">, #<Selenium::WebDriver::LogEntry:0x00007fd1bd055758 @level="WARNING", @timestamp=1619816673913, @message="https://sandhillsfarm.client-staging.deliverybizpro.com/admin/driving_dir.php - [DOM] Found 2 elements with non-unique id #mult-route-id: (More info: https://goo.gl/9p2vKq) %o %o">]
Print Bag Labels,1.6704840660095215,[#<Selenium::WebDriver::LogEntry:0x00007fd1af83f490 @level="WARNING", @timestamp=1619816679644, @message="https://sandhillsfarm.client-staging.deliverybizpro.com/admin/driving_dir.php?bag_label=1 7 The key \"touch-action:\" is not recognized and ignored.">, #<Selenium::WebDriver::LogEntry:0x00007fd1af83f468 @level="WARNING", @timestamp=1619816679644, @message="https://sandhillsfarm.client-staging.deliverybizpro.com/admin/driving_dir.php?bag_label=1 7 The key \"-ms-touch-action:\" is not recognized and ignored.">, #<Selenium::WebDriver::LogEntry:0x00007fd1af83f440 @level="WARNING", @timestamp=1619816679825, @message="https://sandhillsfarm.client-staging.deliverybizpro.com/admin/driving_dir.php?bag_label=1 - [DOM] Found 2 elements with non-unique id #custom-range-input-multiple: (More info: https://goo.gl/9p2vKq) %o %o">, #<Selenium::WebDriver::LogEntry:0x00007fd1af83f418 @level="WARNING", @timestamp=1619816679826, @message="https://sandhillsfarm.client-staging.deliverybizpro.com/admin/driving_dir.php?bag_label=1 - [DOM] Found 2 elements with non-unique id #mult-route-id: (More info: https://goo.gl/9p2vKq) %o %o">]
Show Invalid Addresses,24.065773963928223,[#<Selenium::WebDriver::LogEntry:0x00007fd1cd054668 @level="WARNING", @timestamp=1619816708019, @message="https://sandhillsfarm.client-staging.deliverybizpro.com/admin/users_invalid_zips.php 7 The key \"touch-action:\" is not recognized and ignored.">, #<Selenium::WebDriver::LogEntry:0x00007fd1cd054640 @level="WARNING", @timestamp=1619816708022, @message="https://sandhillsfarm.client-staging.deliverybizpro.com/admin/users_invalid_zips.php 7 The key \"-ms-touch-action:\" is not recognized and ignored.">]
Billing,1.0674757957458496,[]
Paper/Email Billing,1.5180749893188477,[#<Selenium::WebDriver::LogEntry:0x00007fd1af87e4d8 @level="WARNING", @timestamp=1619816723164, @message="https://sandhillsfarm.client-staging.deliverybizpro.com/admin/customer_billing.php 7 The key \"touch-action:\" is not recognized and ignored.">, #<Selenium::WebDriver::LogEntry:0x00007fd1af87e4b0 @level="WARNING", @timestamp=1619816723164, @message="https://sandhillsfarm.client-staging.deliverybizpro.com/admin/customer_billing.php 7 The key \"-ms-touch-action:\" is not recognized and ignored.">]
Electronic Billing,1.743779182434082,[#<Selenium::WebDriver::LogEntry:0x00007fd1cd0bea90 @level="WARNING", @timestamp=1619816730916, @message="https://sandhillsfarm.client-staging.deliverybizpro.com/admin/billing.php 7 The key \"touch-action:\" is not recognized and ignored.">, #<Selenium::WebDriver::LogEntry:0x00007fd1cd0bea68 @level="WARNING", @timestamp=1619816730916, @message="https://sandhillsfarm.client-staging.deliverybizpro.com/admin/billing.php 7 The key \"-ms-touch-action:\" is not recognized and ignored.">]
Mass Update Payments,1.771169900894165,[#<Selenium::WebDriver::LogEntry:0x00007fd1af89f020 @level="WARNING", @timestamp=1619816738944, @message="https://sandhillsfarm.client-staging.deliverybizpro.com/admin/mass_update_payments.php 7 The key \"touch-action:\" is not recognized and ignored.">, #<Selenium::WebDriver::LogEntry:0x00007fd1af89eff8 @level="WARNING", @timestamp=1619816738944, @message="https://sandhillsfarm.client-staging.deliverybizpro.com/admin/mass_update_payments.php 7 The key \"-ms-touch-action:\" is not recognized and ignored.">]
Mass Deposit Returns/Charges,1.4888081550598145,[#<Selenium::WebDriver::LogEntry:0x00007fd1bd087230 @level="WARNING", @timestamp=1619816746977, @message="https://sandhillsfarm.client-staging.deliverybizpro.com/admin/bottle_deposits.php 7 The key \"touch-action:\" is not recognized and ignored.">, #<Selenium::WebDriver::LogEntry:0x00007fd1bd087208 @level="WARNING", @timestamp=1619816746977, @message="https://sandhillsfarm.client-staging.deliverybizpro.com/admin/bottle_deposits.php 7 The key \"-ms-touch-action:\" is not recognized and ignored.">]
Global Invoice Notes,1.6748297214508057,[#<Selenium::WebDriver::LogEntry:0x00007fd1ed1af6a0 @level="WARNING", @timestamp=1619816754726, @message="https://sandhillsfarm.client-staging.deliverybizpro.com/admin/global_notes.php 7 The key \"touch-action:\" is not recognized and ignored.">, #<Selenium::WebDriver::LogEntry:0x00007fd1ed1af678 @level="WARNING", @timestamp=1619816754726, @message="https://sandhillsfarm.client-staging.deliverybizpro.com/admin/global_notes.php 7 The key \"-ms-touch-action:\" is not recognized and ignored.">, #<Selenium::WebDriver::LogEntry:0x00007fd1ed1af650 @level="SEVERE", @timestamp=1619816756023, @message="https://sandhillsfarm.client-staging.deliverybizpro.com/skin1/css/structure.css?v=4.9.2 - Failed to load resource: the server responded with a status of 404 ()">]
View GC Purchase Log,1.5302789211273193,[#<Selenium::WebDriver::LogEntry:0x00007fd1fd47aaa0 @level="WARNING", @timestamp=1619816762646, @message="https://sandhillsfarm.client-staging.deliverybizpro.com/admin/giftcerts_purchase_log.php 7 The key \"touch-action:\" is not recognized and ignored.">, #<Selenium::WebDriver::LogEntry:0x00007fd1fd47a910 @level="WARNING", @timestamp=1619816762647, @message="https://sandhillsfarm.client-staging.deliverybizpro.com/admin/giftcerts_purchase_log.php 7 The key \"-ms-touch-action:\" is not recognized and ignored.">]
Sales Reporting,1.0617151260375977,[]
Countdown Sales Report,1.6792449951171875,[#<Selenium::WebDriver::LogEntry:0x00007fd1fd686d80 @level="WARNING", @timestamp=1619816781830, @message="https://sandhillsfarm.client-staging.deliverybizpro.com/admin/reports.php?report_type=countdown 7 The key \"touch-action:\" is not recognized and ignored.">, #<Selenium::WebDriver::LogEntry:0x00007fd1fd686d58 @level="WARNING", @timestamp=1619816781831, @message="https://sandhillsfarm.client-staging.deliverybizpro.com/admin/reports.php?report_type=countdown 7 The key \"-ms-touch-action:\" is not recognized and ignored.">]
Cross-Selling Report,1.5281012058258057,[#<Selenium::WebDriver::LogEntry:0x00007fd1fd6ed058 @level="WARNING", @timestamp=1619816787689, @message="https://sandhillsfarm.client-staging.deliverybizpro.com/admin/reports.php?report_type=cross_selling 7 The key \"touch-action:\" is not recognized and ignored.">, #<Selenium::WebDriver::LogEntry:0x00007fd1fd6ed030 @level="WARNING", @timestamp=1619816787689, @message="https://sandhillsfarm.client-staging.deliverybizpro.com/admin/reports.php?report_type=cross_selling 7 The key \"-ms-touch-action:\" is not recognized and ignored.">]
Discount Coupon Report,1.5455670356750488,[#<Selenium::WebDriver::LogEntry:0x00007fd1fd75cac0 @level="WARNING", @timestamp=1619816793540, @message="https://sandhillsfarm.client-staging.deliverybizpro.com/admin/reports.php?report_type=discount_coupon 7 The key \"touch-action:\" is not recognized and ignored.">, #<Selenium::WebDriver::LogEntry:0x00007fd1fd75ca98 @level="WARNING", @timestamp=1619816793540, @message="https://sandhillsfarm.client-staging.deliverybizpro.com/admin/reports.php?report_type=discount_coupon 7 The key \"-ms-touch-action:\" is not recognized and ignored.">]
Manage Cross-Selling,1.504065990447998,[#<Selenium::WebDriver::LogEntry:0x00007fd1fd7cf890 @level="WARNING", @timestamp=1619816799341, @message="https://sandhillsfarm.client-staging.deliverybizpro.com/admin/reports.php?report_type=upselling 7 The key \"touch-action:\" is not recognized and ignored.">, #<Selenium::WebDriver::LogEntry:0x00007fd1fd7cf868 @level="WARNING", @timestamp=1619816799341, @message="https://sandhillsfarm.client-staging.deliverybizpro.com/admin/reports.php?report_type=upselling 7 The key \"-ms-touch-action:\" is not recognized and ignored.">]
Ordered Products Reports,2.128628969192505,[#<Selenium::WebDriver::LogEntry:0x00007fd1af81f8e8 @level="WARNING", @timestamp=1619816805251, @message="https://sandhillsfarm.client-staging.deliverybizpro.com/admin/reports.php?report_type=product 7 The key \"touch-action:\" is not recognized and ignored.">, #<Selenium::WebDriver::LogEntry:0x00007fd1af81f8c0 @level="WARNING", @timestamp=1619816805251, @message="https://sandhillsfarm.client-staging.deliverybizpro.com/admin/reports.php?report_type=product 7 The key \"-ms-touch-action:\" is not recognized and ignored.">]
Overall Sales,2.136852979660034,[#<Selenium::WebDriver::LogEntry:0x00007fd1cd045028 @level="WARNING", @timestamp=1619816811462, @message="https://sandhillsfarm.client-staging.deliverybizpro.com/admin/reports.php?report_type=over_sales 7 The key \"touch-action:\" is not recognized and ignored.">, #<Selenium::WebDriver::LogEntry:0x00007fd1cd045000 @level="WARNING", @timestamp=1619816811462, @message="https://sandhillsfarm.client-staging.deliverybizpro.com/admin/reports.php?report_type=over_sales 7 The key \"-ms-touch-action:\" is not recognized and ignored.">]
Sales By Route,1.956758975982666,[#<Selenium::WebDriver::LogEntry:0x00007fd1cd0abd50 @level="WARNING", @timestamp=1619816817868, @message="https://sandhillsfarm.client-staging.deliverybizpro.com/admin/reports.php?report_type=sales_by_route 7 The key \"touch-action:\" is not recognized and ignored.">, #<Selenium::WebDriver::LogEntry:0x00007fd1cd0abd28 @level="WARNING", @timestamp=1619816817868, @message="https://sandhillsfarm.client-staging.deliverybizpro.com/admin/reports.php?report_type=sales_by_route 7 The key \"-ms-touch-action:\" is not recognized and ignored.">]
Financials Reporting,1.065232276916504,[]
Average Order Report,1.5758421421051025,[#<Selenium::WebDriver::LogEntry:0x00007fd1fe132b08 @level="WARNING", @timestamp=1619816829280, @message="https://sandhillsfarm.client-staging.deliverybizpro.com/admin/reports.php?report_type=average_order 7 The key \"touch-action:\" is not recognized and ignored.">, #<Selenium::WebDriver::LogEntry:0x00007fd1fe132ae0 @level="WARNING", @timestamp=1619816829280, @message="https://sandhillsfarm.client-staging.deliverybizpro.com/admin/reports.php?report_type=average_order 7 The key \"-ms-touch-action:\" is not recognized and ignored.">]
Credits Report,1.5322868824005127,[#<Selenium::WebDriver::LogEntry:0x00007fd1cd0d6550 @level="WARNING", @timestamp=1619816835072, @message="https://sandhillsfarm.client-staging.deliverybizpro.com/admin/reports.php?report_type=credits 7 The key \"touch-action:\" is not recognized and ignored.">, #<Selenium::WebDriver::LogEntry:0x00007fd1cd0d6528 @level="WARNING", @timestamp=1619816835072, @message="https://sandhillsfarm.client-staging.deliverybizpro.com/admin/reports.php?report_type=credits 7 The key \"-ms-touch-action:\" is not recognized and ignored.">]
Effective Margin Report,1.7275149822235107,[#<Selenium::WebDriver::LogEntry:0x00007fd1bd07daf0 @level="WARNING", @timestamp=1619816841120, @message="https://sandhillsfarm.client-staging.deliverybizpro.com/admin/reports.php?report_type=effective_margin 7 The key \"touch-action:\" is not recognized and ignored.">, #<Selenium::WebDriver::LogEntry:0x00007fd1bd07dac8 @level="WARNING", @timestamp=1619816841120, @message="https://sandhillsfarm.client-staging.deliverybizpro.com/admin/reports.php?report_type=effective_margin 7 The key \"-ms-touch-action:\" is not recognized and ignored.">]
Financials Export,1.633397102355957,[#<Selenium::WebDriver::LogEntry:0x00007fd1ed1ad440 @level="WARNING", @timestamp=1619816846982, @message="https://sandhillsfarm.client-staging.deliverybizpro.com/admin/reports.php?report_type=financials 7 The key \"touch-action:\" is not recognized and ignored.">, #<Selenium::WebDriver::LogEntry:0x00007fd1ed1ad418 @level="WARNING", @timestamp=1619816846982, @message="https://sandhillsfarm.client-staging.deliverybizpro.com/admin/reports.php?report_type=financials 7 The key \"-ms-touch-action:\" is not recognized and ignored.">]
No Payment Customers,3.5141959190368652,[#<Selenium::WebDriver::LogEntry:0x00007fd1fd4babf0 @level="WARNING", @timestamp=1619816854676, @message="https://sandhillsfarm.client-staging.deliverybizpro.com/admin/reports.php?report_type=not_paid 7 The key \"touch-action:\" is not recognized and ignored.">, #<Selenium::WebDriver::LogEntry:0x00007fd1fd4bab00 @level="WARNING", @timestamp=1619816854676, @message="https://sandhillsfarm.client-staging.deliverybizpro.com/admin/reports.php?report_type=not_paid 7 The key \"-ms-touch-action:\" is not recognized and ignored.">]
Past Due Customers,2.0790770053863525,[#<Selenium::WebDriver::LogEntry:0x00007fd1fd93db28 @level="WARNING", @timestamp=1619816861031, @message="https://sandhillsfarm.client-staging.deliverybizpro.com/admin/reports.php?report_type=due 7 The key \"touch-action:\" is not recognized and ignored.">, #<Selenium::WebDriver::LogEntry:0x00007fd1fd93d970 @level="WARNING", @timestamp=1619816861031, @message="https://sandhillsfarm.client-staging.deliverybizpro.com/admin/reports.php?report_type=due 7 The key \"-ms-touch-action:\" is not recognized and ignored.">]
Payments On Review,1.5631208419799805,[#<Selenium::WebDriver::LogEntry:0x00007fd1fd69c798 @level="WARNING", @timestamp=1619816866782, @message="https://sandhillsfarm.client-staging.deliverybizpro.com/admin/reports.php?report_type=review_payments 7 The key \"touch-action:\" is not recognized and ignored.">, #<Selenium::WebDriver::LogEntry:0x00007fd1fd69c770 @level="WARNING", @timestamp=1619816866783, @message="https://sandhillsfarm.client-staging.deliverybizpro.com/admin/reports.php?report_type=review_payments 7 The key \"-ms-touch-action:\" is not recognized and ignored.">, #<Selenium::WebDriver::LogEntry:0x00007fd1fd69c720 @level="SEVERE", @timestamp=1619816866954, @message="https://sandhillsfarm.client-staging.deliverybizpro.com/admin/skin1/admin/admin-modal.css - Failed to load resource: the server responded with a status of 404 ()">]
Payments Posted Report,1.501453161239624,[#<Selenium::WebDriver::LogEntry:0x00007fd1fd70ecd0 @level="WARNING", @timestamp=1619816872611, @message="https://sandhillsfarm.client-staging.deliverybizpro.com/admin/reports.php?report_type=checks_posted 7 The key \"touch-action:\" is not recognized and ignored.">, #<Selenium::WebDriver::LogEntry:0x00007fd1fd70eca8 @level="WARNING", @timestamp=1619816872611, @message="https://sandhillsfarm.client-staging.deliverybizpro.com/admin/reports.php?report_type=checks_posted 7 The key \"-ms-touch-action:\" is not recognized and ignored.">]
Profit Report,2.004041910171509,[#<Selenium::WebDriver::LogEntry:0x00007fd1fd77f930 @level="WARNING", @timestamp=1619816878466, @message="https://sandhillsfarm.client-staging.deliverybizpro.com/admin/reports.php?report_type=profit 7 The key \"touch-action:\" is not recognized and ignored.">, #<Selenium::WebDriver::LogEntry:0x00007fd1fd77f908 @level="WARNING", @timestamp=1619816878466, @message="https://sandhillsfarm.client-staging.deliverybizpro.com/admin/reports.php?report_type=profit 7 The key \"-ms-touch-action:\" is not recognized and ignored.">]
Recent Payments Report,1.4680838584899902,[#<Selenium::WebDriver::LogEntry:0x00007fd1bd055af0 @level="WARNING", @timestamp=1619816884606, @message="https://sandhillsfarm.client-staging.deliverybizpro.com/admin/reports.php?report_type=delivery_payment 7 The key \"touch-action:\" is not recognized and ignored.">, #<Selenium::WebDriver::LogEntry:0x00007fd1bd055ac8 @level="WARNING", @timestamp=1619816884606, @message="https://sandhillsfarm.client-staging.deliverybizpro.com/admin/reports.php?report_type=delivery_payment 7 The key \"-ms-touch-action:\" is not recognized and ignored.">]
Show Currently Owed,2.5852608680725098,[#<Selenium::WebDriver::LogEntry:0x00007fd1af83fc38 @level="WARNING", @timestamp=1619816891251, @message="https://sandhillsfarm.client-staging.deliverybizpro.com/admin/reports.php?report_type=owed 7 The key \"touch-action:\" is not recognized and ignored.">, #<Selenium::WebDriver::LogEntry:0x00007fd1af83fc10 @level="WARNING", @timestamp=1619816891251, @message="https://sandhillsfarm.client-staging.deliverybizpro.com/admin/reports.php?report_type=owed 7 The key \"-ms-touch-action:\" is not recognized and ignored.">]
Taxes Report,1.5545992851257324,[#<Selenium::WebDriver::LogEntry:0x00007fd1cd054f78 @level="WARNING", @timestamp=1619816897149, @message="https://sandhillsfarm.client-staging.deliverybizpro.com/admin/reports.php?report_type=taxes 7 The key \"touch-action:\" is not recognized and ignored.">, #<Selenium::WebDriver::LogEntry:0x00007fd1cd054f50 @level="WARNING", @timestamp=1619816897149, @message="https://sandhillsfarm.client-staging.deliverybizpro.com/admin/reports.php?report_type=taxes 7 The key \"-ms-touch-action:\" is not recognized and ignored.">]
Product Reporting,1.0585238933563232,[]
Bagged Items Report,2.0131068229675293,[#<Selenium::WebDriver::LogEntry:0x00007fd1fe12b9e8 @level="WARNING", @timestamp=1619816908447, @message="https://sandhillsfarm.client-staging.deliverybizpro.com/admin/reports.php?report_type=bagged_items 7 The key \"touch-action:\" is not recognized and ignored.">, #<Selenium::WebDriver::LogEntry:0x00007fd1fe12b9c0 @level="WARNING", @timestamp=1619816908447, @message="https://sandhillsfarm.client-staging.deliverybizpro.com/admin/reports.php?report_type=bagged_items 7 The key \"-ms-touch-action:\" is not recognized and ignored.">]
Customized Products,1.8260469436645508,[#<Selenium::WebDriver::LogEntry:0x00007fd1cd0bf260 @level="WARNING", @timestamp=1619816914720, @message="https://sandhillsfarm.client-staging.deliverybizpro.com/admin/reports.php?report_type=customized_products 7 The key \"touch-action:\" is not recognized and ignored.">, #<Selenium::WebDriver::LogEntry:0x00007fd1cd0bf238 @level="WARNING", @timestamp=1619816914720, @message="https://sandhillsfarm.client-staging.deliverybizpro.com/admin/reports.php?report_type=customized_products 7 The key \"-ms-touch-action:\" is not recognized and ignored.">, #<Selenium::WebDriver::LogEntry:0x00007fd1cd0bf210 @level="SEVERE", @timestamp=1619816914904, @message="https://sandhillsfarm.client-staging.deliverybizpro.com/admin/skin1/admin/admin-modal.css - Failed to load resource: the server responded with a status of 404 ()">]
Forecast,61.86867713928223,[#<Selenium::WebDriver::LogEntry:0x00007fd1af8aa920 @level="WARNING", @timestamp=1619817041699, @message="https://sandhillsfarm.client-staging.deliverybizpro.com/admin/reports.php?report_type=forecast 7 The key \"touch-action:\" is not recognized and ignored.">, #<Selenium::WebDriver::LogEntry:0x00007fd1af8aa8f8 @level="WARNING", @timestamp=1619817041699, @message="https://sandhillsfarm.client-staging.deliverybizpro.com/admin/reports.php?report_type=forecast 7 The key \"-ms-touch-action:\" is not recognized and ignored.">]
Inventory,2.818122148513794,[#<Selenium::WebDriver::LogEntry:0x00007fd1ed196a10 @level="WARNING", @timestamp=1619817050268, @message="https://sandhillsfarm.client-staging.deliverybizpro.com/admin/reports.php?report_type=inventory&hide_disabled_inventory=Y 7 The key \"touch-action:\" is not recognized and ignored.">, #<Selenium::WebDriver::LogEntry:0x00007fd1ed1969e8 @level="WARNING", @timestamp=1619817050268, @message="https://sandhillsfarm.client-staging.deliverybizpro.com/admin/reports.php?report_type=inventory&hide_disabled_inventory=Y 7 The key \"-ms-touch-action:\" is not recognized and ignored.">]
Product Reporting,1.0760290622711182,[]
Load Sheet Report,1.583353042602539,[#<Selenium::WebDriver::LogEntry:0x00007fd1fd4481e0 @level="WARNING", @timestamp=1619817062126, @message="https://sandhillsfarm.client-staging.deliverybizpro.com/admin/reports.php?report_type=load_sheet 7 The key \"touch-action:\" is not recognized and ignored.">, #<Selenium::WebDriver::LogEntry:0x00007fd1fd4481b8 @level="WARNING", @timestamp=1619817062126, @message="https://sandhillsfarm.client-staging.deliverybizpro.com/admin/reports.php?report_type=load_sheet 7 The key \"-ms-touch-action:\" is not recognized and ignored.">]
Out Of Stock Report,1.6042299270629883,[#<Selenium::WebDriver::LogEntry:0x00007fd1fd915c40 @level="WARNING", @timestamp=1619817067968, @message="https://sandhillsfarm.client-staging.deliverybizpro.com/admin/reports.php?report_type=out_of_stock 7 The key \"touch-action:\" is not recognized and ignored.">, #<Selenium::WebDriver::LogEntry:0x00007fd1fd915858 @level="WARNING", @timestamp=1619817067968, @message="https://sandhillsfarm.client-staging.deliverybizpro.com/admin/reports.php?report_type=out_of_stock 7 The key \"-ms-touch-action:\" is not recognized and ignored.">, #<Selenium::WebDriver::LogEntry:0x00007fd1fd915808 @level="SEVERE", @timestamp=1619817068154, @message="https://sandhillsfarm.client-staging.deliverybizpro.com/admin/skin1/admin/admin-modal.css - Failed to load resource: the server responded with a status of 404 ()">]
Customer Reporting,60.10094618797302,[]
Customer Count Report,1.536876916885376,[#<Selenium::WebDriver::LogEntry:0x00007fd1fd6f59d8 @level="WARNING", @timestamp=1619817204178, @message="https://sandhillsfarm.client-staging.deliverybizpro.com/admin/reports.php?report_type=customer_count 7 The key \"touch-action:\" is not recognized and ignored.">, #<Selenium::WebDriver::LogEntry:0x00007fd1fd6f59b0 @level="WARNING", @timestamp=1619817204178, @message="https://sandhillsfarm.client-staging.deliverybizpro.com/admin/reports.php?report_type=customer_count 7 The key \"-ms-touch-action:\" is not recognized and ignored.">]
Customer Orders Count,1.5578360557556152,[#<Selenium::WebDriver::LogEntry:0x00007fd1fd764d60 @level="WARNING", @timestamp=1619817209953, @message="https://sandhillsfarm.client-staging.deliverybizpro.com/admin/reports.php?report_type=customer_orders 7 The key \"touch-action:\" is not recognized and ignored.">, #<Selenium::WebDriver::LogEntry:0x00007fd1fd764d38 @level="WARNING", @timestamp=1619817209953, @message="https://sandhillsfarm.client-staging.deliverybizpro.com/admin/reports.php?report_type=customer_orders 7 The key \"-ms-touch-action:\" is not recognized and ignored.">]
Deposit Report,1.5839307308197021,[#<Selenium::WebDriver::LogEntry:0x00007fd1fd7d7dd8 @level="WARNING", @timestamp=1619817215733, @message="https://sandhillsfarm.client-staging.deliverybizpro.com/admin/reports.php?report_type=bottle_deposit 7 The key \"touch-action:\" is not recognized and ignored.">, #<Selenium::WebDriver::LogEntry:0x00007fd1fd7d7a68 @level="WARNING", @timestamp=1619817215733, @message="https://sandhillsfarm.client-staging.deliverybizpro.com/admin/reports.php?report_type=bottle_deposit 7 The key \"-ms-touch-action:\" is not recognized and ignored.">]
Followup Report,1.6601688861846924,[#<Selenium::WebDriver::LogEntry:0x00007fd1af8274d0 @level="WARNING", @timestamp=1619817221591, @message="https://sandhillsfarm.client-staging.deliverybizpro.com/admin/reports.php?report_type=followup 7 The key \"touch-action:\" is not recognized and ignored.">, #<Selenium::WebDriver::LogEntry:0x00007fd1af8274a8 @level="WARNING", @timestamp=1619817221592, @message="https://sandhillsfarm.client-staging.deliverybizpro.com/admin/reports.php?report_type=followup 7 The key \"-ms-touch-action:\" is not recognized and ignored.">]
Friend Referral Report,1.4775218963623047,[#<Selenium::WebDriver::LogEntry:0x00007fd1cd019e78 @level="WARNING", @timestamp=1619817227463, @message="https://sandhillsfarm.client-staging.deliverybizpro.com/admin/reports.php?report_type=refer_friend 7 The key \"touch-action:\" is not recognized and ignored.">, #<Selenium::WebDriver::LogEntry:0x00007fd1cd019e50 @level="WARNING", @timestamp=1619817227463, @message="https://sandhillsfarm.client-staging.deliverybizpro.com/admin/reports.php?report_type=refer_friend 7 The key \"-ms-touch-action:\" is not recognized and ignored.">]
Minimum Order Report,1.5442829132080078,[#<Selenium::WebDriver::LogEntry:0x00007fd1ed113638 @level="WARNING", @timestamp=1619817233285, @message="https://sandhillsfarm.client-staging.deliverybizpro.com/admin/reports.php?report_type=min_order_report 7 The key \"touch-action:\" is not recognized and ignored.">, #<Selenium::WebDriver::LogEntry:0x00007fd1ed113610 @level="WARNING", @timestamp=1619817233285, @message="https://sandhillsfarm.client-staging.deliverybizpro.com/admin/reports.php?report_type=min_order_report 7 The key \"-ms-touch-action:\" is not recognized and ignored.">]
Negative Balances,2.307319164276123,[#<Selenium::WebDriver::LogEntry:0x00007fd1af87d718 @level="WARNING", @timestamp=1619817239845, @message="https://sandhillsfarm.client-staging.deliverybizpro.com/admin/reports.php?report_type=balance 7 The key \"touch-action:\" is not recognized and ignored.">, #<Selenium::WebDriver::LogEntry:0x00007fd1af87d6f0 @level="WARNING", @timestamp=1619817239845, @message="https://sandhillsfarm.client-staging.deliverybizpro.com/admin/reports.php?report_type=balance 7 The key \"-ms-touch-action:\" is not recognized and ignored.">]
New Customers,1.5583019256591797,[#<Selenium::WebDriver::LogEntry:0x00007fd1fe13b370 @level="WARNING", @timestamp=1619817245525, @message="https://sandhillsfarm.client-staging.deliverybizpro.com/admin/reports.php?report_type=new 7 The key \"touch-action:\" is not recognized and ignored.">, #<Selenium::WebDriver::LogEntry:0x00007fd1fe13b348 @level="WARNING", @timestamp=1619817245525, @message="https://sandhillsfarm.client-staging.deliverybizpro.com/admin/reports.php?report_type=new 7 The key \"-ms-touch-action:\" is not recognized and ignored.">]
No Order Customers Report,1.5700349807739258,[#<Selenium::WebDriver::LogEntry:0x00007fd1cd0d78b0 @level="WARNING", @timestamp=1619817253326, @message="https://sandhillsfarm.client-staging.deliverybizpro.com/admin/reports.php?report_type=no_orders 7 The key \"touch-action:\" is not recognized and ignored.">, #<Selenium::WebDriver::LogEntry:0x00007fd1cd0d7888 @level="WARNING", @timestamp=1619817253326, @message="https://sandhillsfarm.client-staging.deliverybizpro.com/admin/reports.php?report_type=no_orders 7 The key \"-ms-touch-action:\" is not recognized and ignored.">]
No Payment Customers,3.406822919845581,[#<Selenium::WebDriver::LogEntry:0x00007fd1bd07ee00 @level="WARNING", @timestamp=1619817261001, @message="https://sandhillsfarm.client-staging.deliverybizpro.com/admin/reports.php?report_type=not_paid 7 The key \"touch-action:\" is not recognized and ignored.">, #<Selenium::WebDriver::LogEntry:0x00007fd1bd07edd8 @level="WARNING", @timestamp=1619817261001, @message="https://sandhillsfarm.client-staging.deliverybizpro.com/admin/reports.php?report_type=not_paid 7 The key \"-ms-touch-action:\" is not recognized and ignored.">]
Customer Reporting,1.0571892261505127,[]
On Hold Report,1.7997181415557861,[#<Selenium::WebDriver::LogEntry:0x00007fd1fd3a1e58 @level="WARNING", @timestamp=1619817272399, @message="https://sandhillsfarm.client-staging.deliverybizpro.com/admin/reports.php?report_type=on_hold 7 The key \"touch-action:\" is not recognized and ignored.">, #<Selenium::WebDriver::LogEntry:0x00007fd1fd3a1d68 @level="WARNING", @timestamp=1619817272399, @message="https://sandhillsfarm.client-staging.deliverybizpro.com/admin/reports.php?report_type=on_hold 7 The key \"-ms-touch-action:\" is not recognized and ignored.">]
Past Due Customers,1.4932422637939453,[#<Selenium::WebDriver::LogEntry:0x00007fd1fd614758 @level="WARNING", @timestamp=1619817278152, @message="https://sandhillsfarm.client-staging.deliverybizpro.com/admin/reports.php?report_type=due 7 The key \"touch-action:\" is not recognized and ignored.">, #<Selenium::WebDriver::LogEntry:0x00007fd1fd614640 @level="WARNING", @timestamp=1619817278152, @message="https://sandhillsfarm.client-staging.deliverybizpro.com/admin/reports.php?report_type=due 7 The key \"-ms-touch-action:\" is not recognized and ignored.">]
Customer Reporting,1.0575389862060547,[]
Recurring Order Report,1.5659189224243164,[#<Selenium::WebDriver::LogEntry:0x00007fd1fd6bd2e0 @level="WARNING", @timestamp=1619817289161, @message="https://sandhillsfarm.client-staging.deliverybizpro.com/admin/reports.php?report_type=recurring_orders 7 The key \"touch-action:\" is not recognized and ignored.">, #<Selenium::WebDriver::LogEntry:0x00007fd1fd6bd2b8 @level="WARNING", @timestamp=1619817289162, @message="https://sandhillsfarm.client-staging.deliverybizpro.com/admin/reports.php?report_type=recurring_orders 7 The key \"-ms-touch-action:\" is not recognized and ignored.">]
Retention Report,1.5701289176940918,[#<Selenium::WebDriver::LogEntry:0x00007fd1fd736d20 @level="WARNING", @timestamp=1619817294972, @message="https://sandhillsfarm.client-staging.deliverybizpro.com/admin/reports.php?report_type=customer_retention 7 The key \"touch-action:\" is not recognized and ignored.">, #<Selenium::WebDriver::LogEntry:0x00007fd1fd736cf8 @level="WARNING", @timestamp=1619817294972, @message="https://sandhillsfarm.client-staging.deliverybizpro.com/admin/reports.php?report_type=customer_retention 7 The key \"-ms-touch-action:\" is not recognized and ignored.">]
Show Inactive Customers,1.5190258026123047,[#<Selenium::WebDriver::LogEntry:0x00007fd1fd78c798 @level="WARNING", @timestamp=1619817302818, @message="https://sandhillsfarm.client-staging.deliverybizpro.com/admin/reports.php?report_type=inactive_customers 7 The key \"touch-action:\" is not recognized and ignored.">, #<Selenium::WebDriver::LogEntry:0x00007fd1fd78c770 @level="WARNING", @timestamp=1619817302818, @message="https://sandhillsfarm.client-staging.deliverybizpro.com/admin/reports.php?report_type=inactive_customers 7 The key \"-ms-touch-action:\" is not recognized and ignored.">]
Total Customers Report,60.52031993865967,[#<Selenium::WebDriver::LogEntry:0x00007fd1fd7e5f50 @level="WARNING", @timestamp=1619817428609, @message="https://sandhillsfarm.client-staging.deliverybizpro.com/admin/reports.php?report_type=total_customers 7 The key \"touch-action:\" is not recognized and ignored.">, #<Selenium::WebDriver::LogEntry:0x00007fd1fd7e5ed8 @level="WARNING", @timestamp=1619817428610, @message="https://sandhillsfarm.client-staging.deliverybizpro.com/admin/reports.php?report_type=total_customers 7 The key \"-ms-touch-action:\" is not recognized and ignored.">]
Vacation Report,1.8342299461364746,[#<Selenium::WebDriver::LogEntry:0x00007fd1af85f448 @level="WARNING", @timestamp=1619817434667, @message="https://sandhillsfarm.client-staging.deliverybizpro.com/admin/reports.php?report_type=vacation 7 The key \"touch-action:\" is not recognized and ignored.">, #<Selenium::WebDriver::LogEntry:0x00007fd1af85f420 @level="WARNING", @timestamp=1619817434667, @message="https://sandhillsfarm.client-staging.deliverybizpro.com/admin/reports.php?report_type=vacation 7 The key \"-ms-touch-action:\" is not recognized and ignored.">]
Misc. Reporting,1.053626298904419,[]
Contact Us Report,1.580923080444336,[#<Selenium::WebDriver::LogEntry:0x00007fd1ed133848 @level="WARNING", @timestamp=1619817450754, @message="https://sandhillsfarm.client-staging.deliverybizpro.com/admin/reports.php?report_type=contact_us 7 The key \"touch-action:\" is not recognized and ignored.">, #<Selenium::WebDriver::LogEntry:0x00007fd1ed133820 @level="WARNING", @timestamp=1619817450754, @message="https://sandhillsfarm.client-staging.deliverybizpro.com/admin/reports.php?report_type=contact_us 7 The key \"-ms-touch-action:\" is not recognized and ignored.">]
Coupon Usage,1.501479148864746,[#<Selenium::WebDriver::LogEntry:0x00007fd1cd0b08a0 @level="WARNING", @timestamp=1619817456591, @message="https://sandhillsfarm.client-staging.deliverybizpro.com/admin/reports.php?report_type=coupons 7 The key \"touch-action:\" is not recognized and ignored.">, #<Selenium::WebDriver::LogEntry:0x00007fd1cd0b0878 @level="WARNING", @timestamp=1619817456591, @message="https://sandhillsfarm.client-staging.deliverybizpro.com/admin/reports.php?report_type=coupons 7 The key \"-ms-touch-action:\" is not recognized and ignored.">]
Missing Orders,60.627612829208374,[#<Selenium::WebDriver::LogEntry:0x00007fd1cd0c8068 @level="WARNING", @timestamp=1619817582417, @message="https://sandhillsfarm.client-staging.deliverybizpro.com/admin/reports.php?report_type=missing_orders 7 The key \"touch-action:\" is not recognized and ignored.">, #<Selenium::WebDriver::LogEntry:0x00007fd1cd0c8040 @level="WARNING", @timestamp=1619817582418, @message="https://sandhillsfarm.client-staging.deliverybizpro.com/admin/reports.php?report_type=missing_orders 7 The key \"-ms-touch-action:\" is not recognized and ignored.">, #<Selenium::WebDriver::LogEntry:0x00007fd1cd0c8018 @level="SEVERE", @timestamp=1619817582585, @message="https://sandhillsfarm.client-staging.deliverybizpro.com/admin/skin1/admin/admin-modal.css - Failed to load resource: the server responded with a status of 404 ()">]
Coupons,1.4664978981018066,[#<Selenium::WebDriver::LogEntry:0x00007fd1ed18a8a0 @level="WARNING", @timestamp=1619817594241, @message="https://sandhillsfarm.client-staging.deliverybizpro.com/admin/discount_coupons.php 7 The key \"touch-action:\" is not recognized and ignored.">, #<Selenium::WebDriver::LogEntry:0x00007fd1ed18a878 @level="WARNING", @timestamp=1619817594241, @message="https://sandhillsfarm.client-staging.deliverybizpro.com/admin/discount_coupons.php 7 The key \"-ms-touch-action:\" is not recognized and ignored.">, #<Selenium::WebDriver::LogEntry:0x00007fd1ed18a850 @level="WARNING", @timestamp=1619817595363, @message="https://sandhillsfarm.client-staging.deliverybizpro.com/admin/discount_coupons.php - [DOM] Found 2 elements with non-unique id #action_value: (More info: https://goo.gl/9p2vKq) %o %o">]
Coupon Events,1.4725990295410156,[#<Selenium::WebDriver::LogEntry:0x00007fd1cd11ec88 @level="WARNING", @timestamp=1619817601974, @message="https://sandhillsfarm.client-staging.deliverybizpro.com/admin/coupon_events.php 7 The key \"touch-action:\" is not recognized and ignored.">, #<Selenium::WebDriver::LogEntry:0x00007fd1cd11ec60 @level="WARNING", @timestamp=1619817601974, @message="https://sandhillsfarm.client-staging.deliverybizpro.com/admin/coupon_events.php 7 The key \"-ms-touch-action:\" is not recognized and ignored.">]
Countdown Products,1.473297119140625,[#<Selenium::WebDriver::LogEntry:0x00007fd1fd372900 @level="WARNING", @timestamp=1619817609729, @message="https://sandhillsfarm.client-staging.deliverybizpro.com/admin/reports.php?report_type=countdown_mgmt 7 The key \"touch-action:\" is not recognized and ignored.">, #<Selenium::WebDriver::LogEntry:0x00007fd1fd371fa0 @level="WARNING", @timestamp=1619817609729, @message="https://sandhillsfarm.client-staging.deliverybizpro.com/admin/reports.php?report_type=countdown_mgmt 7 The key \"-ms-touch-action:\" is not recognized and ignored.">]
Global Discounts,1.7617762088775635,[#<Selenium::WebDriver::LogEntry:0x00007fd1fd5f5e98 @level="WARNING", @timestamp=1619817615524, @message="https://sandhillsfarm.client-staging.deliverybizpro.com/provider/discounts.php 7 The key \"touch-action:\" is not recognized and ignored.">, #<Selenium::WebDriver::LogEntry:0x00007fd1fd5f5ce0 @level="WARNING", @timestamp=1619817615524, @message="https://sandhillsfarm.client-staging.deliverybizpro.com/provider/discounts.php 7 The key \"-ms-touch-action:\" is not recognized and ignored.">]
Featured Products,2.312778949737549,[#<Selenium::WebDriver::LogEntry:0x00007fd1fd6651f8 @level="WARNING", @timestamp=1619817623497, @message="https://sandhillsfarm.client-staging.deliverybizpro.com/admin/products?search_criteria=featured_product 7 The key \"touch-action:\" is not recognized and ignored.">, #<Selenium::WebDriver::LogEntry:0x00007fd1fd6651d0 @level="WARNING", @timestamp=1619817623497, @message="https://sandhillsfarm.client-staging.deliverybizpro.com/admin/products?search_criteria=featured_product 7 The key \"-ms-touch-action:\" is not recognized and ignored.">, #<Selenium::WebDriver::LogEntry:0x00007fd1fd6651a8 @level="WARNING", @timestamp=1619817624382, @message="https://sandhillsfarm.client-staging.deliverybizpro.com/admin/products?search_criteria=featured_product - [DOM] Found 2 elements with non-unique id #collapse-quantity: (More info: https://goo.gl/9p2vKq) %o %o">]
Sale Items,1.7008180618286133,[#<Selenium::WebDriver::LogEntry:0x00007fd1fd6c67a0 @level="WARNING", @timestamp=1619817632099, @message="https://sandhillsfarm.client-staging.deliverybizpro.com/admin/products?search_criteria=sale_item 7 The key \"touch-action:\" is not recognized and ignored.">, #<Selenium::WebDriver::LogEntry:0x00007fd1fd6c6750 @level="WARNING", @timestamp=1619817632099, @message="https://sandhillsfarm.client-staging.deliverybizpro.com/admin/products?search_criteria=sale_item 7 The key \"-ms-touch-action:\" is not recognized and ignored.">, #<Selenium::WebDriver::LogEntry:0x00007fd1fd6c6728 @level="WARNING", @timestamp=1619817632372, @message="https://sandhillsfarm.client-staging.deliverybizpro.com/admin/products?search_criteria=sale_item - [DOM] Found 2 elements with non-unique id #collapse-quantity: (More info: https://goo.gl/9p2vKq) %o %o">]
Manage Cross-Selling,1.4764153957366943,[#<Selenium::WebDriver::LogEntry:0x00007fd1fd72fb88 @level="WARNING", @timestamp=1619817640025, @message="https://sandhillsfarm.client-staging.deliverybizpro.com/admin/reports.php?report_type=upselling 7 The key \"touch-action:\" is not recognized and ignored.">, #<Selenium::WebDriver::LogEntry:0x00007fd1fd72fb60 @level="WARNING", @timestamp=1619817640025, @message="https://sandhillsfarm.client-staging.deliverybizpro.com/admin/reports.php?report_type=upselling 7 The key \"-ms-touch-action:\" is not recognized and ignored.">]
First Time Order Specials,1.5528502464294434,[#<Selenium::WebDriver::LogEntry:0x00007fd1fd7954d8 @level="WARNING", @timestamp=1619817645817, @message="https://sandhillsfarm.client-staging.deliverybizpro.com/admin/products?search_criteria=first_time_order 7 The key \"touch-action:\" is not recognized and ignored.">, #<Selenium::WebDriver::LogEntry:0x00007fd1fd7954b0 @level="WARNING", @timestamp=1619817645817, @message="https://sandhillsfarm.client-staging.deliverybizpro.com/admin/products?search_criteria=first_time_order 7 The key \"-ms-touch-action:\" is not recognized and ignored.">, #<Selenium::WebDriver::LogEntry:0x00007fd1fd795488 @level="WARNING", @timestamp=1619817645937, @message="https://sandhillsfarm.client-staging.deliverybizpro.com/admin/products?search_criteria=first_time_order - [DOM] Found 2 elements with non-unique id #collapse-quantity: (More info: https://goo.gl/9p2vKq) %o %o">]
Search Orders,1.82572603225708,[#<Selenium::WebDriver::LogEntry:0x00007fd1cd035150 @level="WARNING", @timestamp=1619817653585, @message="https://sandhillsfarm.client-staging.deliverybizpro.com/admin/orders.php 7 The key \"touch-action:\" is not recognized and ignored.">, #<Selenium::WebDriver::LogEntry:0x00007fd1cd035128 @level="WARNING", @timestamp=1619817653585, @message="https://sandhillsfarm.client-staging.deliverybizpro.com/admin/orders.php 7 The key \"-ms-touch-action:\" is not recognized and ignored.">]
This Week's Orders,1.9968938827514648,[#<Selenium::WebDriver::LogEntry:0x00007fd1af84f660 @level="WARNING", @timestamp=1619817665968, @message="https://sandhillsfarm.client-staging.deliverybizpro.com/admin/orders.php?mode=search 7 The key \"touch-action:\" is not recognized and ignored.">, #<Selenium::WebDriver::LogEntry:0x00007fd1af84f638 @level="WARNING", @timestamp=1619817665968, @message="https://sandhillsfarm.client-staging.deliverybizpro.com/admin/orders.php?mode=search 7 The key \"-ms-touch-action:\" is not recognized and ignored.">]
Next Week's Orders,2.1452107429504395,[#<Selenium::WebDriver::LogEntry:0x00007fd1cd05d998 @level="WARNING", @timestamp=1619817674355, @message="https://sandhillsfarm.client-staging.deliverybizpro.com/admin/orders.php?mode=search 7 The key \"touch-action:\" is not recognized and ignored.">, #<Selenium::WebDriver::LogEntry:0x00007fd1cd05d970 @level="WARNING", @timestamp=1619817674355, @message="https://sandhillsfarm.client-staging.deliverybizpro.com/admin/orders.php?mode=search 7 The key \"-ms-touch-action:\" is not recognized and ignored.">]
Create Purchase Order,1.816765308380127,[#<Selenium::WebDriver::LogEntry:0x00007fd1ed1226d8 @level="WARNING", @timestamp=1619817682345, @message="https://sandhillsfarm.client-staging.deliverybizpro.com/admin/router.php#/adv-purchase-order/create 7 The key \"touch-action:\" is not recognized and ignored.">, #<Selenium::WebDriver::LogEntry:0x00007fd1ed1226b0 @level="WARNING", @timestamp=1619817682345, @message="https://sandhillsfarm.client-staging.deliverybizpro.com/admin/router.php#/adv-purchase-order/create 7 The key \"-ms-touch-action:\" is not recognized and ignored.">]
View Purchase Orders,1.079456090927124,[]
Autoresponders,2.210667848587036,[#<Selenium::WebDriver::LogEntry:0x00007fd1fd96beb0 @level="WARNING", @timestamp=1619817698434, @message="https://sandhillsfarm.client-staging.deliverybizpro.com/admin/news.php?mode=messages&targetlist=2 7 The key \"touch-action:\" is not recognized and ignored.">, #<Selenium::WebDriver::LogEntry:0x00007fd1fd96be88 @level="WARNING", @timestamp=1619817698434, @message="https://sandhillsfarm.client-staging.deliverybizpro.com/admin/news.php?mode=messages&targetlist=2 7 The key \"-ms-touch-action:\" is not recognized and ignored.">]
Unsubscribers,1.747818946838379,[#<Selenium::WebDriver::LogEntry:0x00007fd1cd0f3b00 @level="WARNING", @timestamp=1619817718423, @message="https://sandhillsfarm.client-staging.deliverybizpro.com/admin/unsubscribers 7 The key \"touch-action:\" is not recognized and ignored.">, #<Selenium::WebDriver::LogEntry:0x00007fd1cd0f3ad8 @level="WARNING", @timestamp=1619817718423, @message="https://sandhillsfarm.client-staging.deliverybizpro.com/admin/unsubscribers 7 The key \"-ms-touch-action:\" is not recognized and ignored.">]
Edit Static Pages,1.6268947124481201,[#<Selenium::WebDriver::LogEntry:0x00007fd1cd0fc020 @level="WARNING", @timestamp=1619817726297, @message="https://sandhillsfarm.client-staging.deliverybizpro.com/admin/pages.php 7 The key \"touch-action:\" is not recognized and ignored.">, #<Selenium::WebDriver::LogEntry:0x00007fd1cd107fb0 @level="WARNING", @timestamp=1619817726298, @message="https://sandhillsfarm.client-staging.deliverybizpro.com/admin/pages.php 7 The key \"-ms-touch-action:\" is not recognized and ignored.">]
Manage Files,2.2335379123687744,[#<Selenium::WebDriver::LogEntry:0x00007fd1fd2a0770 @level="WARNING", @timestamp=1619817734209, @message="https://sandhillsfarm.client-staging.deliverybizpro.com/admin/files.php 7 The key \"touch-action:\" is not recognized and ignored.">, #<Selenium::WebDriver::LogEntry:0x00007fd1fd2abd00 @level="WARNING", @timestamp=1619817734209, @message="https://sandhillsfarm.client-staging.deliverybizpro.com/admin/files.php 7 The key \"-ms-touch-action:\" is not recognized and ignored.">]
FAQ,1.5130372047424316,[#<Selenium::WebDriver::LogEntry:0x00007fd1fd5d7ce0 @level="WARNING", @timestamp=1619817750808, @message="https://sandhillsfarm.client-staging.deliverybizpro.com/admin/faq 7 The key \"touch-action:\" is not recognized and ignored.">, #<Selenium::WebDriver::LogEntry:0x00007fd1fd5d7cb8 @level="WARNING", @timestamp=1619817750809, @message="https://sandhillsfarm.client-staging.deliverybizpro.com/admin/faq 7 The key \"-ms-touch-action:\" is not recognized and ignored.">]
Company Settings,2.40987491607666,[#<Selenium::WebDriver::LogEntry:0x00007fd1fd667f70 @level="WARNING", @timestamp=1619817758570, @message="https://sandhillsfarm.client-staging.deliverybizpro.com/admin/company.php 7 The key \"touch-action:\" is not recognized and ignored.">, #<Selenium::WebDriver::LogEntry:0x00007fd1fd667f20 @level="WARNING", @timestamp=1619817758570, @message="https://sandhillsfarm.client-staging.deliverybizpro.com/admin/company.php 7 The key \"-ms-touch-action:\" is not recognized and ignored.">, #<Selenium::WebDriver::LogEntry:0x00007fd1fd667ed0 @level="SEVERE", @timestamp=1619817759479, @message="https://sandhillsfarm.client-staging.deliverybizpro.com/skin1/css/structure.css?v=4.9.2 - Failed to load resource: the server responded with a status of 404 ()">, #<Selenium::WebDriver::LogEntry:0x00007fd1fd667ea8 @level="SEVERE", @timestamp=1619817760566, @message="https://sandhillsfarm.client-staging.deliverybizpro.com/skin1/css/structure.css?v=4.9.2 - Failed to load resource: the server responded with a status of 404 ()">, #<Selenium::WebDriver::LogEntry:0x00007fd1fd667e80 @level="SEVERE", @timestamp=1619817760566, @message="https://sandhillsfarm.client-staging.deliverybizpro.com/skin1/css/structure.css?v=4.9.2 - Failed to load resource: the server responded with a status of 404 ()">, #<Selenium::WebDriver::LogEntry:0x00007fd1fd667e58 @level="SEVERE", @timestamp=1619817760566, @message="https://sandhillsfarm.client-staging.deliverybizpro.com/skin1/css/structure.css?v=4.9.2 - Failed to load resource: the server responded with a status of 404 ()">, #<Selenium::WebDriver::LogEntry:0x00007fd1fd667e30 @level="SEVERE", @timestamp=1619817760566, @message="https://sandhillsfarm.client-staging.deliverybizpro.com/skin1/css/structure.css?v=4.9.2 - Failed to load resource: the server responded with a status of 404 ()">, #<Selenium::WebDriver::LogEntry:0x00007fd1fd667e08 @level="SEVERE", @timestamp=1619817760566, @message="https://sandhillsfarm.client-staging.deliverybizpro.com/skin1/css/structure.css?v=4.9.2 - Failed to load resource: the server responded with a status of 404 ()">]
States/Counties,1.5902299880981445,[#<Selenium::WebDriver::LogEntry:0x00007fd1fd6bce58 @level="WARNING", @timestamp=1619817764042, @message="https://maps.googleapis.com/maps-api-v3/api/js/44/12/util.js 227:26 \"Google Maps JavaScript API warning: NoApiKeys https://developers.google.com/maps/documentation/javascript/error-messages#no-api-keys\"">, #<Selenium::WebDriver::LogEntry:0x00007fd1fd6bce30 @level="WARNING", @timestamp=1619817764042, @message="https://maps.googleapis.com/maps-api-v3/api/js/44/12/util.js 227:26 \"Google Maps JavaScript API warning: InvalidKey https://developers.google.com/maps/documentation/javascript/error-messages#invalid-key\"">, #<Selenium::WebDriver::LogEntry:0x00007fd1fd6bce08 @level="WARNING", @timestamp=1619817767214, @message="https://sandhillsfarm.client-staging.deliverybizpro.com/admin/states.php 7 The key \"touch-action:\" is not recognized and ignored.">, #<Selenium::WebDriver::LogEntry:0x00007fd1fd6bcde0 @level="WARNING", @timestamp=1619817767214, @message="https://sandhillsfarm.client-staging.deliverybizpro.com/admin/states.php 7 The key \"-ms-touch-action:\" is not recognized and ignored.">]
Taxes,1.0528209209442139,[]
Taxing Zones,1.4898529052734375,[#<Selenium::WebDriver::LogEntry:0x00007fd1fd786a28 @level="WARNING", @timestamp=1619817782351, @message="https://sandhillsfarm.client-staging.deliverybizpro.com/admin/zones.php 7 The key \"touch-action:\" is not recognized and ignored.">, #<Selenium::WebDriver::LogEntry:0x00007fd1fd7869d8 @level="WARNING", @timestamp=1619817782351, @message="https://sandhillsfarm.client-staging.deliverybizpro.com/admin/zones.php 7 The key \"-ms-touch-action:\" is not recognized and ignored.">]
Taxing System,1.471682071685791,[#<Selenium::WebDriver::LogEntry:0x00007fd1bd055ac8 @level="WARNING", @timestamp=1619817790058, @message="https://sandhillsfarm.client-staging.deliverybizpro.com/admin/taxes.php 7 The key \"touch-action:\" is not recognized and ignored.">, #<Selenium::WebDriver::LogEntry:0x00007fd1bd055aa0 @level="WARNING", @timestamp=1619817790058, @message="https://sandhillsfarm.client-staging.deliverybizpro.com/admin/taxes.php 7 The key \"-ms-touch-action:\" is not recognized and ignored.">]
Minimum Orders Settings,1.6550359725952148,[#<Selenium::WebDriver::LogEntry:0x00007fd1af82e6e0 @level="WARNING", @timestamp=1619817797773, @message="https://sandhillsfarm.client-staging.deliverybizpro.com/admin/min_orders_settings.php 7 The key \"touch-action:\" is not recognized and ignored.">, #<Selenium::WebDriver::LogEntry:0x00007fd1af82e6b8 @level="WARNING", @timestamp=1619817797773, @message="https://sandhillsfarm.client-staging.deliverybizpro.com/admin/min_orders_settings.php 7 The key \"-ms-touch-action:\" is not recognized and ignored.">]
Zip Codes,1.4680380821228027,[#<Selenium::WebDriver::LogEntry:0x00007fd1cd01aee0 @level="WARNING", @timestamp=1619817805724, @message="https://sandhillsfarm.client-staging.deliverybizpro.com/admin/zip_codes.php 7 The key \"touch-action:\" is not recognized and ignored.">, #<Selenium::WebDriver::LogEntry:0x00007fd1cd01aeb8 @level="WARNING", @timestamp=1619817805724, @message="https://sandhillsfarm.client-staging.deliverybizpro.com/admin/zip_codes.php 7 The key \"-ms-touch-action:\" is not recognized and ignored.">, #<Selenium::WebDriver::LogEntry:0x00007fd1cd01ae90 @level="WARNING", @timestamp=1619817805839, @message="https://sandhillsfarm.client-staging.deliverybizpro.com/admin/zip_codes.php - [DOM] Found 2 elements with non-unique id #zip_delivery_type: (More info: https://goo.gl/9p2vKq) %o %o">]
Fees,1.0524578094482422,[]
Settings,1.0468621253967285,[]
Store Locations,1.8492600917816162,[#<Selenium::WebDriver::LogEntry:0x00007fd1cd0be018 @level="WARNING", @timestamp=1619817836119, @message="https://sandhillsfarm.client-staging.deliverybizpro.com/admin/stores.php 7 The key \"touch-action:\" is not recognized and ignored.">, #<Selenium::WebDriver::LogEntry:0x00007fd1cd0bdff0 @level="WARNING", @timestamp=1619817836119, @message="https://sandhillsfarm.client-staging.deliverybizpro.com/admin/stores.php 7 The key \"-ms-touch-action:\" is not recognized and ignored.">]
DBP Settings,1.792673110961914,[#<Selenium::WebDriver::LogEntry:0x00007fd1af89e4b8 @level="WARNING", @timestamp=1619817844222, @message="https://sandhillsfarm.client-staging.deliverybizpro.com/admin/dbp_settings.php 7 The key \"touch-action:\" is not recognized and ignored.">, #<Selenium::WebDriver::LogEntry:0x00007fd1af89e490 @level="WARNING", @timestamp=1619817844222, @message="https://sandhillsfarm.client-staging.deliverybizpro.com/admin/dbp_settings.php 7 The key \"-ms-touch-action:\" is not recognized and ignored.">]
DBP Billing,1.8981990814208984,[#<Selenium::WebDriver::LogEntry:0x00007fd1bd086600 @level="WARNING", @timestamp=1619817852453, @message="https://sandhillsfarm.client-staging.deliverybizpro.com/admin/dbp_billing.php 7 The key \"touch-action:\" is not recognized and ignored.">, #<Selenium::WebDriver::LogEntry:0x00007fd1bd0865d8 @level="WARNING", @timestamp=1619817852453, @message="https://sandhillsfarm.client-staging.deliverybizpro.com/admin/dbp_billing.php 7 The key \"-ms-touch-action:\" is not recognized and ignored.">]
Countries,1.4940621852874756,[#<Selenium::WebDriver::LogEntry:0x00007fd1ed1aeac0 @level="WARNING", @timestamp=1619817860409, @message="https://sandhillsfarm.client-staging.deliverybizpro.com/admin/countries.php 7 The key \"touch-action:\" is not recognized and ignored.">, #<Selenium::WebDriver::LogEntry:0x00007fd1ed1aea98 @level="WARNING", @timestamp=1619817860409, @message="https://sandhillsfarm.client-staging.deliverybizpro.com/admin/countries.php 7 The key \"-ms-touch-action:\" is not recognized and ignored.">]
States,1.5152630805969238,[#<Selenium::WebDriver::LogEntry:0x00007fd1fd48b0f8 @level="WARNING", @timestamp=1619817868114, @message="https://sandhillsfarm.client-staging.deliverybizpro.com/admin/states.php 7 The key \"touch-action:\" is not recognized and ignored.">, #<Selenium::WebDriver::LogEntry:0x00007fd1fd48b008 @level="WARNING", @timestamp=1619817868115, @message="https://sandhillsfarm.client-staging.deliverybizpro.com/admin/states.php 7 The key \"-ms-touch-action:\" is not recognized and ignored.">]
Settings,1.0532541275024414,[]
Export/Import Cities,1.4995288848876953,[#<Selenium::WebDriver::LogEntry:0x00007fd1fd674860 @level="WARNING", @timestamp=1619817883200, @message="https://sandhillsfarm.client-staging.deliverybizpro.com/admin/cities_export_import.php 7 The key \"touch-action:\" is not recognized and ignored.">, #<Selenium::WebDriver::LogEntry:0x00007fd1fd674838 @level="WARNING", @timestamp=1619817883201, @message="https://sandhillsfarm.client-staging.deliverybizpro.com/admin/cities_export_import.php 7 The key \"-ms-touch-action:\" is not recognized and ignored.">]
Summary,1.4587109088897705,[#<Selenium::WebDriver::LogEntry:0x00007fd1fd6d5f70 @level="WARNING", @timestamp=1619817890897, @message="https://sandhillsfarm.client-staging.deliverybizpro.com/admin/general.php 7 The key \"touch-action:\" is not recognized and ignored.">, #<Selenium::WebDriver::LogEntry:0x00007fd1fd6d5f48 @level="WARNING", @timestamp=1619817890897, @message="https://sandhillsfarm.client-staging.deliverybizpro.com/admin/general.php 7 The key \"-ms-touch-action:\" is not recognized and ignored.">]
Credit card types,1.4647510051727295,[#<Selenium::WebDriver::LogEntry:0x00007fd1fd73d418 @level="WARNING", @timestamp=1619817898607, @message="https://sandhillsfarm.client-staging.deliverybizpro.com/admin/card_types.php 7 The key \"touch-action:\" is not recognized and ignored.">, #<Selenium::WebDriver::LogEntry:0x00007fd1fd73d3f0 @level="WARNING", @timestamp=1619817898607, @message="https://sandhillsfarm.client-staging.deliverybizpro.com/admin/card_types.php 7 The key \"-ms-touch-action:\" is not recognized and ignored.">]
General Settings,1.7756397724151611,[#<Selenium::WebDriver::LogEntry:0x00007fd1fd79f078 @level="WARNING", @timestamp=1619817906410, @message="https://sandhillsfarm.client-staging.deliverybizpro.com/admin/configuration 7 The key \"touch-action:\" is not recognized and ignored.">, #<Selenium::WebDriver::LogEntry:0x00007fd1fd79f050 @level="WARNING", @timestamp=1619817906410, @message="https://sandhillsfarm.client-staging.deliverybizpro.com/admin/configuration 7 The key \"-ms-touch-action:\" is not recognized and ignored.">]
Languages,1.5644071102142334,[#<Selenium::WebDriver::LogEntry:0x00007fd1fd7dee08 @level="WARNING", @timestamp=1619817914418, @message="https://sandhillsfarm.client-staging.deliverybizpro.com/admin/languages.php 7 The key \"touch-action:\" is not recognized and ignored.">, #<Selenium::WebDriver::LogEntry:0x00007fd1fd7dedb8 @level="WARNING", @timestamp=1619817914418, @message="https://sandhillsfarm.client-staging.deliverybizpro.com/admin/languages.php 7 The key \"-ms-touch-action:\" is not recognized and ignored.">, #<Selenium::WebDriver::LogEntry:0x00007fd1fd7ded90 @level="SEVERE", @timestamp=1619817914563, @message="https://sandhillsfarm.client-staging.deliverybizpro.com/tinymce/tiny_mce.js - Failed to load resource: the server responded with a status of 404 ()">]
Modules,2.2557849884033203,[#<Selenium::WebDriver::LogEntry:0x00007fd1af846c18 @level="WARNING", @timestamp=1619817922368, @message="https://sandhillsfarm.client-staging.deliverybizpro.com/admin/modules.php 7 The key \"touch-action:\" is not recognized and ignored.">, #<Selenium::WebDriver::LogEntry:0x00007fd1af846bf0 @level="WARNING", @timestamp=1619817922369, @message="https://sandhillsfarm.client-staging.deliverybizpro.com/admin/modules.php 7 The key \"-ms-touch-action:\" is not recognized and ignored.">]
Payment Methods,1.760636806488037,[#<Selenium::WebDriver::LogEntry:0x00007fd1cd054dc0 @level="WARNING", @timestamp=1619817930742, @message="https://sandhillsfarm.client-staging.deliverybizpro.com/admin/payment_methods.php 7 The key \"touch-action:\" is not recognized and ignored.">, #<Selenium::WebDriver::LogEntry:0x00007fd1cd054d98 @level="WARNING", @timestamp=1619817930742, @message="https://sandhillsfarm.client-staging.deliverybizpro.com/admin/payment_methods.php 7 The key \"-ms-touch-action:\" is not recognized and ignored.">]
Clear templates cache,3.1212878227233887,[#<Selenium::WebDriver::LogEntry:0x00007fd1ed11a848 @level="WARNING", @timestamp=1619817940410, @message="https://sandhillsfarm.client-staging.deliverybizpro.com/admin/general.php 7 The key \"touch-action:\" is not recognized and ignored.">, #<Selenium::WebDriver::LogEntry:0x00007fd1ed11a7f8 @level="WARNING", @timestamp=1619817940410, @message="https://sandhillsfarm.client-staging.deliverybizpro.com/admin/general.php 7 The key \"-ms-touch-action:\" is not recognized and ignored.">]
System Logs,1.0473990440368652,[]
Inventory,1.734894037246704,[#<Selenium::WebDriver::LogEntry:0x00007fd1af826080 @level="WARNING", @timestamp=1619817954071, @message="https://sandhillsfarm.client-staging.deliverybizpro.com/admin/general.php 7 The key \"touch-action:\" is not recognized and ignored.">, #<Selenium::WebDriver::LogEntry:0x00007fd1af826058 @level="WARNING", @timestamp=1619817954071, @message="https://sandhillsfarm.client-staging.deliverybizpro.com/admin/general.php 7 The key \"-ms-touch-action:\" is not recognized and ignored.">, #<Selenium::WebDriver::LogEntry:0x00007fd1af826030 @level="WARNING", @timestamp=1619818945013, @message="https://sandhillsfarm.client-staging.deliverybizpro.com/admin/dbp_overview.php 7 The key \"touch-action:\" is not recognized and ignored.">, #<Selenium::WebDriver::LogEntry:0x00007fd1af826008 @level="WARNING", @timestamp=1619818945013, @message="https://sandhillsfarm.client-staging.deliverybizpro.com/admin/dbp_overview.php 7 The key \"-ms-touch-action:\" is not recognized and ignored.">, #<Selenium::WebDriver::LogEntry:0x00007fd1af825fe0 @level="WARNING", @timestamp=1619818945464, @message="https://sandhillsfarm.client-staging.deliverybizpro.com/admin/log_inventory.php 7 The key \"touch-action:\" is not recognized and ignored.">, #<Selenium::WebDriver::LogEntry:0x00007fd1af825fb8 @level="WARNING", @timestamp=1619818945464, @message="https://sandhillsfarm.client-staging.deliverybizpro.com/admin/log_inventory.php 7 The key \"-ms-touch-action:\" is not recognized and ignored.">]
Tasks,2.3169312477111816,[#<Selenium::WebDriver::LogEntry:0x00007fd1cd0464a0 @level="WARNING", @timestamp=1619818953785, @message="https://sandhillsfarm.client-staging.deliverybizpro.com/admin/router.php?r=bt-console#/bt-console 7 The key \"touch-action:\" is not recognized and ignored.">, #<Selenium::WebDriver::LogEntry:0x00007fd1cd046478 @level="WARNING", @timestamp=1619818953785, @message="https://sandhillsfarm.client-staging.deliverybizpro.com/admin/router.php?r=bt-console#/bt-console 7 The key \"-ms-touch-action:\" is not recognized and ignored.">]
Periodic tasks,4.5690319538116455,[#<Selenium::WebDriver::LogEntry:0x00007fd1cd092e90 @level="WARNING", @timestamp=1619818964923, @message="https://sandhillsfarm.client-staging.deliverybizpro.com/admin/periodicTasks 7 The key \"touch-action:\" is not recognized and ignored.">, #<Selenium::WebDriver::LogEntry:0x00007fd1cd092e68 @level="WARNING", @timestamp=1619818964923, @message="https://sandhillsfarm.client-staging.deliverybizpro.com/admin/periodicTasks 7 The key \"-ms-touch-action:\" is not recognized and ignored.">]
