Dashboard,1.8786890506744385,[#<Selenium::WebDriver::LogEntry:0x00007fd50d8d6c80 @level="WARNING", @timestamp=1619824561769, @message="https://skarsgardfarms.client-staging.deliverybizpro.com/admin/login 7 The key \"touch-action:\" is not recognized and ignored.">, #<Selenium::WebDriver::LogEntry:0x00007fd50d8d6c30 @level="WARNING", @timestamp=1619824561769, @message="https://skarsgardfarms.client-staging.deliverybizpro.com/admin/login 7 The key \"-ms-touch-action:\" is not recognized and ignored.">, #<Selenium::WebDriver::LogEntry:0x00007fd50d8d6c08 @level="WARNING", @timestamp=1619824566310, @message="https://skarsgardfarms.client-staging.deliverybizpro.com/admin/login 7 The key \"touch-action:\" is not recognized and ignored.">, #<Selenium::WebDriver::LogEntry:0x00007fd50d8d6be0 @level="WARNING", @timestamp=1619824566310, @message="https://skarsgardfarms.client-staging.deliverybizpro.com/admin/login 7 The key \"-ms-touch-action:\" is not recognized and ignored.">, #<Selenium::WebDriver::LogEntry:0x00007fd50d8d6b68 @level="WARNING", @timestamp=1619824570570, @message="https://skarsgardfarms.client-staging.deliverybizpro.com/admin/home.php 7 The key \"touch-action:\" is not recognized and ignored.">, #<Selenium::WebDriver::LogEntry:0x00007fd50d8d6b40 @level="WARNING", @timestamp=1619824570570, @message="https://skarsgardfarms.client-staging.deliverybizpro.com/admin/home.php 7 The key \"-ms-touch-action:\" is not recognized and ignored.">, #<Selenium::WebDriver::LogEntry:0x00007fd50d8d6b18 @level="WARNING", @timestamp=1619824573074, @message="https://skarsgardfarms.client-staging.deliverybizpro.com/admin/home.php 7 The key \"touch-action:\" is not recognized and ignored.">, #<Selenium::WebDriver::LogEntry:0x00007fd50d8d6af0 @level="WARNING", @timestamp=1619824573074, @message="https://skarsgardfarms.client-staging.deliverybizpro.com/admin/home.php 7 The key \"-ms-touch-action:\" is not recognized and ignored.">]
Customers,1.0663952827453613,[]
Search for Customers,3.694760322570801,[#<Selenium::WebDriver::LogEntry:0x00007fd50d18d2d0 @level="WARNING", @timestamp=1619824599451, @message="https://skarsgardfarms.client-staging.deliverybizpro.com/admin/users.php?mode=search&usertype=C&refresh=1&sort=last_login&sort_direction=1 14 The key \"touch-action:\" is not recognized and ignored.">, #<Selenium::WebDriver::LogEntry:0x00007fd50d18d280 @level="WARNING", @timestamp=1619824599451, @message="https://skarsgardfarms.client-staging.deliverybizpro.com/admin/users.php?mode=search&usertype=C&refresh=1&sort=last_login&sort_direction=1 14 The key \"-ms-touch-action:\" is not recognized and ignored.">, #<Selenium::WebDriver::LogEntry:0x00007fd50d18d230 @level="WARNING", @timestamp=1619824600965, @message="https://skarsgardfarms.client-staging.deliverybizpro.com/admin/users.php?mode=search&usertype=C&refresh=1&sort=last_login&sort_direction=1 - [DOM] Found 2 elements with non-unique id #frm-users-search: (More info: https://goo.gl/9p2vKq) %o %o">, #<Selenium::WebDriver::LogEntry:0x00007fd50d18cfd8 @level="WARNING", @timestamp=1619824600965, @message="https://skarsgardfarms.client-staging.deliverybizpro.com/admin/users.php?mode=search&usertype=C&refresh=1&sort=last_login&sort_direction=1 - [DOM] Found 2 elements with non-unique id #posted_data[orders_count_type]: (More info: https://goo.gl/9p2vKq) %o %o">]
Create Customer Profile,3.3875539302825928,[#<Selenium::WebDriver::LogEntry:0x00007fd50d886fc8 @level="WARNING", @timestamp=1619824607944, @message="https://skarsgardfarms.client-staging.deliverybizpro.com/admin/user_add.php?usertype=C 7 The key \"touch-action:\" is not recognized and ignored.">, #<Selenium::WebDriver::LogEntry:0x00007fd50d886f00 @level="WARNING", @timestamp=1619824607944, @message="https://skarsgardfarms.client-staging.deliverybizpro.com/admin/user_add.php?usertype=C 7 The key \"-ms-touch-action:\" is not recognized and ignored.">]
Import Customers,1.9252870082855225,[#<Selenium::WebDriver::LogEntry:0x00007fd50d5ed6b8 @level="WARNING", @timestamp=1619824616327, @message="https://skarsgardfarms.client-staging.deliverybizpro.com/admin/customers_import.php 7 The key \"touch-action:\" is not recognized and ignored.">, #<Selenium::WebDriver::LogEntry:0x00007fd50d5ed690 @level="WARNING", @timestamp=1619824616327, @message="https://skarsgardfarms.client-staging.deliverybizpro.com/admin/customers_import.php 7 The key \"-ms-touch-action:\" is not recognized and ignored.">]
Export Customers,2.825793981552124,[#<Selenium::WebDriver::LogEntry:0x00007fd50d6c5040 @level="WARNING", @timestamp=1619824623583, @message="https://skarsgardfarms.client-staging.deliverybizpro.com/admin/router.php?r=export-users#/export-users 7 The key \"touch-action:\" is not recognized and ignored.">, #<Selenium::WebDriver::LogEntry:0x00007fd50d6c4f78 @level="WARNING", @timestamp=1619824623583, @message="https://skarsgardfarms.client-staging.deliverybizpro.com/admin/router.php?r=export-users#/export-users 7 The key \"-ms-touch-action:\" is not recognized and ignored.">]
Export Customer Emails,1.687204122543335,[#<Selenium::WebDriver::LogEntry:0x00007fd50d7bc908 @level="WARNING", @timestamp=1619824631870, @message="https://skarsgardfarms.client-staging.deliverybizpro.com/admin/export_users_emails.php 7 The key \"touch-action:\" is not recognized and ignored.">, #<Selenium::WebDriver::LogEntry:0x00007fd50d7bc890 @level="WARNING", @timestamp=1619824631870, @message="https://skarsgardfarms.client-staging.deliverybizpro.com/admin/export_users_emails.php 7 The key \"-ms-touch-action:\" is not recognized and ignored.">]
Edit/Create Membership Levels,1.6521852016448975,[#<Selenium::WebDriver::LogEntry:0x00007fd4bc8547e0 @level="WARNING", @timestamp=1619824638670, @message="https://skarsgardfarms.client-staging.deliverybizpro.com/admin/memberships.php?usertype=C 7 The key \"touch-action:\" is not recognized and ignored.">, #<Selenium::WebDriver::LogEntry:0x00007fd4bc8547b8 @level="WARNING", @timestamp=1619824638670, @message="https://skarsgardfarms.client-staging.deliverybizpro.com/admin/memberships.php?usertype=C 7 The key \"-ms-touch-action:\" is not recognized and ignored.">]
Customer Notes,1.9540228843688965,[#<Selenium::WebDriver::LogEntry:0x00007fd4bc8cc268 @level="WARNING", @timestamp=1619824645825, @message="https://skarsgardfarms.client-staging.deliverybizpro.com/admin/customer_notes.php 7 The key \"touch-action:\" is not recognized and ignored.">, #<Selenium::WebDriver::LogEntry:0x00007fd4bc8cc240 @level="WARNING", @timestamp=1619824645825, @message="https://skarsgardfarms.client-staging.deliverybizpro.com/admin/customer_notes.php 7 The key \"-ms-touch-action:\" is not recognized and ignored.">]
Administrators,1.0686941146850586,[]
Search for Admins,1.6279609203338623,[#<Selenium::WebDriver::LogEntry:0x00007fd4bc9ac070 @level="WARNING", @timestamp=1619824659066, @message="https://skarsgardfarms.client-staging.deliverybizpro.com/admin/users.php?mode=search&usertype=P&refresh=1 7 The key \"touch-action:\" is not recognized and ignored.">, #<Selenium::WebDriver::LogEntry:0x00007fd4bc9ac048 @level="WARNING", @timestamp=1619824659066, @message="https://skarsgardfarms.client-staging.deliverybizpro.com/admin/users.php?mode=search&usertype=P&refresh=1 7 The key \"-ms-touch-action:\" is not recognized and ignored.">, #<Selenium::WebDriver::LogEntry:0x00007fd4bc9b6ac0 @level="WARNING", @timestamp=1619824659227, @message="https://skarsgardfarms.client-staging.deliverybizpro.com/admin/users.php?mode=search&usertype=P&refresh=1 - [DOM] Found 2 elements with non-unique id #frm-users-search: (More info: https://goo.gl/9p2vKq) %o %o">]
Create Admin Profile,1.6511290073394775,[#<Selenium::WebDriver::LogEntry:0x00007fd4bc9e7eb8 @level="WARNING", @timestamp=1619824665957, @message="https://skarsgardfarms.client-staging.deliverybizpro.com/admin/user_add.php?usertype=P 7 The key \"touch-action:\" is not recognized and ignored.">, #<Selenium::WebDriver::LogEntry:0x00007fd4bc9e7e40 @level="WARNING", @timestamp=1619824665957, @message="https://skarsgardfarms.client-staging.deliverybizpro.com/admin/user_add.php?usertype=P 7 The key \"-ms-touch-action:\" is not recognized and ignored.">]
Access Control,1.4536280632019043,[#<Selenium::WebDriver::LogEntry:0x00007fd4bca378f0 @level="WARNING", @timestamp=1619824672744, @message="https://skarsgardfarms.client-staging.deliverybizpro.com/admin/access_control.php 7 The key \"touch-action:\" is not recognized and ignored.">, #<Selenium::WebDriver::LogEntry:0x00007fd4bca378c8 @level="WARNING", @timestamp=1619824672744, @message="https://skarsgardfarms.client-staging.deliverybizpro.com/admin/access_control.php 7 The key \"-ms-touch-action:\" is not recognized and ignored.">]
Edit/Create Membership Levels,1.4962639808654785,[#<Selenium::WebDriver::LogEntry:0x00007fd50d826920 @level="WARNING", @timestamp=1619824679478, @message="https://skarsgardfarms.client-staging.deliverybizpro.com/admin/memberships.php?usertype=P 7 The key \"touch-action:\" is not recognized and ignored.">, #<Selenium::WebDriver::LogEntry:0x00007fd50d8266f0 @level="WARNING", @timestamp=1619824679478, @message="https://skarsgardfarms.client-staging.deliverybizpro.com/admin/memberships.php?usertype=P 7 The key \"-ms-touch-action:\" is not recognized and ignored.">]
Drivers,1.079254150390625,[]
Search for Drivers,1.5627381801605225,[#<Selenium::WebDriver::LogEntry:0x00007fd50d68f710 @level="WARNING", @timestamp=1619824712640, @message="https://skarsgardfarms.client-staging.deliverybizpro.com/admin/users.php?mode=search&usertype=D&refresh=1 14 The key \"touch-action:\" is not recognized and ignored.">, #<Selenium::WebDriver::LogEntry:0x00007fd50d68f6e8 @level="WARNING", @timestamp=1619824712640, @message="https://skarsgardfarms.client-staging.deliverybizpro.com/admin/users.php?mode=search&usertype=D&refresh=1 14 The key \"-ms-touch-action:\" is not recognized and ignored.">, #<Selenium::WebDriver::LogEntry:0x00007fd50d68f6c0 @level="WARNING", @timestamp=1619824712808, @message="https://skarsgardfarms.client-staging.deliverybizpro.com/admin/users.php?mode=search&usertype=D&refresh=1 - [DOM] Found 2 elements with non-unique id #frm-users-search: (More info: https://goo.gl/9p2vKq) %o %o">]
Create Driver Profile,1.5193760395050049,[#<Selenium::WebDriver::LogEntry:0x00007fd50d78ddd8 @level="WARNING", @timestamp=1619824719445, @message="https://skarsgardfarms.client-staging.deliverybizpro.com/admin/user_add.php?usertype=D 7 The key \"touch-action:\" is not recognized and ignored.">, #<Selenium::WebDriver::LogEntry:0x00007fd50d78dd88 @level="WARNING", @timestamp=1619824719445, @message="https://skarsgardfarms.client-staging.deliverybizpro.com/admin/user_add.php?usertype=D 7 The key \"-ms-touch-action:\" is not recognized and ignored.">]
Edit/Create Membership Levels,1.443666934967041,[#<Selenium::WebDriver::LogEntry:0x00007fd4bc835c00 @level="WARNING", @timestamp=1619824726149, @message="https://skarsgardfarms.client-staging.deliverybizpro.com/admin/memberships.php?usertype=D 7 The key \"touch-action:\" is not recognized and ignored.">, #<Selenium::WebDriver::LogEntry:0x00007fd4bc835bb0 @level="WARNING", @timestamp=1619824726149, @message="https://skarsgardfarms.client-staging.deliverybizpro.com/admin/memberships.php?usertype=D 7 The key \"-ms-touch-action:\" is not recognized and ignored.">]
Suppliers,1.0691308975219727,[]
Search for Suppliers,1.6015129089355469,[#<Selenium::WebDriver::LogEntry:0x00007fd4bc926628 @level="WARNING", @timestamp=1619824739202, @message="https://skarsgardfarms.client-staging.deliverybizpro.com/admin/users.php?mode=search&usertype=U&refresh=1 14 The key \"touch-action:\" is not recognized and ignored.">, #<Selenium::WebDriver::LogEntry:0x00007fd4bc926600 @level="WARNING", @timestamp=1619824739202, @message="https://skarsgardfarms.client-staging.deliverybizpro.com/admin/users.php?mode=search&usertype=U&refresh=1 14 The key \"-ms-touch-action:\" is not recognized and ignored.">, #<Selenium::WebDriver::LogEntry:0x00007fd4bc9265d8 @level="WARNING", @timestamp=1619824739396, @message="https://skarsgardfarms.client-staging.deliverybizpro.com/admin/users.php?mode=search&usertype=U&refresh=1 - [DOM] Found 2 elements with non-unique id #frm-users-search: (More info: https://goo.gl/9p2vKq) %o %o">]
Create Supplier Profile,1.7759511470794678,[#<Selenium::WebDriver::LogEntry:0x00007fd4bc995ed8 @level="WARNING", @timestamp=1619824746080, @message="https://skarsgardfarms.client-staging.deliverybizpro.com/admin/user_add.php?usertype=U 7 The key \"touch-action:\" is not recognized and ignored.">, #<Selenium::WebDriver::LogEntry:0x00007fd4bc995eb0 @level="WARNING", @timestamp=1619824746080, @message="https://skarsgardfarms.client-staging.deliverybizpro.com/admin/user_add.php?usertype=U 7 The key \"-ms-touch-action:\" is not recognized and ignored.">]
Edit/Search Products,2.3919990062713623,[#<Selenium::WebDriver::LogEntry:0x00007fd4bc9cf228 @level="WARNING", @timestamp=1619824753212, @message="https://skarsgardfarms.client-staging.deliverybizpro.com/admin/products 7 The key \"touch-action:\" is not recognized and ignored.">, #<Selenium::WebDriver::LogEntry:0x00007fd4bc9cf200 @level="WARNING", @timestamp=1619824753212, @message="https://skarsgardfarms.client-staging.deliverybizpro.com/admin/products 7 The key \"-ms-touch-action:\" is not recognized and ignored.">, #<Selenium::WebDriver::LogEntry:0x00007fd4bc9cf1d8 @level="WARNING", @timestamp=1619824754041, @message="https://skarsgardfarms.client-staging.deliverybizpro.com/admin/products - [DOM] Found 2 elements with non-unique id #collapse-quantity: (More info: https://goo.gl/9p2vKq) %o %o">]
Add New Product,2.878159999847412,[#<Selenium::WebDriver::LogEntry:0x00007fd4bca24a20 @level="WARNING", @timestamp=1619824760891, @message="https://skarsgardfarms.client-staging.deliverybizpro.com/admin/products/create 7 The key \"touch-action:\" is not recognized and ignored.">, #<Selenium::WebDriver::LogEntry:0x00007fd4bca249f8 @level="WARNING", @timestamp=1619824760891, @message="https://skarsgardfarms.client-staging.deliverybizpro.com/admin/products/create 7 The key \"-ms-touch-action:\" is not recognized and ignored.">]
Import products,3.0555520057678223,[#<Selenium::WebDriver::LogEntry:0x00007fd4bca86bf8 @level="WARNING", @timestamp=1619824768921, @message="https://skarsgardfarms.client-staging.deliverybizpro.com/admin/products/import 7 The key \"touch-action:\" is not recognized and ignored.">, #<Selenium::WebDriver::LogEntry:0x00007fd4bca86b80 @level="WARNING", @timestamp=1619824768921, @message="https://skarsgardfarms.client-staging.deliverybizpro.com/admin/products/import 7 The key \"-ms-touch-action:\" is not recognized and ignored.">, #<Selenium::WebDriver::LogEntry:0x00007fd4bca86b58 @level="WARNING", @timestamp=1619824769491, @message="https://skarsgardfarms.client-staging.deliverybizpro.com/admin/router.php?iframe=Y#/task-status 7 The key \"touch-action:\" is not recognized and ignored.">, #<Selenium::WebDriver::LogEntry:0x00007fd4bca86b08 @level="WARNING", @timestamp=1619824769491, @message="https://skarsgardfarms.client-staging.deliverybizpro.com/admin/router.php?iframe=Y#/task-status 7 The key \"-ms-touch-action:\" is not recognized and ignored.">]
Export products,3.3254189491271973,[#<Selenium::WebDriver::LogEntry:0x00007fd50d4bbd80 @level="WARNING", @timestamp=1619824779121, @message="https://skarsgardfarms.client-staging.deliverybizpro.com/admin/products/export 7 The key \"touch-action:\" is not recognized and ignored.">, #<Selenium::WebDriver::LogEntry:0x00007fd50d4bb740 @level="WARNING", @timestamp=1619824779121, @message="https://skarsgardfarms.client-staging.deliverybizpro.com/admin/products/export 7 The key \"-ms-touch-action:\" is not recognized and ignored.">]
Product Categories,1.6905508041381836,[#<Selenium::WebDriver::LogEntry:0x00007fd50d5d4320 @level="WARNING", @timestamp=1619824785907, @message="https://skarsgardfarms.client-staging.deliverybizpro.com/admin/categories.php 7 The key \"touch-action:\" is not recognized and ignored.">, #<Selenium::WebDriver::LogEntry:0x00007fd50d5d4258 @level="WARNING", @timestamp=1619824785907, @message="https://skarsgardfarms.client-staging.deliverybizpro.com/admin/categories.php 7 The key \"-ms-touch-action:\" is not recognized and ignored.">]
Extra fields,1.630350112915039,[#<Selenium::WebDriver::LogEntry:0x00007fd50d69c6b8 @level="WARNING", @timestamp=1619824792845, @message="https://skarsgardfarms.client-staging.deliverybizpro.com/admin/extra-fields 7 The key \"touch-action:\" is not recognized and ignored.">, #<Selenium::WebDriver::LogEntry:0x00007fd50d69c690 @level="WARNING", @timestamp=1619824792845, @message="https://skarsgardfarms.client-staging.deliverybizpro.com/admin/extra-fields 7 The key \"-ms-touch-action:\" is not recognized and ignored.">]
Warehouse Locations,1.5647737979888916,[#<Selenium::WebDriver::LogEntry:0x00007fd50d7bd5b0 @level="WARNING", @timestamp=1619824803716, @message="https://skarsgardfarms.client-staging.deliverybizpro.com/admin/warehouse-locations 7 The key \"touch-action:\" is not recognized and ignored.">, #<Selenium::WebDriver::LogEntry:0x00007fd50d7bd588 @level="WARNING", @timestamp=1619824803717, @message="https://skarsgardfarms.client-staging.deliverybizpro.com/admin/warehouse-locations 7 The key \"-ms-touch-action:\" is not recognized and ignored.">]
Change/Assign Routes,1.5533230304718018,[#<Selenium::WebDriver::LogEntry:0x00007fd4bc864c58 @level="WARNING", @timestamp=1619824814601, @message="https://skarsgardfarms.client-staging.deliverybizpro.com/admin/assign_route_users.php 7 The key \"touch-action:\" is not recognized and ignored.">, #<Selenium::WebDriver::LogEntry:0x00007fd4bc864c30 @level="WARNING", @timestamp=1619824814601, @message="https://skarsgardfarms.client-staging.deliverybizpro.com/admin/assign_route_users.php 7 The key \"-ms-touch-action:\" is not recognized and ignored.">, #<Selenium::WebDriver::LogEntry:0x00007fd4bc864be0 @level="WARNING", @timestamp=1619824814719, @message="https://skarsgardfarms.client-staging.deliverybizpro.com/admin/assign_route_users.php - [DOM] Found 2 elements with non-unique id #show_not_validated: (More info: https://goo.gl/9p2vKq) %o %o">]
Create/Edit Routes,2.8484978675842285,[#<Selenium::WebDriver::LogEntry:0x00007fd4bc8dd478 @level="WARNING", @timestamp=1619824821635, @message="https://skarsgardfarms.client-staging.deliverybizpro.com/admin/routes.php 7 The key \"touch-action:\" is not recognized and ignored.">, #<Selenium::WebDriver::LogEntry:0x00007fd4bc8dd450 @level="WARNING", @timestamp=1619824821635, @message="https://skarsgardfarms.client-staging.deliverybizpro.com/admin/routes.php 7 The key \"-ms-touch-action:\" is not recognized and ignored.">]
GPS Import/Export,1.6071758270263672,[#<Selenium::WebDriver::LogEntry:0x00007fd4bc94d2f0 @level="WARNING", @timestamp=1619824829641, @message="https://skarsgardfarms.client-staging.deliverybizpro.com/admin/gpx.php 7 The key \"touch-action:\" is not recognized and ignored.">, #<Selenium::WebDriver::LogEntry:0x00007fd4bc94d2c8 @level="WARNING", @timestamp=1619824829641, @message="https://skarsgardfarms.client-staging.deliverybizpro.com/admin/gpx.php 7 The key \"-ms-touch-action:\" is not recognized and ignored.">]
Organize Route Stops,1.5579493045806885,[#<Selenium::WebDriver::LogEntry:0x00007fd50d8a4938 @level="WARNING", @timestamp=1619824836377, @message="https://skarsgardfarms.client-staging.deliverybizpro.com/admin/router.php?r=organize_route_stops#/organize_route_stops 7 The key \"touch-action:\" is not recognized and ignored.">, #<Selenium::WebDriver::LogEntry:0x00007fd50d8a48c0 @level="WARNING", @timestamp=1619824836377, @message="https://skarsgardfarms.client-staging.deliverybizpro.com/admin/router.php?r=organize_route_stops#/organize_route_stops 7 The key \"-ms-touch-action:\" is not recognized and ignored.">]
Pickup Locations,2.4674692153930664,[#<Selenium::WebDriver::LogEntry:0x00007fd4bc9ecb20 @level="WARNING", @timestamp=1619824843456, @message="https://skarsgardfarms.client-staging.deliverybizpro.com/admin/pickup_locations.php 7 The key \"touch-action:\" is not recognized and ignored.">, #<Selenium::WebDriver::LogEntry:0x00007fd4bc9ecaf8 @level="WARNING", @timestamp=1619824843456, @message="https://skarsgardfarms.client-staging.deliverybizpro.com/admin/pickup_locations.php 7 The key \"-ms-touch-action:\" is not recognized and ignored.">, #<Selenium::WebDriver::LogEntry:0x00007fd4bc9ecad0 @level="WARNING", @timestamp=1619824844297, @message="https://skarsgardfarms.client-staging.deliverybizpro.com/admin/pickup_locations.php - [DOM] Found 13 elements with non-unique id #assign_route_button: (More info: https://goo.gl/9p2vKq) %o %o %o %o %o %o %o %o %o %o %o %o %o">, #<Selenium::WebDriver::LogEntry:0x00007fd4bc9ecaa8 @level="WARNING", @timestamp=1619824844297, @message="https://skarsgardfarms.client-staging.deliverybizpro.com/admin/pickup_locations.php - [DOM] Found 13 elements with non-unique id #backup_contact: (More info: https://goo.gl/9p2vKq) %o %o %o %o %o %o %o %o %o %o %o %o %o">, #<Selenium::WebDriver::LogEntry:0x00007fd4bc9eca80 @level="WARNING", @timestamp=1619824844298, @message="https://skarsgardfarms.client-staging.deliverybizpro.com/admin/pickup_locations.php - [DOM] Found 13 elements with non-unique id #host_name: (More info: https://goo.gl/9p2vKq) %o %o %o %o %o %o %o %o %o %o %o %o %o">, #<Selenium::WebDriver::LogEntry:0x00007fd4bc9eca58 @level="WARNING", @timestamp=1619824844298, @message="https://skarsgardfarms.client-staging.deliverybizpro.com/admin/pickup_locations.php - [DOM] Found 13 elements with non-unique id #location_access_key: (More info: https://goo.gl/9p2vKq) %o %o %o %o %o %o %o %o %o %o %o %o %o">, #<Selenium::WebDriver::LogEntry:0x00007fd4bc9eca30 @level="WARNING", @timestamp=1619824844298, @message="https://skarsgardfarms.client-staging.deliverybizpro.com/admin/pickup_locations.php - [DOM] Found 13 elements with non-unique id #location_email: (More info: https://goo.gl/9p2vKq) %o %o %o %o %o %o %o %o %o %o %o %o %o">, #<Selenium::WebDriver::LogEntry:0x00007fd4bc9eca08 @level="WARNING", @timestamp=1619824844298, @message="https://skarsgardfarms.client-staging.deliverybizpro.com/admin/pickup_locations.php - [DOM] Found 13 elements with non-unique id #location_info: (More info: https://goo.gl/9p2vKq) %o %o %o %o %o %o %o %o %o %o %o %o %o">, #<Selenium::WebDriver::LogEntry:0x00007fd4bc9ec9e0 @level="WARNING", @timestamp=1619824844298, @message="https://skarsgardfarms.client-staging.deliverybizpro.com/admin/pickup_locations.php - [DOM] Found 13 elements with non-unique id #location_message: (More info: https://goo.gl/9p2vKq) %o %o %o %o %o %o %o %o %o %o %o %o %o">, #<Selenium::WebDriver::LogEntry:0x00007fd4bc9ec9b8 @level="WARNING", @timestamp=1619824844298, @message="https://skarsgardfarms.client-staging.deliverybizpro.com/admin/pickup_locations.php - [DOM] Found 10 elements with non-unique id #move_route_button: (More info: https://goo.gl/9p2vKq) %o %o %o %o %o %o %o %o %o %o">, #<Selenium::WebDriver::LogEntry:0x00007fd4bc9ec990 @level="WARNING", @timestamp=1619824844298, @message="https://skarsgardfarms.client-staging.deliverybizpro.com/admin/pickup_locations.php - [DOM] Found 13 elements with non-unique id #phone: (More info: https://goo.gl/9p2vKq) %o %o %o %o %o %o %o %o %o %o %o %o %o">]
Organize Pickup Locations,1.682157039642334,[#<Selenium::WebDriver::LogEntry:0x00007fd4bca3c3c8 @level="WARNING", @timestamp=1619824851162, @message="https://skarsgardfarms.client-staging.deliverybizpro.com/admin/route_pickup_locations.php 7 The key \"touch-action:\" is not recognized and ignored.">, #<Selenium::WebDriver::LogEntry:0x00007fd4bca3c3a0 @level="WARNING", @timestamp=1619824851162, @message="https://skarsgardfarms.client-staging.deliverybizpro.com/admin/route_pickup_locations.php 7 The key \"-ms-touch-action:\" is not recognized and ignored.">]
Manage KML File,1.5587520599365234,[#<Selenium::WebDriver::LogEntry:0x00007fd50d3788d8 @level="WARNING", @timestamp=1619824857905, @message="https://skarsgardfarms.client-staging.deliverybizpro.com/admin/router.php?r=kml#/kml 7 The key \"touch-action:\" is not recognized and ignored.">, #<Selenium::WebDriver::LogEntry:0x00007fd50d378680 @level="WARNING", @timestamp=1619824857905, @message="https://skarsgardfarms.client-staging.deliverybizpro.com/admin/router.php?r=kml#/kml 7 The key \"-ms-touch-action:\" is not recognized and ignored.">]
Display Route/KML Issues,1.420309066772461,[#<Selenium::WebDriver::LogEntry:0x00007fd50d566758 @level="WARNING", @timestamp=1619824864707, @message="https://skarsgardfarms.client-staging.deliverybizpro.com/admin/route_kml_issues.php 7 The key \"touch-action:\" is not recognized and ignored.">, #<Selenium::WebDriver::LogEntry:0x00007fd50d566730 @level="WARNING", @timestamp=1619824864707, @message="https://skarsgardfarms.client-staging.deliverybizpro.com/admin/route_kml_issues.php 7 The key \"-ms-touch-action:\" is not recognized and ignored.">]
Organize Load Sheet,1.631160020828247,[#<Selenium::WebDriver::LogEntry:0x00007fd50d605ab0 @level="WARNING", @timestamp=1619824871427, @message="https://skarsgardfarms.client-staging.deliverybizpro.com/admin/order_routes_products.php 7 The key \"touch-action:\" is not recognized and ignored.">, #<Selenium::WebDriver::LogEntry:0x00007fd50d605a88 @level="WARNING", @timestamp=1619824871427, @message="https://skarsgardfarms.client-staging.deliverybizpro.com/admin/order_routes_products.php 7 The key \"-ms-touch-action:\" is not recognized and ignored.">]
Print Route Sheets,1.666841745376587,[#<Selenium::WebDriver::LogEntry:0x00007fd50d785fc0 @level="WARNING", @timestamp=1619824879414, @message="https://skarsgardfarms.client-staging.deliverybizpro.com/admin/driving_dir.php 7 The key \"touch-action:\" is not recognized and ignored.">, #<Selenium::WebDriver::LogEntry:0x00007fd50d785ef8 @level="WARNING", @timestamp=1619824879414, @message="https://skarsgardfarms.client-staging.deliverybizpro.com/admin/driving_dir.php 7 The key \"-ms-touch-action:\" is not recognized and ignored.">, #<Selenium::WebDriver::LogEntry:0x00007fd50d785ed0 @level="WARNING", @timestamp=1619824879662, @message="https://skarsgardfarms.client-staging.deliverybizpro.com/admin/driving_dir.php - [DOM] Found 2 elements with non-unique id #custom-range-input-multiple: (More info: https://goo.gl/9p2vKq) %o %o">, #<Selenium::WebDriver::LogEntry:0x00007fd50d785e08 @level="WARNING", @timestamp=1619824879662, @message="https://skarsgardfarms.client-staging.deliverybizpro.com/admin/driving_dir.php - [DOM] Found 2 elements with non-unique id #mult-route-id: (More info: https://goo.gl/9p2vKq) %o %o">]
Print Bag Labels,1.5427827835083008,[#<Selenium::WebDriver::LogEntry:0x00007fd4bc847298 @level="WARNING", @timestamp=1619824884300, @message="https://skarsgardfarms.client-staging.deliverybizpro.com/admin/driving_dir.php?bag_label=1 7 The key \"touch-action:\" is not recognized and ignored.">, #<Selenium::WebDriver::LogEntry:0x00007fd4bc847270 @level="WARNING", @timestamp=1619824884300, @message="https://skarsgardfarms.client-staging.deliverybizpro.com/admin/driving_dir.php?bag_label=1 7 The key \"-ms-touch-action:\" is not recognized and ignored.">, #<Selenium::WebDriver::LogEntry:0x00007fd4bc847248 @level="WARNING", @timestamp=1619824884508, @message="https://skarsgardfarms.client-staging.deliverybizpro.com/admin/driving_dir.php?bag_label=1 - [DOM] Found 2 elements with non-unique id #custom-range-input-multiple: (More info: https://goo.gl/9p2vKq) %o %o">, #<Selenium::WebDriver::LogEntry:0x00007fd4bc8471a8 @level="WARNING", @timestamp=1619824884508, @message="https://skarsgardfarms.client-staging.deliverybizpro.com/admin/driving_dir.php?bag_label=1 - [DOM] Found 2 elements with non-unique id #mult-route-id: (More info: https://goo.gl/9p2vKq) %o %o">]
Billing,28.565786123275757,[#<Selenium::WebDriver::LogEntry:0x00007fd4bc8e5718 @level="WARNING", @timestamp=1619824977096, @message="https://skarsgardfarms.client-staging.deliverybizpro.com/admin/users_invalid_zips.php 7 The key \"touch-action:\" is not recognized and ignored.">, #<Selenium::WebDriver::LogEntry:0x00007fd4bc8e5678 @level="WARNING", @timestamp=1619824977096, @message="https://skarsgardfarms.client-staging.deliverybizpro.com/admin/users_invalid_zips.php 7 The key \"-ms-touch-action:\" is not recognized and ignored.">]
Paper/Email Billing,1.544787883758545,[#<Selenium::WebDriver::LogEntry:0x00007fd4bc9554c8 @level="WARNING", @timestamp=1619824984006, @message="https://skarsgardfarms.client-staging.deliverybizpro.com/admin/customer_billing.php 7 The key \"touch-action:\" is not recognized and ignored.">, #<Selenium::WebDriver::LogEntry:0x00007fd4bc9554a0 @level="WARNING", @timestamp=1619824984006, @message="https://skarsgardfarms.client-staging.deliverybizpro.com/admin/customer_billing.php 7 The key \"-ms-touch-action:\" is not recognized and ignored.">]
Electronic Billing,1.7398042678833008,[#<Selenium::WebDriver::LogEntry:0x00007fd50d8ac890 @level="WARNING", @timestamp=1619824990845, @message="https://skarsgardfarms.client-staging.deliverybizpro.com/admin/billing.php 7 The key \"touch-action:\" is not recognized and ignored.">, #<Selenium::WebDriver::LogEntry:0x00007fd50d8ac868 @level="WARNING", @timestamp=1619824990845, @message="https://skarsgardfarms.client-staging.deliverybizpro.com/admin/billing.php 7 The key \"-ms-touch-action:\" is not recognized and ignored.">]
Mass Update Payments,1.7816970348358154,[#<Selenium::WebDriver::LogEntry:0x00007fd4bc9f6530 @level="WARNING", @timestamp=1619824997842, @message="https://skarsgardfarms.client-staging.deliverybizpro.com/admin/mass_update_payments.php 7 The key \"touch-action:\" is not recognized and ignored.">, #<Selenium::WebDriver::LogEntry:0x00007fd4bc9f6508 @level="WARNING", @timestamp=1619824997842, @message="https://skarsgardfarms.client-staging.deliverybizpro.com/admin/mass_update_payments.php 7 The key \"-ms-touch-action:\" is not recognized and ignored.">]
Mass Deposit Returns/Charges,1.4470059871673584,[#<Selenium::WebDriver::LogEntry:0x00007fd4bca467b0 @level="WARNING", @timestamp=1619825004905, @message="https://skarsgardfarms.client-staging.deliverybizpro.com/admin/bottle_deposits.php 7 The key \"touch-action:\" is not recognized and ignored.">, #<Selenium::WebDriver::LogEntry:0x00007fd4bca46788 @level="WARNING", @timestamp=1619825004905, @message="https://skarsgardfarms.client-staging.deliverybizpro.com/admin/bottle_deposits.php 7 The key \"-ms-touch-action:\" is not recognized and ignored.">]
Global Invoice Notes,2.1854498386383057,[#<Selenium::WebDriver::LogEntry:0x00007fd4ed02c528 @level="WARNING", @timestamp=1619825011643, @message="https://skarsgardfarms.client-staging.deliverybizpro.com/admin/global_notes.php 7 The key \"touch-action:\" is not recognized and ignored.">, #<Selenium::WebDriver::LogEntry:0x00007fd4ed02c500 @level="WARNING", @timestamp=1619825011644, @message="https://skarsgardfarms.client-staging.deliverybizpro.com/admin/global_notes.php 7 The key \"-ms-touch-action:\" is not recognized and ignored.">]
View GC Purchase Log,1.737428903579712,[#<Selenium::WebDriver::LogEntry:0x00007fd50d56e638 @level="WARNING", @timestamp=1619825019390, @message="https://skarsgardfarms.client-staging.deliverybizpro.com/admin/giftcerts_purchase_log.php 7 The key \"touch-action:\" is not recognized and ignored.">, #<Selenium::WebDriver::LogEntry:0x00007fd50d56e610 @level="WARNING", @timestamp=1619825019390, @message="https://skarsgardfarms.client-staging.deliverybizpro.com/admin/giftcerts_purchase_log.php 7 The key \"-ms-touch-action:\" is not recognized and ignored.">]
Sales Reporting,1.0541820526123047,[]
Top Customers,2.183544874191284,[#<Selenium::WebDriver::LogEntry:0x00007fd50d715ae0 @level="WARNING", @timestamp=1619825033090, @message="https://skarsgardfarms.client-staging.deliverybizpro.com/admin/reports.php?report_type=top_customers 7 The key \"touch-action:\" is not recognized and ignored.">, #<Selenium::WebDriver::LogEntry:0x00007fd50d715a68 @level="WARNING", @timestamp=1619825033090, @message="https://skarsgardfarms.client-staging.deliverybizpro.com/admin/reports.php?report_type=top_customers 7 The key \"-ms-touch-action:\" is not recognized and ignored.">]
Countdown Sales Report,1.7257730960845947,[#<Selenium::WebDriver::LogEntry:0x00007fd50d7ef128 @level="WARNING", @timestamp=1619825038069, @message="https://skarsgardfarms.client-staging.deliverybizpro.com/admin/reports.php?report_type=countdown 7 The key \"touch-action:\" is not recognized and ignored.">, #<Selenium::WebDriver::LogEntry:0x00007fd50d7ef100 @level="WARNING", @timestamp=1619825038069, @message="https://skarsgardfarms.client-staging.deliverybizpro.com/admin/reports.php?report_type=countdown 7 The key \"-ms-touch-action:\" is not recognized and ignored.">]
Cross-Selling Report,1.507659912109375,[#<Selenium::WebDriver::LogEntry:0x00007fd4bc8951c8 @level="WARNING", @timestamp=1619825042959, @message="https://skarsgardfarms.client-staging.deliverybizpro.com/admin/reports.php?report_type=cross_selling 7 The key \"touch-action:\" is not recognized and ignored.">, #<Selenium::WebDriver::LogEntry:0x00007fd4bc8951a0 @level="WARNING", @timestamp=1619825042959, @message="https://skarsgardfarms.client-staging.deliverybizpro.com/admin/reports.php?report_type=cross_selling 7 The key \"-ms-touch-action:\" is not recognized and ignored.">]
Discount Coupon Report,1.492799997329712,[#<Selenium::WebDriver::LogEntry:0x00007fd4bc9155f8 @level="WARNING", @timestamp=1619825047715, @message="https://skarsgardfarms.client-staging.deliverybizpro.com/admin/reports.php?report_type=discount_coupon 7 The key \"touch-action:\" is not recognized and ignored.">, #<Selenium::WebDriver::LogEntry:0x00007fd4bc915580 @level="WARNING", @timestamp=1619825047715, @message="https://skarsgardfarms.client-staging.deliverybizpro.com/admin/reports.php?report_type=discount_coupon 7 The key \"-ms-touch-action:\" is not recognized and ignored.">]
Manage Cross-Selling,1.4368493556976318,[#<Selenium::WebDriver::LogEntry:0x00007fd4bc9964a0 @level="WARNING", @timestamp=1619825052445, @message="https://skarsgardfarms.client-staging.deliverybizpro.com/admin/reports.php?report_type=upselling 7 The key \"touch-action:\" is not recognized and ignored.">, #<Selenium::WebDriver::LogEntry:0x00007fd4bc996478 @level="WARNING", @timestamp=1619825052445, @message="https://skarsgardfarms.client-staging.deliverybizpro.com/admin/reports.php?report_type=upselling 7 The key \"-ms-touch-action:\" is not recognized and ignored.">]
Ordered Products Reports,1.753218173980713,[#<Selenium::WebDriver::LogEntry:0x00007fd4bc9d6190 @level="WARNING", @timestamp=1619825057223, @message="https://skarsgardfarms.client-staging.deliverybizpro.com/admin/reports.php?report_type=product 7 The key \"touch-action:\" is not recognized and ignored.">, #<Selenium::WebDriver::LogEntry:0x00007fd4bc9d6168 @level="WARNING", @timestamp=1619825057223, @message="https://skarsgardfarms.client-staging.deliverybizpro.com/admin/reports.php?report_type=product 7 The key \"-ms-touch-action:\" is not recognized and ignored.">]
Overall Sales,2.2081189155578613,[#<Selenium::WebDriver::LogEntry:0x00007fd4bca37f30 @level="WARNING", @timestamp=1619825062501, @message="https://skarsgardfarms.client-staging.deliverybizpro.com/admin/reports.php?report_type=over_sales 7 The key \"touch-action:\" is not recognized and ignored.">, #<Selenium::WebDriver::LogEntry:0x00007fd4bca37f08 @level="WARNING", @timestamp=1619825062501, @message="https://skarsgardfarms.client-staging.deliverybizpro.com/admin/reports.php?report_type=over_sales 7 The key \"-ms-touch-action:\" is not recognized and ignored.">]
Sales By Route,1.8710029125213623,[#<Selenium::WebDriver::LogEntry:0x00007fd50d363690 @level="WARNING", @timestamp=1619825067751, @message="https://skarsgardfarms.client-staging.deliverybizpro.com/admin/reports.php?report_type=sales_by_route 7 The key \"touch-action:\" is not recognized and ignored.">, #<Selenium::WebDriver::LogEntry:0x00007fd50d363668 @level="WARNING", @timestamp=1619825067751, @message="https://skarsgardfarms.client-staging.deliverybizpro.com/admin/reports.php?report_type=sales_by_route 7 The key \"-ms-touch-action:\" is not recognized and ignored.">]
Financials Reporting,1.0733730792999268,[]
Average Order Report,1.563237190246582,[#<Selenium::WebDriver::LogEntry:0x00007fd50d5f6d80 @level="WARNING", @timestamp=1619825077077, @message="https://skarsgardfarms.client-staging.deliverybizpro.com/admin/reports.php?report_type=average_order 7 The key \"touch-action:\" is not recognized and ignored.">, #<Selenium::WebDriver::LogEntry:0x00007fd50d5f6d58 @level="WARNING", @timestamp=1619825077077, @message="https://skarsgardfarms.client-staging.deliverybizpro.com/admin/reports.php?report_type=average_order 7 The key \"-ms-touch-action:\" is not recognized and ignored.">]
Credits Report,1.5190808773040771,[#<Selenium::WebDriver::LogEntry:0x00007fd50d6f4ae8 @level="WARNING", @timestamp=1619825081886, @message="https://skarsgardfarms.client-staging.deliverybizpro.com/admin/reports.php?report_type=credits 7 The key \"touch-action:\" is not recognized and ignored.">, #<Selenium::WebDriver::LogEntry:0x00007fd50d6f4688 @level="WARNING", @timestamp=1619825081887, @message="https://skarsgardfarms.client-staging.deliverybizpro.com/admin/reports.php?report_type=credits 7 The key \"-ms-touch-action:\" is not recognized and ignored.">]
Effective Margin Report,2.987900972366333,[#<Selenium::WebDriver::LogEntry:0x00007fd50d7dc078 @level="WARNING", @timestamp=1619825088224, @message="https://skarsgardfarms.client-staging.deliverybizpro.com/admin/reports.php?report_type=effective_margin 7 The key \"touch-action:\" is not recognized and ignored.">, #<Selenium::WebDriver::LogEntry:0x00007fd50d7dc050 @level="WARNING", @timestamp=1619825088225, @message="https://skarsgardfarms.client-staging.deliverybizpro.com/admin/reports.php?report_type=effective_margin 7 The key \"-ms-touch-action:\" is not recognized and ignored.">]
Financials Export,1.4567680358886719,[#<Selenium::WebDriver::LogEntry:0x00007fd4bc88ea30 @level="WARNING", @timestamp=1619825092918, @message="https://skarsgardfarms.client-staging.deliverybizpro.com/admin/reports.php?report_type=financials 7 The key \"touch-action:\" is not recognized and ignored.">, #<Selenium::WebDriver::LogEntry:0x00007fd4bc88ea08 @level="WARNING", @timestamp=1619825092918, @message="https://skarsgardfarms.client-staging.deliverybizpro.com/admin/reports.php?report_type=financials 7 The key \"-ms-touch-action:\" is not recognized and ignored.">]
No Payment Customers,4.704058885574341,[#<Selenium::WebDriver::LogEntry:0x00007fd4bc90e3e8 @level="WARNING", @timestamp=1619825100814, @message="https://skarsgardfarms.client-staging.deliverybizpro.com/admin/reports.php?report_type=not_paid 7 The key \"touch-action:\" is not recognized and ignored.">, #<Selenium::WebDriver::LogEntry:0x00007fd4bc90e3c0 @level="WARNING", @timestamp=1619825100814, @message="https://skarsgardfarms.client-staging.deliverybizpro.com/admin/reports.php?report_type=not_paid 7 The key \"-ms-touch-action:\" is not recognized and ignored.">]
Past Due Customers,1.5047850608825684,[#<Selenium::WebDriver::LogEntry:0x00007fd4bc98f308 @level="WARNING", @timestamp=1619825105647, @message="https://skarsgardfarms.client-staging.deliverybizpro.com/admin/reports.php?report_type=due 7 The key \"touch-action:\" is not recognized and ignored.">, #<Selenium::WebDriver::LogEntry:0x00007fd4bc98f2b8 @level="WARNING", @timestamp=1619825105647, @message="https://skarsgardfarms.client-staging.deliverybizpro.com/admin/reports.php?report_type=due 7 The key \"-ms-touch-action:\" is not recognized and ignored.">]
Payments On Review,1.6058669090270996,[#<Selenium::WebDriver::LogEntry:0x00007fd4bc9ce148 @level="WARNING", @timestamp=1619825110393, @message="https://skarsgardfarms.client-staging.deliverybizpro.com/admin/reports.php?report_type=review_payments 7 The key \"touch-action:\" is not recognized and ignored.">, #<Selenium::WebDriver::LogEntry:0x00007fd4bc9ce120 @level="WARNING", @timestamp=1619825110393, @message="https://skarsgardfarms.client-staging.deliverybizpro.com/admin/reports.php?report_type=review_payments 7 The key \"-ms-touch-action:\" is not recognized and ignored.">, #<Selenium::WebDriver::LogEntry:0x00007fd4bc9ce0f8 @level="SEVERE", @timestamp=1619825110606, @message="https://skarsgardfarms.client-staging.deliverybizpro.com/admin/skin1/admin/admin-modal.css - Failed to load resource: the server responded with a status of 404 ()">]
Payments Posted Report,1.4928293228149414,[#<Selenium::WebDriver::LogEntry:0x00007fd50d8de070 @level="WARNING", @timestamp=1619825115277, @message="https://skarsgardfarms.client-staging.deliverybizpro.com/admin/reports.php?report_type=checks_posted 7 The key \"touch-action:\" is not recognized and ignored.">, #<Selenium::WebDriver::LogEntry:0x00007fd50d8de048 @level="WARNING", @timestamp=1619825115277, @message="https://skarsgardfarms.client-staging.deliverybizpro.com/admin/reports.php?report_type=checks_posted 7 The key \"-ms-touch-action:\" is not recognized and ignored.">]
Profit Report,2.2005090713500977,[#<Selenium::WebDriver::LogEntry:0x00007fd4fe8428f0 @level="WARNING", @timestamp=1619825120345, @message="https://skarsgardfarms.client-staging.deliverybizpro.com/admin/reports.php?report_type=profit 7 The key \"touch-action:\" is not recognized and ignored.">, #<Selenium::WebDriver::LogEntry:0x00007fd4fe842828 @level="WARNING", @timestamp=1619825120345, @message="https://skarsgardfarms.client-staging.deliverybizpro.com/admin/reports.php?report_type=profit 7 The key \"-ms-touch-action:\" is not recognized and ignored.">]
Recent Payments Report,1.4436233043670654,[#<Selenium::WebDriver::LogEntry:0x00007fd50d4ee208 @level="WARNING", @timestamp=1619825125447, @message="https://skarsgardfarms.client-staging.deliverybizpro.com/admin/reports.php?report_type=delivery_payment 7 The key \"touch-action:\" is not recognized and ignored.">, #<Selenium::WebDriver::LogEntry:0x00007fd50d4ee1e0 @level="WARNING", @timestamp=1619825125447, @message="https://skarsgardfarms.client-staging.deliverybizpro.com/admin/reports.php?report_type=delivery_payment 7 The key \"-ms-touch-action:\" is not recognized and ignored.">]
Show Currently Owed,8.238380193710327,[#<Selenium::WebDriver::LogEntry:0x00007fd50d60d7b0 @level="WARNING", @timestamp=1619825136750, @message="https://skarsgardfarms.client-staging.deliverybizpro.com/admin/reports.php?report_type=owed 7 The key \"touch-action:\" is not recognized and ignored.">, #<Selenium::WebDriver::LogEntry:0x00007fd50d60d788 @level="WARNING", @timestamp=1619825136750, @message="https://skarsgardfarms.client-staging.deliverybizpro.com/admin/reports.php?report_type=owed 7 The key \"-ms-touch-action:\" is not recognized and ignored.">]
Taxes Report,1.6010048389434814,[#<Selenium::WebDriver::LogEntry:0x00007fd50d745830 @level="WARNING", @timestamp=1619825141668, @message="https://skarsgardfarms.client-staging.deliverybizpro.com/admin/reports.php?report_type=taxes 7 The key \"touch-action:\" is not recognized and ignored.">, #<Selenium::WebDriver::LogEntry:0x00007fd50d745808 @level="WARNING", @timestamp=1619825141668, @message="https://skarsgardfarms.client-staging.deliverybizpro.com/admin/reports.php?report_type=taxes 7 The key \"-ms-touch-action:\" is not recognized and ignored.">]
Product Reporting,1.0595710277557373,[]
Bagged Items Report,1.72222900390625,[#<Selenium::WebDriver::LogEntry:0x00007fd4bc87c498 @level="WARNING", @timestamp=1619825150836, @message="https://skarsgardfarms.client-staging.deliverybizpro.com/admin/reports.php?report_type=bagged_items 7 The key \"touch-action:\" is not recognized and ignored.">, #<Selenium::WebDriver::LogEntry:0x00007fd4bc87c470 @level="WARNING", @timestamp=1619825150837, @message="https://skarsgardfarms.client-staging.deliverybizpro.com/admin/reports.php?report_type=bagged_items 7 The key \"-ms-touch-action:\" is not recognized and ignored.">]
Customized Products,1.687845230102539,[#<Selenium::WebDriver::LogEntry:0x00007fd4bc907408 @level="WARNING", @timestamp=1619825155785, @message="https://skarsgardfarms.client-staging.deliverybizpro.com/admin/reports.php?report_type=customized_products 7 The key \"touch-action:\" is not recognized and ignored.">, #<Selenium::WebDriver::LogEntry:0x00007fd4bc9073e0 @level="WARNING", @timestamp=1619825155785, @message="https://skarsgardfarms.client-staging.deliverybizpro.com/admin/reports.php?report_type=customized_products 7 The key \"-ms-touch-action:\" is not recognized and ignored.">, #<Selenium::WebDriver::LogEntry:0x00007fd4bc907390 @level="SEVERE", @timestamp=1619825155985, @message="https://skarsgardfarms.client-staging.deliverybizpro.com/admin/skin1/admin/admin-modal.css - Failed to load resource: the server responded with a status of 404 ()">]
Forecast,60.84086298942566,[#<Selenium::WebDriver::LogEntry:0x00007fd4bc98e4d0 @level="WARNING", @timestamp=1619825280923, @message="https://skarsgardfarms.client-staging.deliverybizpro.com/admin/reports.php?report_type=forecast 7 The key \"touch-action:\" is not recognized and ignored.">, #<Selenium::WebDriver::LogEntry:0x00007fd4bc98e4a8 @level="WARNING", @timestamp=1619825280923, @message="https://skarsgardfarms.client-staging.deliverybizpro.com/admin/reports.php?report_type=forecast 7 The key \"-ms-touch-action:\" is not recognized and ignored.">]
Inventory,4.454034090042114,[#<Selenium::WebDriver::LogEntry:0x00007fd4bc9c71e0 @level="WARNING", @timestamp=1619825289728, @message="https://skarsgardfarms.client-staging.deliverybizpro.com/admin/reports.php?report_type=inventory&hide_disabled_inventory=Y 7 The key \"touch-action:\" is not recognized and ignored.">, #<Selenium::WebDriver::LogEntry:0x00007fd4bc9c71b8 @level="WARNING", @timestamp=1619825289728, @message="https://skarsgardfarms.client-staging.deliverybizpro.com/admin/reports.php?report_type=inventory&hide_disabled_inventory=Y 7 The key \"-ms-touch-action:\" is not recognized and ignored.">]
Product Reporting,1.068472146987915,[]
Load Sheet Report,2.2337701320648193,[#<Selenium::WebDriver::LogEntry:0x00007fd4bca646c0 @level="WARNING", @timestamp=1619825300550, @message="https://skarsgardfarms.client-staging.deliverybizpro.com/admin/reports.php?report_type=load_sheet 7 The key \"touch-action:\" is not recognized and ignored.">, #<Selenium::WebDriver::LogEntry:0x00007fd4bca64698 @level="WARNING", @timestamp=1619825300550, @message="https://skarsgardfarms.client-staging.deliverybizpro.com/admin/reports.php?report_type=load_sheet 7 The key \"-ms-touch-action:\" is not recognized and ignored.">]
Out Of Stock Report,1.6183452606201172,[#<Selenium::WebDriver::LogEntry:0x00007fd50d481158 @level="WARNING", @timestamp=1619825305384, @message="https://skarsgardfarms.client-staging.deliverybizpro.com/admin/reports.php?report_type=out_of_stock 7 The key \"touch-action:\" is not recognized and ignored.">, #<Selenium::WebDriver::LogEntry:0x00007fd50d481090 @level="WARNING", @timestamp=1619825305384, @message="https://skarsgardfarms.client-staging.deliverybizpro.com/admin/reports.php?report_type=out_of_stock 7 The key \"-ms-touch-action:\" is not recognized and ignored.">, #<Selenium::WebDriver::LogEntry:0x00007fd50d481018 @level="SEVERE", @timestamp=1619825305590, @message="https://skarsgardfarms.client-staging.deliverybizpro.com/admin/skin1/admin/admin-modal.css - Failed to load resource: the server responded with a status of 404 ()">]
Substitutions Report,1.4921610355377197,[#<Selenium::WebDriver::LogEntry:0x00007fd50d5e7ce0 @level="WARNING", @timestamp=1619825310320, @message="https://skarsgardfarms.client-staging.deliverybizpro.com/admin/reports.php?report_type=substitutions 7 The key \"touch-action:\" is not recognized and ignored.">, #<Selenium::WebDriver::LogEntry:0x00007fd50d5e7c40 @level="WARNING", @timestamp=1619825310320, @message="https://skarsgardfarms.client-staging.deliverybizpro.com/admin/reports.php?report_type=substitutions 7 The key \"-ms-touch-action:\" is not recognized and ignored.">]
Customer Reporting,1.0790598392486572,[]
Customer Count Report,1.866544246673584,[#<Selenium::WebDriver::LogEntry:0x00007fd50d7ade30 @level="WARNING", @timestamp=1619825323790, @message="https://skarsgardfarms.client-staging.deliverybizpro.com/admin/reports.php?report_type=customer_count 7 The key \"touch-action:\" is not recognized and ignored.">, #<Selenium::WebDriver::LogEntry:0x00007fd50d7add68 @level="WARNING", @timestamp=1619825323790, @message="https://skarsgardfarms.client-staging.deliverybizpro.com/admin/reports.php?report_type=customer_count 7 The key \"-ms-touch-action:\" is not recognized and ignored.">]
Customer Orders Count,1.7092280387878418,[#<Selenium::WebDriver::LogEntry:0x00007fd4bc8541c8 @level="WARNING", @timestamp=1619825328546, @message="https://skarsgardfarms.client-staging.deliverybizpro.com/admin/reports.php?report_type=customer_orders 7 The key \"touch-action:\" is not recognized and ignored.">, #<Selenium::WebDriver::LogEntry:0x00007fd4bc854150 @level="WARNING", @timestamp=1619825328546, @message="https://skarsgardfarms.client-staging.deliverybizpro.com/admin/reports.php?report_type=customer_orders 7 The key \"-ms-touch-action:\" is not recognized and ignored.">]
Deposit Report,1.5246858596801758,[#<Selenium::WebDriver::LogEntry:0x00007fd4bc8dd400 @level="WARNING", @timestamp=1619825333459, @message="https://skarsgardfarms.client-staging.deliverybizpro.com/admin/reports.php?report_type=bottle_deposit 7 The key \"touch-action:\" is not recognized and ignored.">, #<Selenium::WebDriver::LogEntry:0x00007fd4bc8dd3d8 @level="WARNING", @timestamp=1619825333459, @message="https://skarsgardfarms.client-staging.deliverybizpro.com/admin/reports.php?report_type=bottle_deposit 7 The key \"-ms-touch-action:\" is not recognized and ignored.">]
Followup Report,1.9359657764434814,[#<Selenium::WebDriver::LogEntry:0x00007fd4bc95e870 @level="WARNING", @timestamp=1619825338583, @message="https://skarsgardfarms.client-staging.deliverybizpro.com/admin/reports.php?report_type=followup 7 The key \"touch-action:\" is not recognized and ignored.">, #<Selenium::WebDriver::LogEntry:0x00007fd4bc95e7f8 @level="WARNING", @timestamp=1619825338583, @message="https://skarsgardfarms.client-staging.deliverybizpro.com/admin/reports.php?report_type=followup 7 The key \"-ms-touch-action:\" is not recognized and ignored.">]
Friend Referral Report,1.5137848854064941,[#<Selenium::WebDriver::LogEntry:0x00007fd50d8c6f88 @level="WARNING", @timestamp=1619825343495, @message="https://skarsgardfarms.client-staging.deliverybizpro.com/admin/reports.php?report_type=refer_friend 7 The key \"touch-action:\" is not recognized and ignored.">, #<Selenium::WebDriver::LogEntry:0x00007fd50d8c6f60 @level="WARNING", @timestamp=1619825343495, @message="https://skarsgardfarms.client-staging.deliverybizpro.com/admin/reports.php?report_type=refer_friend 7 The key \"-ms-touch-action:\" is not recognized and ignored.">]
Minimum Order Report,1.4947009086608887,[#<Selenium::WebDriver::LogEntry:0x00007fd4bca0cd08 @level="WARNING", @timestamp=1619825348265, @message="https://skarsgardfarms.client-staging.deliverybizpro.com/admin/reports.php?report_type=min_order_report 7 The key \"touch-action:\" is not recognized and ignored.">, #<Selenium::WebDriver::LogEntry:0x00007fd4bca0cce0 @level="WARNING", @timestamp=1619825348265, @message="https://skarsgardfarms.client-staging.deliverybizpro.com/admin/reports.php?report_type=min_order_report 7 The key \"-ms-touch-action:\" is not recognized and ignored.">]
Negative Balances,5.347269773483276,[#<Selenium::WebDriver::LogEntry:0x00007fd4bca6dc98 @level="WARNING", @timestamp=1619825356611, @message="https://skarsgardfarms.client-staging.deliverybizpro.com/admin/reports.php?report_type=balance 7 The key \"touch-action:\" is not recognized and ignored.">, #<Selenium::WebDriver::LogEntry:0x00007fd4bca6dc70 @level="WARNING", @timestamp=1619825356611, @message="https://skarsgardfarms.client-staging.deliverybizpro.com/admin/reports.php?report_type=balance 7 The key \"-ms-touch-action:\" is not recognized and ignored.">]
New Customers,1.5934360027313232,[#<Selenium::WebDriver::LogEntry:0x00007fd50d3f86f0 @level="WARNING", @timestamp=1619825361564, @message="https://skarsgardfarms.client-staging.deliverybizpro.com/admin/reports.php?report_type=new 7 The key \"touch-action:\" is not recognized and ignored.">, #<Selenium::WebDriver::LogEntry:0x00007fd50d3f86a0 @level="WARNING", @timestamp=1619825361564, @message="https://skarsgardfarms.client-staging.deliverybizpro.com/admin/reports.php?report_type=new 7 The key \"-ms-touch-action:\" is not recognized and ignored.">]
No Order Customers Report,2.374976873397827,[#<Selenium::WebDriver::LogEntry:0x00007fd50d595f80 @level="WARNING", @timestamp=1619825369214, @message="https://skarsgardfarms.client-staging.deliverybizpro.com/admin/reports.php?report_type=no_orders 7 The key \"touch-action:\" is not recognized and ignored.">, #<Selenium::WebDriver::LogEntry:0x00007fd50d595508 @level="WARNING", @timestamp=1619825369214, @message="https://skarsgardfarms.client-staging.deliverybizpro.com/admin/reports.php?report_type=no_orders 7 The key \"-ms-touch-action:\" is not recognized and ignored.">]
No Payment Customers,4.337589979171753,[#<Selenium::WebDriver::LogEntry:0x00007fd50d6577c0 @level="WARNING", @timestamp=1619825376695, @message="https://skarsgardfarms.client-staging.deliverybizpro.com/admin/reports.php?report_type=not_paid 7 The key \"touch-action:\" is not recognized and ignored.">, #<Selenium::WebDriver::LogEntry:0x00007fd50d657798 @level="WARNING", @timestamp=1619825376695, @message="https://skarsgardfarms.client-staging.deliverybizpro.com/admin/reports.php?report_type=not_paid 7 The key \"-ms-touch-action:\" is not recognized and ignored.">]
Customer Reporting,1.056060791015625,[]
On Hold Report,1.8011221885681152,[#<Selenium::WebDriver::LogEntry:0x00007fd50d7f7f30 @level="WARNING", @timestamp=1619825386127, @message="https://skarsgardfarms.client-staging.deliverybizpro.com/admin/reports.php?report_type=on_hold 7 The key \"touch-action:\" is not recognized and ignored.">, #<Selenium::WebDriver::LogEntry:0x00007fd50d7f7f08 @level="WARNING", @timestamp=1619825386127, @message="https://skarsgardfarms.client-staging.deliverybizpro.com/admin/reports.php?report_type=on_hold 7 The key \"-ms-touch-action:\" is not recognized and ignored.">]
Past Due Customers,2.896000623703003,[#<Selenium::WebDriver::LogEntry:0x00007fd4bc89d710 @level="WARNING", @timestamp=1619825392307, @message="https://skarsgardfarms.client-staging.deliverybizpro.com/admin/reports.php?report_type=due 7 The key \"touch-action:\" is not recognized and ignored.">, #<Selenium::WebDriver::LogEntry:0x00007fd4bc89d6e8 @level="WARNING", @timestamp=1619825392307, @message="https://skarsgardfarms.client-staging.deliverybizpro.com/admin/reports.php?report_type=due 7 The key \"-ms-touch-action:\" is not recognized and ignored.">]
Customer Reporting,1.057110071182251,[]
Recurring Order Report,1.60447096824646,[#<Selenium::WebDriver::LogEntry:0x00007fd4bc977960 @level="WARNING", @timestamp=1619825401404, @message="https://skarsgardfarms.client-staging.deliverybizpro.com/admin/reports.php?report_type=recurring_orders 7 The key \"touch-action:\" is not recognized and ignored.">, #<Selenium::WebDriver::LogEntry:0x00007fd4bc977910 @level="WARNING", @timestamp=1619825401404, @message="https://skarsgardfarms.client-staging.deliverybizpro.com/admin/reports.php?report_type=recurring_orders 7 The key \"-ms-touch-action:\" is not recognized and ignored.">]
Retention Report,1.6146280765533447,[#<Selenium::WebDriver::LogEntry:0x00007fd50d8d47f0 @level="WARNING", @timestamp=1619825406287, @message="https://skarsgardfarms.client-staging.deliverybizpro.com/admin/reports.php?report_type=customer_retention 7 The key \"touch-action:\" is not recognized and ignored.">, #<Selenium::WebDriver::LogEntry:0x00007fd50d8d47c8 @level="WARNING", @timestamp=1619825406287, @message="https://skarsgardfarms.client-staging.deliverybizpro.com/admin/reports.php?report_type=customer_retention 7 The key \"-ms-touch-action:\" is not recognized and ignored.">]
Show Inactive Customers,1.58719801902771,[#<Selenium::WebDriver::LogEntry:0x00007fd4bca159f8 @level="WARNING", @timestamp=1619825413233, @message="https://skarsgardfarms.client-staging.deliverybizpro.com/admin/reports.php?report_type=inactive_customers 7 The key \"touch-action:\" is not recognized and ignored.">, #<Selenium::WebDriver::LogEntry:0x00007fd4bca159d0 @level="WARNING", @timestamp=1619825413234, @message="https://skarsgardfarms.client-staging.deliverybizpro.com/admin/reports.php?report_type=inactive_customers 7 The key \"-ms-touch-action:\" is not recognized and ignored.">]
Top Customers,1.5485851764678955,[#<Selenium::WebDriver::LogEntry:0x00007fd4bca75fd8 @level="WARNING", @timestamp=1619825418050, @message="https://skarsgardfarms.client-staging.deliverybizpro.com/admin/reports.php?report_type=top_customers 7 The key \"touch-action:\" is not recognized and ignored.">, #<Selenium::WebDriver::LogEntry:0x00007fd4bca75f38 @level="WARNING", @timestamp=1619825418051, @message="https://skarsgardfarms.client-staging.deliverybizpro.com/admin/reports.php?report_type=top_customers 7 The key \"-ms-touch-action:\" is not recognized and ignored.">]
Misc. Reporting,60.07897114753723,[]
Contact Us Report,2.3366880416870117,[#<Selenium::WebDriver::LogEntry:0x00007fd50d607b30 @level="WARNING", @timestamp=1619825671800, @message="https://skarsgardfarms.client-staging.deliverybizpro.com/admin/reports.php?report_type=contact_us 7 The key \"touch-action:\" is not recognized and ignored.">, #<Selenium::WebDriver::LogEntry:0x00007fd50d607b08 @level="WARNING", @timestamp=1619825671800, @message="https://skarsgardfarms.client-staging.deliverybizpro.com/admin/reports.php?report_type=contact_us 7 The key \"-ms-touch-action:\" is not recognized and ignored.">]
Coupon Usage,1.4857728481292725,[#<Selenium::WebDriver::LogEntry:0x00007fd50d72fdc8 @level="WARNING", @timestamp=1619825676732, @message="https://skarsgardfarms.client-staging.deliverybizpro.com/admin/reports.php?report_type=coupons 7 The key \"touch-action:\" is not recognized and ignored.">, #<Selenium::WebDriver::LogEntry:0x00007fd50d72fcd8 @level="WARNING", @timestamp=1619825676732, @message="https://skarsgardfarms.client-staging.deliverybizpro.com/admin/reports.php?report_type=coupons 7 The key \"-ms-touch-action:\" is not recognized and ignored.">]
Missing Orders,61.808008909225464,[#<Selenium::WebDriver::LogEntry:0x00007fd50d7f84a8 @level="WARNING", @timestamp=1619825802570, @message="https://skarsgardfarms.client-staging.deliverybizpro.com/admin/reports.php?report_type=missing_orders 7 The key \"touch-action:\" is not recognized and ignored.">, #<Selenium::WebDriver::LogEntry:0x00007fd50d7f8480 @level="WARNING", @timestamp=1619825802570, @message="https://skarsgardfarms.client-staging.deliverybizpro.com/admin/reports.php?report_type=missing_orders 7 The key \"-ms-touch-action:\" is not recognized and ignored.">, #<Selenium::WebDriver::LogEntry:0x00007fd50d7f8430 @level="SEVERE", @timestamp=1619825802749, @message="https://skarsgardfarms.client-staging.deliverybizpro.com/admin/skin1/admin/admin-modal.css - Failed to load resource: the server responded with a status of 404 ()">, #<Selenium::WebDriver::LogEntry:0x00007fd50d7f8408 @level="SEVERE", @timestamp=1619825802889, @message="https://skarsgardfarms.client-staging.deliverybizpro.com/admin/skin1/admin/admin-modal.css - Failed to load resource: the server responded with a status of 404 ()">]
Tips & Donations Report,1.5747520923614502,[#<Selenium::WebDriver::LogEntry:0x00007fd4bc89da58 @level="WARNING", @timestamp=1619825809656, @message="https://skarsgardfarms.client-staging.deliverybizpro.com/admin/reports.php?report_type=tips_and_donations 7 The key \"touch-action:\" is not recognized and ignored.">, #<Selenium::WebDriver::LogEntry:0x00007fd4bc89da30 @level="WARNING", @timestamp=1619825809656, @message="https://skarsgardfarms.client-staging.deliverybizpro.com/admin/reports.php?report_type=tips_and_donations 7 The key \"-ms-touch-action:\" is not recognized and ignored.">]
Coupons,1.7253823280334473,[#<Selenium::WebDriver::LogEntry:0x00007fd4bc91e4c8 @level="WARNING", @timestamp=1619825814731, @message="https://skarsgardfarms.client-staging.deliverybizpro.com/admin/discount_coupons.php 7 The key \"touch-action:\" is not recognized and ignored.">, #<Selenium::WebDriver::LogEntry:0x00007fd4bc91e478 @level="WARNING", @timestamp=1619825814731, @message="https://skarsgardfarms.client-staging.deliverybizpro.com/admin/discount_coupons.php 7 The key \"-ms-touch-action:\" is not recognized and ignored.">, #<Selenium::WebDriver::LogEntry:0x00007fd4bc91e400 @level="WARNING", @timestamp=1619825815846, @message="https://skarsgardfarms.client-staging.deliverybizpro.com/admin/discount_coupons.php - [DOM] Found 2 elements with non-unique id #action_value: (More info: https://goo.gl/9p2vKq) %o %o">]
Coupon Events,1.4508140087127686,[#<Selenium::WebDriver::LogEntry:0x00007fd4bc98da08 @level="WARNING", @timestamp=1619825821457, @message="https://skarsgardfarms.client-staging.deliverybizpro.com/admin/coupon_events.php 7 The key \"touch-action:\" is not recognized and ignored.">, #<Selenium::WebDriver::LogEntry:0x00007fd4bc98d9e0 @level="WARNING", @timestamp=1619825821458, @message="https://skarsgardfarms.client-staging.deliverybizpro.com/admin/coupon_events.php 7 The key \"-ms-touch-action:\" is not recognized and ignored.">]
Countdown Products,1.428652048110962,[#<Selenium::WebDriver::LogEntry:0x00007fd4bc9c6ab0 @level="WARNING", @timestamp=1619825828158, @message="https://skarsgardfarms.client-staging.deliverybizpro.com/admin/reports.php?report_type=countdown_mgmt 7 The key \"touch-action:\" is not recognized and ignored.">, #<Selenium::WebDriver::LogEntry:0x00007fd4bc9c6a88 @level="WARNING", @timestamp=1619825828158, @message="https://skarsgardfarms.client-staging.deliverybizpro.com/admin/reports.php?report_type=countdown_mgmt 7 The key \"-ms-touch-action:\" is not recognized and ignored.">]
Global Discounts,1.6979951858520508,[#<Selenium::WebDriver::LogEntry:0x00007fd4bca2e0c0 @level="WARNING", @timestamp=1619825833013, @message="https://skarsgardfarms.client-staging.deliverybizpro.com/provider/discounts.php 7 The key \"touch-action:\" is not recognized and ignored.">, #<Selenium::WebDriver::LogEntry:0x00007fd4bca2e098 @level="WARNING", @timestamp=1619825833013, @message="https://skarsgardfarms.client-staging.deliverybizpro.com/provider/discounts.php 7 The key \"-ms-touch-action:\" is not recognized and ignored.">]
Featured Products,1.6333911418914795,[#<Selenium::WebDriver::LogEntry:0x00007fd4bca841a0 @level="WARNING", @timestamp=1619825839826, @message="https://skarsgardfarms.client-staging.deliverybizpro.com/admin/products?search_criteria=featured_product 7 The key \"touch-action:\" is not recognized and ignored.">, #<Selenium::WebDriver::LogEntry:0x00007fd4bca84178 @level="WARNING", @timestamp=1619825839826, @message="https://skarsgardfarms.client-staging.deliverybizpro.com/admin/products?search_criteria=featured_product 7 The key \"-ms-touch-action:\" is not recognized and ignored.">, #<Selenium::WebDriver::LogEntry:0x00007fd4bca840d8 @level="WARNING", @timestamp=1619825840069, @message="https://skarsgardfarms.client-staging.deliverybizpro.com/admin/products?search_criteria=featured_product - [DOM] Found 2 elements with non-unique id #collapse-quantity: (More info: https://goo.gl/9p2vKq) %o %o">]
Sale Items,2.2492568492889404,[#<Selenium::WebDriver::LogEntry:0x00007fd50d856738 @level="WARNING", @timestamp=1619825846737, @message="https://skarsgardfarms.client-staging.deliverybizpro.com/admin/products?search_criteria=sale_item 7 The key \"touch-action:\" is not recognized and ignored.">, #<Selenium::WebDriver::LogEntry:0x00007fd50d856648 @level="WARNING", @timestamp=1619825846737, @message="https://skarsgardfarms.client-staging.deliverybizpro.com/admin/products?search_criteria=sale_item 7 The key \"-ms-touch-action:\" is not recognized and ignored.">, #<Selenium::WebDriver::LogEntry:0x00007fd50d856350 @level="WARNING", @timestamp=1619825847553, @message="https://skarsgardfarms.client-staging.deliverybizpro.com/admin/products?search_criteria=sale_item - [DOM] Found 2 elements with non-unique id #collapse-quantity: (More info: https://goo.gl/9p2vKq) %o %o">]
Manage Cross-Selling,1.5227580070495605,[#<Selenium::WebDriver::LogEntry:0x00007fd50d5e60c0 @level="WARNING", @timestamp=1619825854316, @message="https://skarsgardfarms.client-staging.deliverybizpro.com/admin/reports.php?report_type=upselling 7 The key \"touch-action:\" is not recognized and ignored.">, #<Selenium::WebDriver::LogEntry:0x00007fd50d5e6098 @level="WARNING", @timestamp=1619825854316, @message="https://skarsgardfarms.client-staging.deliverybizpro.com/admin/reports.php?report_type=upselling 7 The key \"-ms-touch-action:\" is not recognized and ignored.">]
First Time Order Specials,1.506404161453247,[#<Selenium::WebDriver::LogEntry:0x00007fd50d6ccef8 @level="WARNING", @timestamp=1619825859039, @message="https://skarsgardfarms.client-staging.deliverybizpro.com/admin/products?search_criteria=first_time_order 7 The key \"touch-action:\" is not recognized and ignored.">, #<Selenium::WebDriver::LogEntry:0x00007fd50d6cce80 @level="WARNING", @timestamp=1619825859039, @message="https://skarsgardfarms.client-staging.deliverybizpro.com/admin/products?search_criteria=first_time_order 7 The key \"-ms-touch-action:\" is not recognized and ignored.">, #<Selenium::WebDriver::LogEntry:0x00007fd50d6cce58 @level="WARNING", @timestamp=1619825859158, @message="https://skarsgardfarms.client-staging.deliverybizpro.com/admin/products?search_criteria=first_time_order - [DOM] Found 2 elements with non-unique id #collapse-quantity: (More info: https://goo.gl/9p2vKq) %o %o">]
Search Orders,1.7199368476867676,[#<Selenium::WebDriver::LogEntry:0x00007fd50d7c74e8 @level="WARNING", @timestamp=1619825865828, @message="https://skarsgardfarms.client-staging.deliverybizpro.com/admin/orders.php 7 The key \"touch-action:\" is not recognized and ignored.">, #<Selenium::WebDriver::LogEntry:0x00007fd50d7c74c0 @level="WARNING", @timestamp=1619825865828, @message="https://skarsgardfarms.client-staging.deliverybizpro.com/admin/orders.php 7 The key \"-ms-touch-action:\" is not recognized and ignored.">]
Today's Orders,2.365962028503418,[#<Selenium::WebDriver::LogEntry:0x00007fd4bc85f028 @level="WARNING", @timestamp=1619825873109, @message="https://skarsgardfarms.client-staging.deliverybizpro.com/admin/orders.php?mode=search 7 The key \"touch-action:\" is not recognized and ignored.">, #<Selenium::WebDriver::LogEntry:0x00007fd4bc85f000 @level="WARNING", @timestamp=1619825873110, @message="https://skarsgardfarms.client-staging.deliverybizpro.com/admin/orders.php?mode=search 7 The key \"-ms-touch-action:\" is not recognized and ignored.">]
This Week's Orders,2.667243003845215,[#<Selenium::WebDriver::LogEntry:0x00007fd4bc8d6df8 @level="WARNING", @timestamp=1619825880730, @message="https://skarsgardfarms.client-staging.deliverybizpro.com/admin/orders.php?mode=search 7 The key \"touch-action:\" is not recognized and ignored.">, #<Selenium::WebDriver::LogEntry:0x00007fd4bc8d6dd0 @level="WARNING", @timestamp=1619825880730, @message="https://skarsgardfarms.client-staging.deliverybizpro.com/admin/orders.php?mode=search 7 The key \"-ms-touch-action:\" is not recognized and ignored.">]
Next Week's Orders,2.898101806640625,[#<Selenium::WebDriver::LogEntry:0x00007fd4bc946e28 @level="WARNING", @timestamp=1619825888897, @message="https://skarsgardfarms.client-staging.deliverybizpro.com/admin/orders.php?mode=search 7 The key \"touch-action:\" is not recognized and ignored.">, #<Selenium::WebDriver::LogEntry:0x00007fd4bc946e00 @level="WARNING", @timestamp=1619825888897, @message="https://skarsgardfarms.client-staging.deliverybizpro.com/admin/orders.php?mode=search 7 The key \"-ms-touch-action:\" is not recognized and ignored.">]
Create Purchase Order,2.1446118354797363,[#<Selenium::WebDriver::LogEntry:0x00007fd4bc9b6458 @level="WARNING", @timestamp=1619825896596, @message="https://skarsgardfarms.client-staging.deliverybizpro.com/admin/router.php#/adv-purchase-order/create 7 The key \"touch-action:\" is not recognized and ignored.">, #<Selenium::WebDriver::LogEntry:0x00007fd4bc9b6430 @level="WARNING", @timestamp=1619825896596, @message="https://skarsgardfarms.client-staging.deliverybizpro.com/admin/router.php#/adv-purchase-order/create 7 The key \"-ms-touch-action:\" is not recognized and ignored.">]
View Purchase Orders,1.1099200248718262,[]
Autoresponders,2.1263911724090576,[#<Selenium::WebDriver::LogEntry:0x00007fd4bca36810 @level="WARNING", @timestamp=1619825910851, @message="https://skarsgardfarms.client-staging.deliverybizpro.com/admin/news.php?mode=messages&targetlist=2 7 The key \"touch-action:\" is not recognized and ignored.">, #<Selenium::WebDriver::LogEntry:0x00007fd4bca367e8 @level="WARNING", @timestamp=1619825910851, @message="https://skarsgardfarms.client-staging.deliverybizpro.com/admin/news.php?mode=messages&targetlist=2 7 The key \"-ms-touch-action:\" is not recognized and ignored.">]
Unsubscribers,1.5366859436035156,[#<Selenium::WebDriver::LogEntry:0x00007fd50d4192b0 @level="WARNING", @timestamp=1619825929869, @message="https://skarsgardfarms.client-staging.deliverybizpro.com/admin/unsubscribers 7 The key \"touch-action:\" is not recognized and ignored.">, #<Selenium::WebDriver::LogEntry:0x00007fd50d419288 @level="WARNING", @timestamp=1619825929869, @message="https://skarsgardfarms.client-staging.deliverybizpro.com/admin/unsubscribers 7 The key \"-ms-touch-action:\" is not recognized and ignored.">]
Edit Static Pages,1.5584609508514404,[#<Selenium::WebDriver::LogEntry:0x00007fd50d5a6d80 @level="WARNING", @timestamp=1619825936752, @message="https://skarsgardfarms.client-staging.deliverybizpro.com/admin/pages.php 7 The key \"touch-action:\" is not recognized and ignored.">, #<Selenium::WebDriver::LogEntry:0x00007fd50d5a6d08 @level="WARNING", @timestamp=1619825936752, @message="https://skarsgardfarms.client-staging.deliverybizpro.com/admin/pages.php 7 The key \"-ms-touch-action:\" is not recognized and ignored.">]
Manage Files,2.120128870010376,[#<Selenium::WebDriver::LogEntry:0x00007fd50d63ef18 @level="WARNING", @timestamp=1619825943491, @message="https://skarsgardfarms.client-staging.deliverybizpro.com/admin/files.php 7 The key \"touch-action:\" is not recognized and ignored.">, #<Selenium::WebDriver::LogEntry:0x00007fd50d63eec8 @level="WARNING", @timestamp=1619825943492, @message="https://skarsgardfarms.client-staging.deliverybizpro.com/admin/files.php 7 The key \"-ms-touch-action:\" is not recognized and ignored.">]
301 Redirects,1.464587926864624,[#<Selenium::WebDriver::LogEntry:0x00007fd50d776de0 @level="WARNING", @timestamp=1619825955003, @message="https://skarsgardfarms.client-staging.deliverybizpro.com/admin/redirects 7 The key \"touch-action:\" is not recognized and ignored.">, #<Selenium::WebDriver::LogEntry:0x00007fd50d776cf0 @level="WARNING", @timestamp=1619825955004, @message="https://skarsgardfarms.client-staging.deliverybizpro.com/admin/redirects 7 The key \"-ms-touch-action:\" is not recognized and ignored.">]
FAQ,1.4784300327301025,[#<Selenium::WebDriver::LogEntry:0x00007fd4bc826cf0 @level="WARNING", @timestamp=1619825961786, @message="https://skarsgardfarms.client-staging.deliverybizpro.com/admin/faq 7 The key \"touch-action:\" is not recognized and ignored.">, #<Selenium::WebDriver::LogEntry:0x00007fd4bc826ca0 @level="WARNING", @timestamp=1619825961786, @message="https://skarsgardfarms.client-staging.deliverybizpro.com/admin/faq 7 The key \"-ms-touch-action:\" is not recognized and ignored.">]
Company Settings,2.487894058227539,[#<Selenium::WebDriver::LogEntry:0x00007fd4bc8a43a8 @level="WARNING", @timestamp=1619825968570, @message="https://skarsgardfarms.client-staging.deliverybizpro.com/admin/company.php 7 The key \"touch-action:\" is not recognized and ignored.">, #<Selenium::WebDriver::LogEntry:0x00007fd4bc8a4380 @level="WARNING", @timestamp=1619825968570, @message="https://skarsgardfarms.client-staging.deliverybizpro.com/admin/company.php 7 The key \"-ms-touch-action:\" is not recognized and ignored.">]
States/Counties,1.6683776378631592,[#<Selenium::WebDriver::LogEntry:0x00007fd4bc91ff30 @level="WARNING", @timestamp=1619825974007, @message="https://maps.googleapis.com/maps-api-v3/api/js/44/12/util.js 227:26 \"Google Maps JavaScript API warning: NoApiKeys https://developers.google.com/maps/documentation/javascript/error-messages#no-api-keys\"">, #<Selenium::WebDriver::LogEntry:0x00007fd4bc91feb8 @level="WARNING", @timestamp=1619825974007, @message="https://maps.googleapis.com/maps-api-v3/api/js/44/12/util.js 227:26 \"Google Maps JavaScript API warning: InvalidKey https://developers.google.com/maps/documentation/javascript/error-messages#invalid-key\"">, #<Selenium::WebDriver::LogEntry:0x00007fd4bc91fe90 @level="WARNING", @timestamp=1619825976395, @message="https://skarsgardfarms.client-staging.deliverybizpro.com/admin/states.php 7 The key \"touch-action:\" is not recognized and ignored.">, #<Selenium::WebDriver::LogEntry:0x00007fd4bc91fe68 @level="WARNING", @timestamp=1619825976395, @message="https://skarsgardfarms.client-staging.deliverybizpro.com/admin/states.php 7 The key \"-ms-touch-action:\" is not recognized and ignored.">]
Taxes,1.0575222969055176,[]
Taxing Zones,1.4589500427246094,[#<Selenium::WebDriver::LogEntry:0x00007fd4bc9bc3d0 @level="WARNING", @timestamp=1619825989552, @message="https://skarsgardfarms.client-staging.deliverybizpro.com/admin/zones.php 7 The key \"touch-action:\" is not recognized and ignored.">, #<Selenium::WebDriver::LogEntry:0x00007fd4bc9bc3a8 @level="WARNING", @timestamp=1619825989552, @message="https://skarsgardfarms.client-staging.deliverybizpro.com/admin/zones.php 7 The key \"-ms-touch-action:\" is not recognized and ignored.">]
Taxing System,1.470599889755249,[#<Selenium::WebDriver::LogEntry:0x00007fd4bca1dba8 @level="WARNING", @timestamp=1619825996282, @message="https://skarsgardfarms.client-staging.deliverybizpro.com/admin/taxes.php 7 The key \"touch-action:\" is not recognized and ignored.">, #<Selenium::WebDriver::LogEntry:0x00007fd4bca1db80 @level="WARNING", @timestamp=1619825996282, @message="https://skarsgardfarms.client-staging.deliverybizpro.com/admin/taxes.php 7 The key \"-ms-touch-action:\" is not recognized and ignored.">]
Minimum Orders Settings,1.6751019954681396,[#<Selenium::WebDriver::LogEntry:0x00007fd4bca77860 @level="WARNING", @timestamp=1619826003048, @message="https://skarsgardfarms.client-staging.deliverybizpro.com/admin/min_orders_settings.php 7 The key \"touch-action:\" is not recognized and ignored.">, #<Selenium::WebDriver::LogEntry:0x00007fd4bca77838 @level="WARNING", @timestamp=1619826003048, @message="https://skarsgardfarms.client-staging.deliverybizpro.com/admin/min_orders_settings.php 7 The key \"-ms-touch-action:\" is not recognized and ignored.">]
Zip Codes,1.5366737842559814,[#<Selenium::WebDriver::LogEntry:0x00007fd50d47a600 @level="WARNING", @timestamp=1619826010042, @message="https://skarsgardfarms.client-staging.deliverybizpro.com/admin/zip_codes.php 7 The key \"touch-action:\" is not recognized and ignored.">, #<Selenium::WebDriver::LogEntry:0x00007fd50d47a538 @level="WARNING", @timestamp=1619826010043, @message="https://skarsgardfarms.client-staging.deliverybizpro.com/admin/zip_codes.php 7 The key \"-ms-touch-action:\" is not recognized and ignored.">, #<Selenium::WebDriver::LogEntry:0x00007fd50d47a498 @level="WARNING", @timestamp=1619826010158, @message="https://skarsgardfarms.client-staging.deliverybizpro.com/admin/zip_codes.php - [DOM] Found 2 elements with non-unique id #zip_delivery_type: (More info: https://goo.gl/9p2vKq) %o %o">]
Fees,1.0559821128845215,[]
App Settings,1.641059160232544,[#<Selenium::WebDriver::LogEntry:0x00007fd50d686818 @level="WARNING", @timestamp=1619826023094, @message="https://skarsgardfarms.client-staging.deliverybizpro.com/admin/driver_app.php 7 The key \"touch-action:\" is not recognized and ignored.">, #<Selenium::WebDriver::LogEntry:0x00007fd50d6867f0 @level="WARNING", @timestamp=1619826023094, @message="https://skarsgardfarms.client-staging.deliverybizpro.com/admin/driver_app.php 7 The key \"-ms-touch-action:\" is not recognized and ignored.">]
Driver Log Report,1.7218191623687744,[#<Selenium::WebDriver::LogEntry:0x00007fd50d784f58 @level="WARNING", @timestamp=1619826030103, @message="https://skarsgardfarms.client-staging.deliverybizpro.com/admin/router.php?r=driver-log#/driver-log/ 7 The key \"touch-action:\" is not recognized and ignored.">, #<Selenium::WebDriver::LogEntry:0x00007fd50d784e90 @level="WARNING", @timestamp=1619826030103, @message="https://skarsgardfarms.client-staging.deliverybizpro.com/admin/router.php?r=driver-log#/driver-log/ 7 The key \"-ms-touch-action:\" is not recognized and ignored.">]
Settings,1.0625252723693848,[]
Store Locations,1.9305789470672607,[#<Selenium::WebDriver::LogEntry:0x00007fd4bc8b7638 @level="WARNING", @timestamp=1619826043412, @message="https://skarsgardfarms.client-staging.deliverybizpro.com/admin/stores.php 7 The key \"touch-action:\" is not recognized and ignored.">, #<Selenium::WebDriver::LogEntry:0x00007fd4bc8b7610 @level="WARNING", @timestamp=1619826043412, @message="https://skarsgardfarms.client-staging.deliverybizpro.com/admin/stores.php 7 The key \"-ms-touch-action:\" is not recognized and ignored.">]
DBP Settings,1.7557282447814941,[#<Selenium::WebDriver::LogEntry:0x00007fd4bc927d98 @level="WARNING", @timestamp=1619826050486, @message="https://skarsgardfarms.client-staging.deliverybizpro.com/admin/dbp_settings.php 7 The key \"touch-action:\" is not recognized and ignored.">, #<Selenium::WebDriver::LogEntry:0x00007fd4bc927d70 @level="WARNING", @timestamp=1619826050486, @message="https://skarsgardfarms.client-staging.deliverybizpro.com/admin/dbp_settings.php 7 The key \"-ms-touch-action:\" is not recognized and ignored.">]
DBP Billing,14.694295644760132,[#<Selenium::WebDriver::LogEntry:0x00007fd4bc9974e0 @level="WARNING", @timestamp=1619826070464, @message="https://skarsgardfarms.client-staging.deliverybizpro.com/admin/dbp_billing.php 7 The key \"touch-action:\" is not recognized and ignored.">, #<Selenium::WebDriver::LogEntry:0x00007fd4bc9974b8 @level="WARNING", @timestamp=1619826070464, @message="https://skarsgardfarms.client-staging.deliverybizpro.com/admin/dbp_billing.php 7 The key \"-ms-touch-action:\" is not recognized and ignored.">]
Countries,1.4799299240112305,[#<Selenium::WebDriver::LogEntry:0x00007fd4bc9c4878 @level="WARNING", @timestamp=1619826077405, @message="https://skarsgardfarms.client-staging.deliverybizpro.com/admin/countries.php 7 The key \"touch-action:\" is not recognized and ignored.">, #<Selenium::WebDriver::LogEntry:0x00007fd4bc9c4828 @level="WARNING", @timestamp=1619826077405, @message="https://skarsgardfarms.client-staging.deliverybizpro.com/admin/countries.php 7 The key \"-ms-touch-action:\" is not recognized and ignored.">]
States,1.5361711978912354,[#<Selenium::WebDriver::LogEntry:0x00007fd4bca26320 @level="WARNING", @timestamp=1619826084133, @message="https://skarsgardfarms.client-staging.deliverybizpro.com/admin/states.php 7 The key \"touch-action:\" is not recognized and ignored.">, #<Selenium::WebDriver::LogEntry:0x00007fd4bca262f8 @level="WARNING", @timestamp=1619826084133, @message="https://skarsgardfarms.client-staging.deliverybizpro.com/admin/states.php 7 The key \"-ms-touch-action:\" is not recognized and ignored.">]
Settings,1.0605549812316895,[]
Export/Import Cities,1.489624261856079,[#<Selenium::WebDriver::LogEntry:0x00007fd50d4a1200 @level="WARNING", @timestamp=1619826097294, @message="https://skarsgardfarms.client-staging.deliverybizpro.com/admin/cities_export_import.php 7 The key \"touch-action:\" is not recognized and ignored.">, #<Selenium::WebDriver::LogEntry:0x00007fd50d4a11b0 @level="WARNING", @timestamp=1619826097294, @message="https://skarsgardfarms.client-staging.deliverybizpro.com/admin/cities_export_import.php 7 The key \"-ms-touch-action:\" is not recognized and ignored.">]
Summary,2.502810001373291,[#<Selenium::WebDriver::LogEntry:0x00007fd50d5cc4b8 @level="WARNING", @timestamp=1619826105116, @message="https://skarsgardfarms.client-staging.deliverybizpro.com/admin/general.php 7 The key \"touch-action:\" is not recognized and ignored.">, #<Selenium::WebDriver::LogEntry:0x00007fd50d5cc440 @level="WARNING", @timestamp=1619826105116, @message="https://skarsgardfarms.client-staging.deliverybizpro.com/admin/general.php 7 The key \"-ms-touch-action:\" is not recognized and ignored.">]
Credit card types,1.474247932434082,[#<Selenium::WebDriver::LogEntry:0x00007fd50d695278 @level="WARNING", @timestamp=1619826111894, @message="https://skarsgardfarms.client-staging.deliverybizpro.com/admin/card_types.php 7 The key \"touch-action:\" is not recognized and ignored.">, #<Selenium::WebDriver::LogEntry:0x00007fd50d695228 @level="WARNING", @timestamp=1619826111894, @message="https://skarsgardfarms.client-staging.deliverybizpro.com/admin/card_types.php 7 The key \"-ms-touch-action:\" is not recognized and ignored.">]
General Settings,1.8531129360198975,[#<Selenium::WebDriver::LogEntry:0x00007fd50d79fc90 @level="WARNING", @timestamp=1619826118746, @message="https://skarsgardfarms.client-staging.deliverybizpro.com/admin/configuration 7 The key \"touch-action:\" is not recognized and ignored.">, #<Selenium::WebDriver::LogEntry:0x00007fd50d79fc68 @level="WARNING", @timestamp=1619826118746, @message="https://skarsgardfarms.client-staging.deliverybizpro.com/admin/configuration 7 The key \"-ms-touch-action:\" is not recognized and ignored.">]
Languages,1.6286089420318604,[#<Selenium::WebDriver::LogEntry:0x00007fd4bc83df40 @level="WARNING", @timestamp=1619826125837, @message="https://skarsgardfarms.client-staging.deliverybizpro.com/admin/languages.php 7 The key \"touch-action:\" is not recognized and ignored.">, #<Selenium::WebDriver::LogEntry:0x00007fd4bc83df18 @level="WARNING", @timestamp=1619826125837, @message="https://skarsgardfarms.client-staging.deliverybizpro.com/admin/languages.php 7 The key \"-ms-touch-action:\" is not recognized and ignored.">, #<Selenium::WebDriver::LogEntry:0x00007fd4bc83def0 @level="SEVERE", @timestamp=1619826126034, @message="https://skarsgardfarms.client-staging.deliverybizpro.com/tinymce/tiny_mce.js - Failed to load resource: the server responded with a status of 404 ()">]
Modules,2.2103238105773926,[#<Selenium::WebDriver::LogEntry:0x00007fd4bc8be898 @level="WARNING", @timestamp=1619826132854, @message="https://skarsgardfarms.client-staging.deliverybizpro.com/admin/modules.php 7 The key \"touch-action:\" is not recognized and ignored.">, #<Selenium::WebDriver::LogEntry:0x00007fd4bc8be870 @level="WARNING", @timestamp=1619826132855, @message="https://skarsgardfarms.client-staging.deliverybizpro.com/admin/modules.php 7 The key \"-ms-touch-action:\" is not recognized and ignored.">]
Payment Methods,1.8682990074157715,[#<Selenium::WebDriver::LogEntry:0x00007fd4bc92f048 @level="WARNING", @timestamp=1619826140374, @message="https://skarsgardfarms.client-staging.deliverybizpro.com/admin/payment_methods.php 7 The key \"touch-action:\" is not recognized and ignored.">, #<Selenium::WebDriver::LogEntry:0x00007fd4bc92efd0 @level="WARNING", @timestamp=1619826140374, @message="https://skarsgardfarms.client-staging.deliverybizpro.com/admin/payment_methods.php 7 The key \"-ms-touch-action:\" is not recognized and ignored.">]
Clear templates cache,1.8583552837371826,[#<Selenium::WebDriver::LogEntry:0x00007fd4bc99e538 @level="WARNING", @timestamp=1619826147738, @message="https://skarsgardfarms.client-staging.deliverybizpro.com/admin/general.php 7 The key \"touch-action:\" is not recognized and ignored.">, #<Selenium::WebDriver::LogEntry:0x00007fd4bc99e510 @level="WARNING", @timestamp=1619826147738, @message="https://skarsgardfarms.client-staging.deliverybizpro.com/admin/general.php 7 The key \"-ms-touch-action:\" is not recognized and ignored.">]
System Logs,1.0579378604888916,[]
DBP Overview,1.4906129837036133,[#<Selenium::WebDriver::LogEntry:0x00007fd4bca2dff8 @level="WARNING", @timestamp=1619826160875, @message="https://skarsgardfarms.client-staging.deliverybizpro.com/admin/dbp_overview.php 7 The key \"touch-action:\" is not recognized and ignored.">, #<Selenium::WebDriver::LogEntry:0x00007fd4bca2dfd0 @level="WARNING", @timestamp=1619826160875, @message="https://skarsgardfarms.client-staging.deliverybizpro.com/admin/dbp_overview.php 7 The key \"-ms-touch-action:\" is not recognized and ignored.">]
Inventory,1.4922609329223633,[#<Selenium::WebDriver::LogEntry:0x00007fd4bca84448 @level="WARNING", @timestamp=1619826167647, @message="https://skarsgardfarms.client-staging.deliverybizpro.com/admin/log_inventory.php 7 The key \"touch-action:\" is not recognized and ignored.">, #<Selenium::WebDriver::LogEntry:0x00007fd4bca843f8 @level="WARNING", @timestamp=1619826167647, @message="https://skarsgardfarms.client-staging.deliverybizpro.com/admin/log_inventory.php 7 The key \"-ms-touch-action:\" is not recognized and ignored.">]
Tasks,1.5941839218139648,[#<Selenium::WebDriver::LogEntry:0x00007fd50d857368 @level="WARNING", @timestamp=1619826174402, @message="https://skarsgardfarms.client-staging.deliverybizpro.com/admin/router.php?r=bt-console#/bt-console 7 The key \"touch-action:\" is not recognized and ignored.">, #<Selenium::WebDriver::LogEntry:0x00007fd50d8572f0 @level="WARNING", @timestamp=1619826174402, @message="https://skarsgardfarms.client-staging.deliverybizpro.com/admin/router.php?r=bt-console#/bt-console 7 The key \"-ms-touch-action:\" is not recognized and ignored.">]
Periodic tasks,4.120430946350098,[#<Selenium::WebDriver::LogEntry:0x00007fd50d5e65c0 @level="WARNING", @timestamp=1619826183868, @message="https://skarsgardfarms.client-staging.deliverybizpro.com/admin/periodicTasks 7 The key \"touch-action:\" is not recognized and ignored.">, #<Selenium::WebDriver::LogEntry:0x00007fd50d5e6598 @level="WARNING", @timestamp=1619826183868, @message="https://skarsgardfarms.client-staging.deliverybizpro.com/admin/periodicTasks 7 The key \"-ms-touch-action:\" is not recognized and ignored.">]
