Dashboard,1.8989348411560059,[#<Selenium::WebDriver::LogEntry:0x00007ffca57a2818 @level="WARNING", @timestamp=1620139740488, @message="https://yellowbird.client-staging.deliverybizpro.com/admin/login 7 The key \"touch-action:\" is not recognized and ignored.">, #<Selenium::WebDriver::LogEntry:0x00007ffca57a27c8 @level="WARNING", @timestamp=1620139740496, @message="https://yellowbird.client-staging.deliverybizpro.com/admin/login 7 The key \"-ms-touch-action:\" is not recognized and ignored.">, #<Selenium::WebDriver::LogEntry:0x00007ffca57a27a0 @level="WARNING", @timestamp=1620139743112, @message="https://yellowbird.client-staging.deliverybizpro.com/admin/login 7 The key \"touch-action:\" is not recognized and ignored.">, #<Selenium::WebDriver::LogEntry:0x00007ffca57a2778 @level="WARNING", @timestamp=1620139743112, @message="https://yellowbird.client-staging.deliverybizpro.com/admin/login 7 The key \"-ms-touch-action:\" is not recognized and ignored.">, #<Selenium::WebDriver::LogEntry:0x00007ffca57a2700 @level="WARNING", @timestamp=1620139747083, @message="https://yellowbird.client-staging.deliverybizpro.com/admin/home.php 7 The key \"touch-action:\" is not recognized and ignored.">, #<Selenium::WebDriver::LogEntry:0x00007ffca57a26d8 @level="WARNING", @timestamp=1620139747084, @message="https://yellowbird.client-staging.deliverybizpro.com/admin/home.php 7 The key \"-ms-touch-action:\" is not recognized and ignored.">, #<Selenium::WebDriver::LogEntry:0x00007ffca57a26b0 @level="WARNING", @timestamp=1620139749418, @message="https://yellowbird.client-staging.deliverybizpro.com/admin/home.php 7 The key \"touch-action:\" is not recognized and ignored.">, #<Selenium::WebDriver::LogEntry:0x00007ffca57a2688 @level="WARNING", @timestamp=1620139749418, @message="https://yellowbird.client-staging.deliverybizpro.com/admin/home.php 7 The key \"-ms-touch-action:\" is not recognized and ignored.">]
Customers,1.0624220371246338,[]
Search for Customers,2.0967719554901123,[#<Selenium::WebDriver::LogEntry:0x00007ffc77893f98 @level="WARNING", @timestamp=1620139775161, @message="https://yellowbird.client-staging.deliverybizpro.com/admin/users.php?mode=search&usertype=C&refresh=1&sort=last_login&sort_direction=1 14 The key \"touch-action:\" is not recognized and ignored.">, #<Selenium::WebDriver::LogEntry:0x00007ffc77893f70 @level="WARNING", @timestamp=1620139775161, @message="https://yellowbird.client-staging.deliverybizpro.com/admin/users.php?mode=search&usertype=C&refresh=1&sort=last_login&sort_direction=1 14 The key \"-ms-touch-action:\" is not recognized and ignored.">, #<Selenium::WebDriver::LogEntry:0x00007ffc77893f48 @level="WARNING", @timestamp=1620139775685, @message="https://yellowbird.client-staging.deliverybizpro.com/admin/users.php?mode=search&usertype=C&refresh=1&sort=last_login&sort_direction=1 - [DOM] Found 2 elements with non-unique id #frm-users-search: (More info: https://goo.gl/9p2vKq) %o %o">, #<Selenium::WebDriver::LogEntry:0x00007ffc77893f20 @level="WARNING", @timestamp=1620139775685, @message="https://yellowbird.client-staging.deliverybizpro.com/admin/users.php?mode=search&usertype=C&refresh=1&sort=last_login&sort_direction=1 - [DOM] Found 2 elements with non-unique id #posted_data[orders_count_type]: (More info: https://goo.gl/9p2vKq) %o %o">]
Create Customer Profile,3.2224771976470947,[#<Selenium::WebDriver::LogEntry:0x00007ffc778f4fa0 @level="WARNING", @timestamp=1620139782502, @message="https://yellowbird.client-staging.deliverybizpro.com/admin/user_add.php?usertype=C 7 The key \"touch-action:\" is not recognized and ignored.">, #<Selenium::WebDriver::LogEntry:0x00007ffc778f4f78 @level="WARNING", @timestamp=1620139782502, @message="https://yellowbird.client-staging.deliverybizpro.com/admin/user_add.php?usertype=C 7 The key \"-ms-touch-action:\" is not recognized and ignored.">]
Import Customers,3.1449782848358154,[#<Selenium::WebDriver::LogEntry:0x00007ffc77957740 @level="WARNING", @timestamp=1620139791162, @message="https://yellowbird.client-staging.deliverybizpro.com/admin/customers_import.php 7 The key \"touch-action:\" is not recognized and ignored.">, #<Selenium::WebDriver::LogEntry:0x00007ffc77957718 @level="WARNING", @timestamp=1620139791162, @message="https://yellowbird.client-staging.deliverybizpro.com/admin/customers_import.php 7 The key \"-ms-touch-action:\" is not recognized and ignored.">]
Export Customers,2.618671178817749,[#<Selenium::WebDriver::LogEntry:0x00007ffcb5090768 @level="WARNING", @timestamp=1620139799298, @message="https://yellowbird.client-staging.deliverybizpro.com/admin/router.php?r=export-users#/export-users 7 The key \"touch-action:\" is not recognized and ignored.">, #<Selenium::WebDriver::LogEntry:0x00007ffcb50906f0 @level="WARNING", @timestamp=1620139799298, @message="https://yellowbird.client-staging.deliverybizpro.com/admin/router.php?r=export-users#/export-users 7 The key \"-ms-touch-action:\" is not recognized and ignored.">]
Export Customer Emails,1.3559198379516602,[#<Selenium::WebDriver::LogEntry:0x00007ffca53f9f90 @level="WARNING", @timestamp=1620139807133, @message="https://yellowbird.client-staging.deliverybizpro.com/admin/export_users_emails.php 7 The key \"touch-action:\" is not recognized and ignored.">, #<Selenium::WebDriver::LogEntry:0x00007ffca53f9f68 @level="WARNING", @timestamp=1620139807133, @message="https://yellowbird.client-staging.deliverybizpro.com/admin/export_users_emails.php 7 The key \"-ms-touch-action:\" is not recognized and ignored.">]
Edit/Create Membership Levels,1.7294979095458984,[#<Selenium::WebDriver::LogEntry:0x00007ffca54eb0e8 @level="WARNING", @timestamp=1620139813761, @message="https://yellowbird.client-staging.deliverybizpro.com/admin/memberships.php?usertype=C 7 The key \"touch-action:\" is not recognized and ignored.">, #<Selenium::WebDriver::LogEntry:0x00007ffca54eaff8 @level="WARNING", @timestamp=1620139813761, @message="https://yellowbird.client-staging.deliverybizpro.com/admin/memberships.php?usertype=C 7 The key \"-ms-touch-action:\" is not recognized and ignored.">]
Customer Notes,1.561034917831421,[#<Selenium::WebDriver::LogEntry:0x00007ffca561bcd8 @level="WARNING", @timestamp=1620139820879, @message="https://yellowbird.client-staging.deliverybizpro.com/admin/customer_notes.php 7 The key \"touch-action:\" is not recognized and ignored.">, #<Selenium::WebDriver::LogEntry:0x00007ffca561bc60 @level="WARNING", @timestamp=1620139820879, @message="https://yellowbird.client-staging.deliverybizpro.com/admin/customer_notes.php 7 The key \"-ms-touch-action:\" is not recognized and ignored.">]
Administrators,1.0643362998962402,[]
Search for Admins,1.5017948150634766,[#<Selenium::WebDriver::LogEntry:0x00007ffca5709938 @level="WARNING", @timestamp=1620139833876, @message="https://yellowbird.client-staging.deliverybizpro.com/admin/users.php?mode=search&usertype=P&refresh=1 7 The key \"touch-action:\" is not recognized and ignored.">, #<Selenium::WebDriver::LogEntry:0x00007ffca5709910 @level="WARNING", @timestamp=1620139833876, @message="https://yellowbird.client-staging.deliverybizpro.com/admin/users.php?mode=search&usertype=P&refresh=1 7 The key \"-ms-touch-action:\" is not recognized and ignored.">, #<Selenium::WebDriver::LogEntry:0x00007ffca57098e8 @level="WARNING", @timestamp=1620139834049, @message="https://yellowbird.client-staging.deliverybizpro.com/admin/users.php?mode=search&usertype=P&refresh=1 - [DOM] Found 2 elements with non-unique id #frm-users-search: (More info: https://goo.gl/9p2vKq) %o %o">]
Create Admin Profile,1.5123538970947266,[#<Selenium::WebDriver::LogEntry:0x00007ffca5779058 @level="WARNING", @timestamp=1620139840634, @message="https://yellowbird.client-staging.deliverybizpro.com/admin/user_add.php?usertype=P 7 The key \"touch-action:\" is not recognized and ignored.">, #<Selenium::WebDriver::LogEntry:0x00007ffca5779030 @level="WARNING", @timestamp=1620139840634, @message="https://yellowbird.client-staging.deliverybizpro.com/admin/user_add.php?usertype=P 7 The key \"-ms-touch-action:\" is not recognized and ignored.">]
Access Control,1.370206356048584,[#<Selenium::WebDriver::LogEntry:0x00007ffca57e83e0 @level="WARNING", @timestamp=1620139847350, @message="https://yellowbird.client-staging.deliverybizpro.com/admin/access_control.php 7 The key \"touch-action:\" is not recognized and ignored.">, #<Selenium::WebDriver::LogEntry:0x00007ffca57e83b8 @level="WARNING", @timestamp=1620139847350, @message="https://yellowbird.client-staging.deliverybizpro.com/admin/access_control.php 7 The key \"-ms-touch-action:\" is not recognized and ignored.">]
Edit/Create Membership Levels,1.3560600280761719,[#<Selenium::WebDriver::LogEntry:0x00007ffc77853a88 @level="WARNING", @timestamp=1620139853968, @message="https://yellowbird.client-staging.deliverybizpro.com/admin/memberships.php?usertype=P 7 The key \"touch-action:\" is not recognized and ignored.">, #<Selenium::WebDriver::LogEntry:0x00007ffc77853a60 @level="WARNING", @timestamp=1620139853968, @message="https://yellowbird.client-staging.deliverybizpro.com/admin/memberships.php?usertype=P 7 The key \"-ms-touch-action:\" is not recognized and ignored.">]
Drivers,1.0575861930847168,[]
Search for Drivers,1.432910680770874,[#<Selenium::WebDriver::LogEntry:0x00007ffc7794e488 @level="WARNING", @timestamp=1620139887023, @message="https://yellowbird.client-staging.deliverybizpro.com/admin/users.php?mode=search&usertype=D&refresh=1 14 The key \"touch-action:\" is not recognized and ignored.">, #<Selenium::WebDriver::LogEntry:0x00007ffc7794e438 @level="WARNING", @timestamp=1620139887023, @message="https://yellowbird.client-staging.deliverybizpro.com/admin/users.php?mode=search&usertype=D&refresh=1 14 The key \"-ms-touch-action:\" is not recognized and ignored.">, #<Selenium::WebDriver::LogEntry:0x00007ffc7794e410 @level="WARNING", @timestamp=1620139887166, @message="https://yellowbird.client-staging.deliverybizpro.com/admin/users.php?mode=search&usertype=D&refresh=1 - [DOM] Found 2 elements with non-unique id #frm-users-search: (More info: https://goo.gl/9p2vKq) %o %o">]
Create Driver Profile,1.400824785232544,[#<Selenium::WebDriver::LogEntry:0x00007ffcb507a198 @level="WARNING", @timestamp=1620139893729, @message="https://yellowbird.client-staging.deliverybizpro.com/admin/user_add.php?usertype=D 7 The key \"touch-action:\" is not recognized and ignored.">, #<Selenium::WebDriver::LogEntry:0x00007ffcb507a148 @level="WARNING", @timestamp=1620139893729, @message="https://yellowbird.client-staging.deliverybizpro.com/admin/user_add.php?usertype=D 7 The key \"-ms-touch-action:\" is not recognized and ignored.">]
Edit/Create Membership Levels,1.371034860610962,[#<Selenium::WebDriver::LogEntry:0x00007ffca53f0828 @level="WARNING", @timestamp=1620139900404, @message="https://yellowbird.client-staging.deliverybizpro.com/admin/memberships.php?usertype=D 7 The key \"touch-action:\" is not recognized and ignored.">, #<Selenium::WebDriver::LogEntry:0x00007ffca53f0800 @level="WARNING", @timestamp=1620139900404, @message="https://yellowbird.client-staging.deliverybizpro.com/admin/memberships.php?usertype=D 7 The key \"-ms-touch-action:\" is not recognized and ignored.">]
Suppliers,1.0493831634521484,[]
Search for Suppliers,1.7715868949890137,[#<Selenium::WebDriver::LogEntry:0x00007ffca560aa78 @level="WARNING", @timestamp=1620139913418, @message="https://yellowbird.client-staging.deliverybizpro.com/admin/users.php?mode=search&usertype=U&refresh=1 14 The key \"touch-action:\" is not recognized and ignored.">, #<Selenium::WebDriver::LogEntry:0x00007ffca560aa00 @level="WARNING", @timestamp=1620139913419, @message="https://yellowbird.client-staging.deliverybizpro.com/admin/users.php?mode=search&usertype=U&refresh=1 14 The key \"-ms-touch-action:\" is not recognized and ignored.">, #<Selenium::WebDriver::LogEntry:0x00007ffca560a988 @level="WARNING", @timestamp=1620139913823, @message="https://yellowbird.client-staging.deliverybizpro.com/admin/users.php?mode=search&usertype=U&refresh=1 - [DOM] Found 2 elements with non-unique id #frm-users-search: (More info: https://goo.gl/9p2vKq) %o %o">]
Create Supplier Profile,1.6577868461608887,[#<Selenium::WebDriver::LogEntry:0x00007ffca569be38 @level="WARNING", @timestamp=1620139920469, @message="https://yellowbird.client-staging.deliverybizpro.com/admin/user_add.php?usertype=U 7 The key \"touch-action:\" is not recognized and ignored.">, #<Selenium::WebDriver::LogEntry:0x00007ffca569be10 @level="WARNING", @timestamp=1620139920469, @message="https://yellowbird.client-staging.deliverybizpro.com/admin/user_add.php?usertype=U 7 The key \"-ms-touch-action:\" is not recognized and ignored.">]
Edit/Search Products,2.797044038772583,[#<Selenium::WebDriver::LogEntry:0x00007ffca5700040 @level="WARNING", @timestamp=1620139927918, @message="https://yellowbird.client-staging.deliverybizpro.com/admin/products 7 The key \"touch-action:\" is not recognized and ignored.">, #<Selenium::WebDriver::LogEntry:0x00007ffca5700018 @level="WARNING", @timestamp=1620139927918, @message="https://yellowbird.client-staging.deliverybizpro.com/admin/products 7 The key \"-ms-touch-action:\" is not recognized and ignored.">, #<Selenium::WebDriver::LogEntry:0x00007ffca570bfa8 @level="WARNING", @timestamp=1620139928775, @message="https://yellowbird.client-staging.deliverybizpro.com/admin/products - [DOM] Found 2 elements with non-unique id #collapse-quantity: (More info: https://goo.gl/9p2vKq) %o %o">]
Add New Product,3.4756271839141846,[#<Selenium::WebDriver::LogEntry:0x00007ffca577b4e8 @level="WARNING", @timestamp=1620139935525, @message="https://yellowbird.client-staging.deliverybizpro.com/admin/products/create 7 The key \"touch-action:\" is not recognized and ignored.">, #<Selenium::WebDriver::LogEntry:0x00007ffca577b470 @level="WARNING", @timestamp=1620139935525, @message="https://yellowbird.client-staging.deliverybizpro.com/admin/products/create 7 The key \"-ms-touch-action:\" is not recognized and ignored.">, #<Selenium::WebDriver::LogEntry:0x00007ffca577b448 @level="SEVERE", @timestamp=1620139938625, @message="https://yellowbird.client-staging.deliverybizpro.com/skin1/css/structure.css - Failed to load resource: the server responded with a status of 404 ()">, #<Selenium::WebDriver::LogEntry:0x00007ffca577b420 @level="SEVERE", @timestamp=1620139938625, @message="https://yellowbird.client-staging.deliverybizpro.com/skin1/css/structure.css - Failed to load resource: the server responded with a status of 404 ()">]
Import products,2.4842801094055176,[#<Selenium::WebDriver::LogEntry:0x00007ffca57ea370 @level="WARNING", @timestamp=1620139944168, @message="https://yellowbird.client-staging.deliverybizpro.com/admin/products/import 7 The key \"touch-action:\" is not recognized and ignored.">, #<Selenium::WebDriver::LogEntry:0x00007ffca57ea348 @level="WARNING", @timestamp=1620139944169, @message="https://yellowbird.client-staging.deliverybizpro.com/admin/products/import 7 The key \"-ms-touch-action:\" is not recognized and ignored.">, #<Selenium::WebDriver::LogEntry:0x00007ffca57ea320 @level="WARNING", @timestamp=1620139944657, @message="https://yellowbird.client-staging.deliverybizpro.com/admin/router.php?iframe=Y#/task-status 7 The key \"touch-action:\" is not recognized and ignored.">, #<Selenium::WebDriver::LogEntry:0x00007ffca57ea2f8 @level="WARNING", @timestamp=1620139944657, @message="https://yellowbird.client-staging.deliverybizpro.com/admin/router.php?iframe=Y#/task-status 7 The key \"-ms-touch-action:\" is not recognized and ignored.">]
Export products,1.430009126663208,[#<Selenium::WebDriver::LogEntry:0x00007ffc77848fe8 @level="WARNING", @timestamp=1620139951918, @message="https://yellowbird.client-staging.deliverybizpro.com/admin/products/export 7 The key \"touch-action:\" is not recognized and ignored.">, #<Selenium::WebDriver::LogEntry:0x00007ffc77848fc0 @level="WARNING", @timestamp=1620139951918, @message="https://yellowbird.client-staging.deliverybizpro.com/admin/products/export 7 The key \"-ms-touch-action:\" is not recognized and ignored.">]
Product Categories,1.740591049194336,[#<Selenium::WebDriver::LogEntry:0x00007ffc778a5040 @level="WARNING", @timestamp=1620139958767, @message="https://yellowbird.client-staging.deliverybizpro.com/admin/categories.php 7 The key \"touch-action:\" is not recognized and ignored.">, #<Selenium::WebDriver::LogEntry:0x00007ffc778a5018 @level="WARNING", @timestamp=1620139958767, @message="https://yellowbird.client-staging.deliverybizpro.com/admin/categories.php 7 The key \"-ms-touch-action:\" is not recognized and ignored.">]
Extra fields,1.488455057144165,[#<Selenium::WebDriver::LogEntry:0x00007ffc7790e540 @level="WARNING", @timestamp=1620139965606, @message="https://yellowbird.client-staging.deliverybizpro.com/admin/extra-fields 7 The key \"touch-action:\" is not recognized and ignored.">, #<Selenium::WebDriver::LogEntry:0x00007ffc7790e518 @level="WARNING", @timestamp=1620139965606, @message="https://yellowbird.client-staging.deliverybizpro.com/admin/extra-fields 7 The key \"-ms-touch-action:\" is not recognized and ignored.">]
Warehouse Locations,1.552854061126709,[#<Selenium::WebDriver::LogEntry:0x00007ffca520ad60 @level="WARNING", @timestamp=1620139976429, @message="https://yellowbird.client-staging.deliverybizpro.com/admin/warehouse-locations 7 The key \"touch-action:\" is not recognized and ignored.">, #<Selenium::WebDriver::LogEntry:0x00007ffca520aa40 @level="WARNING", @timestamp=1620139976429, @message="https://yellowbird.client-staging.deliverybizpro.com/admin/warehouse-locations 7 The key \"-ms-touch-action:\" is not recognized and ignored.">]
Change/Assign Routes,2.416551113128662,[#<Selenium::WebDriver::LogEntry:0x00007ffca53b82e8 @level="WARNING", @timestamp=1620139988311, @message="https://yellowbird.client-staging.deliverybizpro.com/admin/assign_route_users.php 7 The key \"touch-action:\" is not recognized and ignored.">, #<Selenium::WebDriver::LogEntry:0x00007ffca53b82c0 @level="WARNING", @timestamp=1620139988311, @message="https://yellowbird.client-staging.deliverybizpro.com/admin/assign_route_users.php 7 The key \"-ms-touch-action:\" is not recognized and ignored.">, #<Selenium::WebDriver::LogEntry:0x00007ffca53b81f8 @level="WARNING", @timestamp=1620139988415, @message="https://yellowbird.client-staging.deliverybizpro.com/admin/assign_route_users.php - [DOM] Found 2 elements with non-unique id #show_not_validated: (More info: https://goo.gl/9p2vKq) %o %o">]
Create/Edit Routes,2.023893117904663,[#<Selenium::WebDriver::LogEntry:0x00007ffca54704d8 @level="WARNING", @timestamp=1620139995058, @message="https://yellowbird.client-staging.deliverybizpro.com/admin/routes.php 7 The key \"touch-action:\" is not recognized and ignored.">, #<Selenium::WebDriver::LogEntry:0x00007ffca5470488 @level="WARNING", @timestamp=1620139995058, @message="https://yellowbird.client-staging.deliverybizpro.com/admin/routes.php 7 The key \"-ms-touch-action:\" is not recognized and ignored.">, #<Selenium::WebDriver::LogEntry:0x00007ffca5470460 @level="WARNING", @timestamp=1620139995551, @message="https://yellowbird.client-staging.deliverybizpro.com/admin/routes.php - [DOM] Found 2 elements with non-unique id #dbp-edit-coordinates-routeid: (More info: https://goo.gl/9p2vKq) %o %o">, #<Selenium::WebDriver::LogEntry:0x00007ffca5470438 @level="WARNING", @timestamp=1620139995552, @message="https://yellowbird.client-staging.deliverybizpro.com/admin/routes.php - [DOM] Found 18 elements with non-unique id #dbp-field-customer-route-name: (More info: https://goo.gl/9p2vKq) %o %o %o %o %o %o %o %o %o %o %o %o %o %o %o %o %o %o">, #<Selenium::WebDriver::LogEntry:0x00007ffca5470410 @level="WARNING", @timestamp=1620139995552, @message="https://yellowbird.client-staging.deliverybizpro.com/admin/routes.php - [DOM] Found 18 elements with non-unique id #dbp-field-delivery-time: (More info: https://goo.gl/9p2vKq) %o %o %o %o %o %o %o %o %o %o %o %o %o %o %o %o %o %o">, #<Selenium::WebDriver::LogEntry:0x00007ffca54702f8 @level="SEVERE", @timestamp=1620139996744, @message="https://yellowbird.client-staging.deliverybizpro.com/skin1/css/structure.css - Failed to load resource: the server responded with a status of 404 ()">]
GPS Import/Export,1.4065098762512207,[#<Selenium::WebDriver::LogEntry:0x00007ffca5592050 @level="WARNING", @timestamp=1620140002250, @message="https://yellowbird.client-staging.deliverybizpro.com/admin/gpx.php 7 The key \"touch-action:\" is not recognized and ignored.">, #<Selenium::WebDriver::LogEntry:0x00007ffca5592000 @level="WARNING", @timestamp=1620140002250, @message="https://yellowbird.client-staging.deliverybizpro.com/admin/gpx.php 7 The key \"-ms-touch-action:\" is not recognized and ignored.">]
Organize Route Stops,1.4758660793304443,[#<Selenium::WebDriver::LogEntry:0x00007ffca566bcd8 @level="WARNING", @timestamp=1620140008920, @message="https://yellowbird.client-staging.deliverybizpro.com/admin/router.php?r=organize_route_stops#/organize_route_stops 7 The key \"touch-action:\" is not recognized and ignored.">, #<Selenium::WebDriver::LogEntry:0x00007ffca566bcb0 @level="WARNING", @timestamp=1620140008921, @message="https://yellowbird.client-staging.deliverybizpro.com/admin/router.php?r=organize_route_stops#/organize_route_stops 7 The key \"-ms-touch-action:\" is not recognized and ignored.">]
Pickup Locations,2.84086012840271,[#<Selenium::WebDriver::LogEntry:0x00007ffca56da7f0 @level="WARNING", @timestamp=1620140015792, @message="https://yellowbird.client-staging.deliverybizpro.com/admin/pickup_locations.php 7 The key \"touch-action:\" is not recognized and ignored.">, #<Selenium::WebDriver::LogEntry:0x00007ffca56da7c8 @level="WARNING", @timestamp=1620140015792, @message="https://yellowbird.client-staging.deliverybizpro.com/admin/pickup_locations.php 7 The key \"-ms-touch-action:\" is not recognized and ignored.">, #<Selenium::WebDriver::LogEntry:0x00007ffca56da7a0 @level="WARNING", @timestamp=1620140017143, @message="https://yellowbird.client-staging.deliverybizpro.com/admin/pickup_locations.php - [DOM] Found 20 elements with non-unique id #assign_route_button: (More info: https://goo.gl/9p2vKq) %o %o %o %o %o %o %o %o %o %o %o %o %o %o %o %o %o %o %o %o">, #<Selenium::WebDriver::LogEntry:0x00007ffca56da750 @level="WARNING", @timestamp=1620140017144, @message="https://yellowbird.client-staging.deliverybizpro.com/admin/pickup_locations.php - [DOM] Found 20 elements with non-unique id #backup_contact: (More info: https://goo.gl/9p2vKq) %o %o %o %o %o %o %o %o %o %o %o %o %o %o %o %o %o %o %o %o">, #<Selenium::WebDriver::LogEntry:0x00007ffca56da728 @level="WARNING", @timestamp=1620140017144, @message="https://yellowbird.client-staging.deliverybizpro.com/admin/pickup_locations.php - [DOM] Found 20 elements with non-unique id #host_name: (More info: https://goo.gl/9p2vKq) %o %o %o %o %o %o %o %o %o %o %o %o %o %o %o %o %o %o %o %o">, #<Selenium::WebDriver::LogEntry:0x00007ffca56da700 @level="WARNING", @timestamp=1620140017144, @message="https://yellowbird.client-staging.deliverybizpro.com/admin/pickup_locations.php - [DOM] Found 20 elements with non-unique id #location_access_key: (More info: https://goo.gl/9p2vKq) %o %o %o %o %o %o %o %o %o %o %o %o %o %o %o %o %o %o %o %o">, #<Selenium::WebDriver::LogEntry:0x00007ffca56da6d8 @level="WARNING", @timestamp=1620140017144, @message="https://yellowbird.client-staging.deliverybizpro.com/admin/pickup_locations.php - [DOM] Found 20 elements with non-unique id #location_email: (More info: https://goo.gl/9p2vKq) %o %o %o %o %o %o %o %o %o %o %o %o %o %o %o %o %o %o %o %o">, #<Selenium::WebDriver::LogEntry:0x00007ffca56da6b0 @level="WARNING", @timestamp=1620140017145, @message="https://yellowbird.client-staging.deliverybizpro.com/admin/pickup_locations.php - [DOM] Found 20 elements with non-unique id #location_info: (More info: https://goo.gl/9p2vKq) %o %o %o %o %o %o %o %o %o %o %o %o %o %o %o %o %o %o %o %o">, #<Selenium::WebDriver::LogEntry:0x00007ffca56da688 @level="WARNING", @timestamp=1620140017145, @message="https://yellowbird.client-staging.deliverybizpro.com/admin/pickup_locations.php - [DOM] Found 20 elements with non-unique id #location_message: (More info: https://goo.gl/9p2vKq) %o %o %o %o %o %o %o %o %o %o %o %o %o %o %o %o %o %o %o %o">, #<Selenium::WebDriver::LogEntry:0x00007ffca56da660 @level="WARNING", @timestamp=1620140017145, @message="https://yellowbird.client-staging.deliverybizpro.com/admin/pickup_locations.php - [DOM] Found 15 elements with non-unique id #move_route_button: (More info: https://goo.gl/9p2vKq) %o %o %o %o %o %o %o %o %o %o %o %o %o %o %o">, #<Selenium::WebDriver::LogEntry:0x00007ffca56da638 @level="WARNING", @timestamp=1620140017145, @message="https://yellowbird.client-staging.deliverybizpro.com/admin/pickup_locations.php - [DOM] Found 20 elements with non-unique id #phone: (More info: https://goo.gl/9p2vKq) %o %o %o %o %o %o %o %o %o %o %o %o %o %o %o %o %o %o %o %o">]
Organize Pickup Locations,1.4042770862579346,[#<Selenium::WebDriver::LogEntry:0x00007ffca5749c40 @level="WARNING", @timestamp=1620140023804, @message="https://yellowbird.client-staging.deliverybizpro.com/admin/route_pickup_locations.php 7 The key \"touch-action:\" is not recognized and ignored.">, #<Selenium::WebDriver::LogEntry:0x00007ffca5749c18 @level="WARNING", @timestamp=1620140023804, @message="https://yellowbird.client-staging.deliverybizpro.com/admin/route_pickup_locations.php 7 The key \"-ms-touch-action:\" is not recognized and ignored.">]
Manage KML File,1.5135648250579834,[#<Selenium::WebDriver::LogEntry:0x00007ffca57b92c0 @level="WARNING", @timestamp=1620140030495, @message="https://yellowbird.client-staging.deliverybizpro.com/admin/router.php?r=kml#/kml 7 The key \"touch-action:\" is not recognized and ignored.">, #<Selenium::WebDriver::LogEntry:0x00007ffca57b9298 @level="WARNING", @timestamp=1620140030495, @message="https://yellowbird.client-staging.deliverybizpro.com/admin/router.php?r=kml#/kml 7 The key \"-ms-touch-action:\" is not recognized and ignored.">]
Display Route/KML Issues,1.414665937423706,[#<Selenium::WebDriver::LogEntry:0x00007ffc77824ff8 @level="WARNING", @timestamp=1620140037287, @message="https://yellowbird.client-staging.deliverybizpro.com/admin/route_kml_issues.php 7 The key \"touch-action:\" is not recognized and ignored.">, #<Selenium::WebDriver::LogEntry:0x00007ffc77824fd0 @level="WARNING", @timestamp=1620140037287, @message="https://yellowbird.client-staging.deliverybizpro.com/admin/route_kml_issues.php 7 The key \"-ms-touch-action:\" is not recognized and ignored.">]
Organize Load Sheet,1.9418880939483643,[#<Selenium::WebDriver::LogEntry:0x00007ffc7788a7b8 @level="WARNING", @timestamp=1620140043879, @message="https://yellowbird.client-staging.deliverybizpro.com/admin/order_routes_products.php 7 The key \"touch-action:\" is not recognized and ignored.">, #<Selenium::WebDriver::LogEntry:0x00007ffc7788a740 @level="WARNING", @timestamp=1620140043879, @message="https://yellowbird.client-staging.deliverybizpro.com/admin/order_routes_products.php 7 The key \"-ms-touch-action:\" is not recognized and ignored.">]
Print Route Sheets,1.623378038406372,[#<Selenium::WebDriver::LogEntry:0x00007ffc77916ee8 @level="WARNING", @timestamp=1620140052165, @message="https://yellowbird.client-staging.deliverybizpro.com/admin/driving_dir.php 7 The key \"touch-action:\" is not recognized and ignored.">, #<Selenium::WebDriver::LogEntry:0x00007ffc77916ec0 @level="WARNING", @timestamp=1620140052165, @message="https://yellowbird.client-staging.deliverybizpro.com/admin/driving_dir.php 7 The key \"-ms-touch-action:\" is not recognized and ignored.">, #<Selenium::WebDriver::LogEntry:0x00007ffc77916e98 @level="WARNING", @timestamp=1620140052430, @message="https://yellowbird.client-staging.deliverybizpro.com/admin/driving_dir.php - [DOM] Found 2 elements with non-unique id #custom-range-input-multiple: (More info: https://goo.gl/9p2vKq) %o %o">, #<Selenium::WebDriver::LogEntry:0x00007ffc77916e70 @level="WARNING", @timestamp=1620140052430, @message="https://yellowbird.client-staging.deliverybizpro.com/admin/driving_dir.php - [DOM] Found 2 elements with non-unique id #mult-route-id: (More info: https://goo.gl/9p2vKq) %o %o">]
Print Bag Labels,1.5097558498382568,[#<Selenium::WebDriver::LogEntry:0x00007ffca52892f0 @level="WARNING", @timestamp=1620140057006, @message="https://yellowbird.client-staging.deliverybizpro.com/admin/driving_dir.php?bag_label=1 7 The key \"touch-action:\" is not recognized and ignored.">, #<Selenium::WebDriver::LogEntry:0x00007ffca52892a0 @level="WARNING", @timestamp=1620140057006, @message="https://yellowbird.client-staging.deliverybizpro.com/admin/driving_dir.php?bag_label=1 7 The key \"-ms-touch-action:\" is not recognized and ignored.">, #<Selenium::WebDriver::LogEntry:0x00007ffca5289138 @level="WARNING", @timestamp=1620140057190, @message="https://yellowbird.client-staging.deliverybizpro.com/admin/driving_dir.php?bag_label=1 - [DOM] Found 2 elements with non-unique id #custom-range-input-multiple: (More info: https://goo.gl/9p2vKq) %o %o">, #<Selenium::WebDriver::LogEntry:0x00007ffca5288e90 @level="WARNING", @timestamp=1620140057190, @message="https://yellowbird.client-staging.deliverybizpro.com/admin/driving_dir.php?bag_label=1 - [DOM] Found 2 elements with non-unique id #mult-route-id: (More info: https://goo.gl/9p2vKq) %o %o">]
Show Invalid Addresses,13.805397033691406,[#<Selenium::WebDriver::LogEntry:0x00007ffca53ca9e8 @level="WARNING", @timestamp=1620140074075, @message="https://yellowbird.client-staging.deliverybizpro.com/admin/users_invalid_zips.php 7 The key \"touch-action:\" is not recognized and ignored.">, #<Selenium::WebDriver::LogEntry:0x00007ffca53ca880 @level="WARNING", @timestamp=1620140074075, @message="https://yellowbird.client-staging.deliverybizpro.com/admin/users_invalid_zips.php 7 The key \"-ms-touch-action:\" is not recognized and ignored.">]
Billing,1.0580179691314697,[]
Paper/Email Billing,1.4740569591522217,[#<Selenium::WebDriver::LogEntry:0x00007ffca5599120 @level="WARNING", @timestamp=1620140087168, @message="https://yellowbird.client-staging.deliverybizpro.com/admin/customer_billing.php 7 The key \"touch-action:\" is not recognized and ignored.">, #<Selenium::WebDriver::LogEntry:0x00007ffca55990a8 @level="WARNING", @timestamp=1620140087168, @message="https://yellowbird.client-staging.deliverybizpro.com/admin/customer_billing.php 7 The key \"-ms-touch-action:\" is not recognized and ignored.">]
Electronic Billing,2.2009987831115723,[#<Selenium::WebDriver::LogEntry:0x00007ffca5669cf8 @level="WARNING", @timestamp=1620140094151, @message="https://yellowbird.client-staging.deliverybizpro.com/admin/billing.php 7 The key \"touch-action:\" is not recognized and ignored.">, #<Selenium::WebDriver::LogEntry:0x00007ffca5669cd0 @level="WARNING", @timestamp=1620140094151, @message="https://yellowbird.client-staging.deliverybizpro.com/admin/billing.php 7 The key \"-ms-touch-action:\" is not recognized and ignored.">]
Mass Update Payments,1.5869638919830322,[#<Selenium::WebDriver::LogEntry:0x00007ffca56d9a80 @level="WARNING", @timestamp=1620140101340, @message="https://yellowbird.client-staging.deliverybizpro.com/admin/mass_update_payments.php 7 The key \"touch-action:\" is not recognized and ignored.">, #<Selenium::WebDriver::LogEntry:0x00007ffca56d9a58 @level="WARNING", @timestamp=1620140101340, @message="https://yellowbird.client-staging.deliverybizpro.com/admin/mass_update_payments.php 7 The key \"-ms-touch-action:\" is not recognized and ignored.">]
Mass Deposit Returns/Charges,1.3830251693725586,[#<Selenium::WebDriver::LogEntry:0x00007ffca5749ad8 @level="WARNING", @timestamp=1620140108186, @message="https://yellowbird.client-staging.deliverybizpro.com/admin/bottle_deposits.php 7 The key \"touch-action:\" is not recognized and ignored.">, #<Selenium::WebDriver::LogEntry:0x00007ffca5749a88 @level="WARNING", @timestamp=1620140108186, @message="https://yellowbird.client-staging.deliverybizpro.com/admin/bottle_deposits.php 7 The key \"-ms-touch-action:\" is not recognized and ignored.">]
Global Invoice Notes,1.579568862915039,[#<Selenium::WebDriver::LogEntry:0x00007ffca57b8f50 @level="WARNING", @timestamp=1620140114893, @message="https://yellowbird.client-staging.deliverybizpro.com/admin/global_notes.php 7 The key \"touch-action:\" is not recognized and ignored.">, #<Selenium::WebDriver::LogEntry:0x00007ffca57b8f28 @level="WARNING", @timestamp=1620140114893, @message="https://yellowbird.client-staging.deliverybizpro.com/admin/global_notes.php 7 The key \"-ms-touch-action:\" is not recognized and ignored.">, #<Selenium::WebDriver::LogEntry:0x00007ffca57b8f00 @level="SEVERE", @timestamp=1620140116132, @message="https://yellowbird.client-staging.deliverybizpro.com/skin1/css/structure.css - Failed to load resource: the server responded with a status of 404 ()">]
View GC Purchase Log,1.4531378746032715,[#<Selenium::WebDriver::LogEntry:0x00007ffc77824be8 @level="WARNING", @timestamp=1620140121720, @message="https://yellowbird.client-staging.deliverybizpro.com/admin/giftcerts_purchase_log.php 7 The key \"touch-action:\" is not recognized and ignored.">, #<Selenium::WebDriver::LogEntry:0x00007ffc77824b98 @level="WARNING", @timestamp=1620140121720, @message="https://yellowbird.client-staging.deliverybizpro.com/admin/giftcerts_purchase_log.php 7 The key \"-ms-touch-action:\" is not recognized and ignored.">]
Sales Reporting,1.0721447467803955,[]
Countdown Sales Report,1.5330250263214111,[#<Selenium::WebDriver::LogEntry:0x00007ffc778f78b8 @level="WARNING", @timestamp=1620140138722, @message="https://yellowbird.client-staging.deliverybizpro.com/admin/reports.php?report_type=countdown 7 The key \"touch-action:\" is not recognized and ignored.">, #<Selenium::WebDriver::LogEntry:0x00007ffc778f7890 @level="WARNING", @timestamp=1620140138722, @message="https://yellowbird.client-staging.deliverybizpro.com/admin/reports.php?report_type=countdown 7 The key \"-ms-touch-action:\" is not recognized and ignored.">]
Cross-Selling Report,1.474565029144287,[#<Selenium::WebDriver::LogEntry:0x00007ffc7795e680 @level="WARNING", @timestamp=1620140143540, @message="https://yellowbird.client-staging.deliverybizpro.com/admin/reports.php?report_type=cross_selling 7 The key \"touch-action:\" is not recognized and ignored.">, #<Selenium::WebDriver::LogEntry:0x00007ffc7795e658 @level="WARNING", @timestamp=1620140143540, @message="https://yellowbird.client-staging.deliverybizpro.com/admin/reports.php?report_type=cross_selling 7 The key \"-ms-touch-action:\" is not recognized and ignored.">]
Discount Coupon Report,1.4209589958190918,[#<Selenium::WebDriver::LogEntry:0x00007ffcb68fac18 @level="WARNING", @timestamp=1620140148234, @message="https://yellowbird.client-staging.deliverybizpro.com/admin/reports.php?report_type=discount_coupon 7 The key \"touch-action:\" is not recognized and ignored.">, #<Selenium::WebDriver::LogEntry:0x00007ffcb68fabc8 @level="WARNING", @timestamp=1620140148234, @message="https://yellowbird.client-staging.deliverybizpro.com/admin/reports.php?report_type=discount_coupon 7 The key \"-ms-touch-action:\" is not recognized and ignored.">]
Manage Cross-Selling,1.3851792812347412,[#<Selenium::WebDriver::LogEntry:0x00007ffca5440328 @level="WARNING", @timestamp=1620140152884, @message="https://yellowbird.client-staging.deliverybizpro.com/admin/reports.php?report_type=upselling 7 The key \"touch-action:\" is not recognized and ignored.">, #<Selenium::WebDriver::LogEntry:0x00007ffca5440300 @level="WARNING", @timestamp=1620140152884, @message="https://yellowbird.client-staging.deliverybizpro.com/admin/reports.php?report_type=upselling 7 The key \"-ms-touch-action:\" is not recognized and ignored.">]
Ordered Products Reports,1.8295087814331055,[#<Selenium::WebDriver::LogEntry:0x00007ffca5571300 @level="WARNING", @timestamp=1620140157701, @message="https://yellowbird.client-staging.deliverybizpro.com/admin/reports.php?report_type=product 7 The key \"touch-action:\" is not recognized and ignored.">, #<Selenium::WebDriver::LogEntry:0x00007ffca55712b0 @level="WARNING", @timestamp=1620140157701, @message="https://yellowbird.client-staging.deliverybizpro.com/admin/reports.php?report_type=product 7 The key \"-ms-touch-action:\" is not recognized and ignored.">]
Overall Sales,1.9405088424682617,[#<Selenium::WebDriver::LogEntry:0x00007ffca5669ca8 @level="WARNING", @timestamp=1620140162712, @message="https://yellowbird.client-staging.deliverybizpro.com/admin/reports.php?report_type=over_sales 7 The key \"touch-action:\" is not recognized and ignored.">, #<Selenium::WebDriver::LogEntry:0x00007ffca5669c80 @level="WARNING", @timestamp=1620140162712, @message="https://yellowbird.client-staging.deliverybizpro.com/admin/reports.php?report_type=over_sales 7 The key \"-ms-touch-action:\" is not recognized and ignored.">]
Sales By Route,1.7436978816986084,[#<Selenium::WebDriver::LogEntry:0x00007ffca56eb000 @level="WARNING", @timestamp=1620140167870, @message="https://yellowbird.client-staging.deliverybizpro.com/admin/reports.php?report_type=sales_by_route 7 The key \"touch-action:\" is not recognized and ignored.">, #<Selenium::WebDriver::LogEntry:0x00007ffca56eafd8 @level="WARNING", @timestamp=1620140167870, @message="https://yellowbird.client-staging.deliverybizpro.com/admin/reports.php?report_type=sales_by_route 7 The key \"-ms-touch-action:\" is not recognized and ignored.">]
Financials Reporting,1.053124189376831,[]
Average Order Report,1.4821300506591797,[#<Selenium::WebDriver::LogEntry:0x00007ffca57b9770 @level="WARNING", @timestamp=1620140177083, @message="https://yellowbird.client-staging.deliverybizpro.com/admin/reports.php?report_type=average_order 7 The key \"touch-action:\" is not recognized and ignored.">, #<Selenium::WebDriver::LogEntry:0x00007ffca57b9720 @level="WARNING", @timestamp=1620140177083, @message="https://yellowbird.client-staging.deliverybizpro.com/admin/reports.php?report_type=average_order 7 The key \"-ms-touch-action:\" is not recognized and ignored.">]
Credits Report,1.4278759956359863,[#<Selenium::WebDriver::LogEntry:0x00007ffc7782b3f8 @level="WARNING", @timestamp=1620140181790, @message="https://yellowbird.client-staging.deliverybizpro.com/admin/reports.php?report_type=credits 7 The key \"touch-action:\" is not recognized and ignored.">, #<Selenium::WebDriver::LogEntry:0x00007ffc7782b3d0 @level="WARNING", @timestamp=1620140181790, @message="https://yellowbird.client-staging.deliverybizpro.com/admin/reports.php?report_type=credits 7 The key \"-ms-touch-action:\" is not recognized and ignored.">]
Effective Margin Report,1.433516025543213,[#<Selenium::WebDriver::LogEntry:0x00007ffc77891c48 @level="WARNING", @timestamp=1620140186451, @message="https://yellowbird.client-staging.deliverybizpro.com/admin/reports.php?report_type=effective_margin 7 The key \"touch-action:\" is not recognized and ignored.">, #<Selenium::WebDriver::LogEntry:0x00007ffc77891c20 @level="WARNING", @timestamp=1620140186451, @message="https://yellowbird.client-staging.deliverybizpro.com/admin/reports.php?report_type=effective_margin 7 The key \"-ms-touch-action:\" is not recognized and ignored.">]
Financials Export,1.3936870098114014,[#<Selenium::WebDriver::LogEntry:0x00007ffc77904fb8 @level="WARNING", @timestamp=1620140191078, @message="https://yellowbird.client-staging.deliverybizpro.com/admin/reports.php?report_type=financials 7 The key \"touch-action:\" is not recognized and ignored.">, #<Selenium::WebDriver::LogEntry:0x00007ffc77904f90 @level="WARNING", @timestamp=1620140191078, @message="https://yellowbird.client-staging.deliverybizpro.com/admin/reports.php?report_type=financials 7 The key \"-ms-touch-action:\" is not recognized and ignored.">]
No Payment Customers,2.0564091205596924,[#<Selenium::WebDriver::LogEntry:0x00007ffca510a910 @level="WARNING", @timestamp=1620140196317, @message="https://yellowbird.client-staging.deliverybizpro.com/admin/reports.php?report_type=not_paid 7 The key \"touch-action:\" is not recognized and ignored.">, #<Selenium::WebDriver::LogEntry:0x00007ffca510a6e0 @level="WARNING", @timestamp=1620140196317, @message="https://yellowbird.client-staging.deliverybizpro.com/admin/reports.php?report_type=not_paid 7 The key \"-ms-touch-action:\" is not recognized and ignored.">]
Past Due Customers,1.4031472206115723,[#<Selenium::WebDriver::LogEntry:0x00007ffcb70b1588 @level="WARNING", @timestamp=1620140201020, @message="https://yellowbird.client-staging.deliverybizpro.com/admin/reports.php?report_type=due 7 The key \"touch-action:\" is not recognized and ignored.">, #<Selenium::WebDriver::LogEntry:0x00007ffcb70b1538 @level="WARNING", @timestamp=1620140201021, @message="https://yellowbird.client-staging.deliverybizpro.com/admin/reports.php?report_type=due 7 The key \"-ms-touch-action:\" is not recognized and ignored.">]
Payments On Review,1.481996774673462,[#<Selenium::WebDriver::LogEntry:0x00007ffca5479bf0 @level="WARNING", @timestamp=1620140205666, @message="https://yellowbird.client-staging.deliverybizpro.com/admin/reports.php?report_type=review_payments 7 The key \"touch-action:\" is not recognized and ignored.">, #<Selenium::WebDriver::LogEntry:0x00007ffca5479b28 @level="WARNING", @timestamp=1620140205666, @message="https://yellowbird.client-staging.deliverybizpro.com/admin/reports.php?report_type=review_payments 7 The key \"-ms-touch-action:\" is not recognized and ignored.">, #<Selenium::WebDriver::LogEntry:0x00007ffca5479b00 @level="SEVERE", @timestamp=1620140205824, @message="https://yellowbird.client-staging.deliverybizpro.com/admin/skin1/admin/admin-modal.css - Failed to load resource: the server responded with a status of 404 ()">]
Payments Posted Report,1.422956943511963,[#<Selenium::WebDriver::LogEntry:0x00007ffca55b9f88 @level="WARNING", @timestamp=1620140210399, @message="https://yellowbird.client-staging.deliverybizpro.com/admin/reports.php?report_type=checks_posted 7 The key \"touch-action:\" is not recognized and ignored.">, #<Selenium::WebDriver::LogEntry:0x00007ffca55b9f38 @level="WARNING", @timestamp=1620140210399, @message="https://yellowbird.client-staging.deliverybizpro.com/admin/reports.php?report_type=checks_posted 7 The key \"-ms-touch-action:\" is not recognized and ignored.">]
Profit Report,1.727849006652832,[#<Selenium::WebDriver::LogEntry:0x00007ffca56814c0 @level="WARNING", @timestamp=1620140215171, @message="https://yellowbird.client-staging.deliverybizpro.com/admin/reports.php?report_type=profit 7 The key \"touch-action:\" is not recognized and ignored.">, #<Selenium::WebDriver::LogEntry:0x00007ffca5681498 @level="WARNING", @timestamp=1620140215171, @message="https://yellowbird.client-staging.deliverybizpro.com/admin/reports.php?report_type=profit 7 The key \"-ms-touch-action:\" is not recognized and ignored.">]
Recent Payments Report,1.4428658485412598,[#<Selenium::WebDriver::LogEntry:0x00007ffca5702d18 @level="WARNING", @timestamp=1620140220070, @message="https://yellowbird.client-staging.deliverybizpro.com/admin/reports.php?report_type=delivery_payment 7 The key \"touch-action:\" is not recognized and ignored.">, #<Selenium::WebDriver::LogEntry:0x00007ffca5702cf0 @level="WARNING", @timestamp=1620140220070, @message="https://yellowbird.client-staging.deliverybizpro.com/admin/reports.php?report_type=delivery_payment 7 The key \"-ms-touch-action:\" is not recognized and ignored.">]
Show Currently Owed,2.36274790763855,[#<Selenium::WebDriver::LogEntry:0x00007ffca5783af8 @level="WARNING", @timestamp=1620140225459, @message="https://yellowbird.client-staging.deliverybizpro.com/admin/reports.php?report_type=owed 7 The key \"touch-action:\" is not recognized and ignored.">, #<Selenium::WebDriver::LogEntry:0x00007ffca5783a80 @level="WARNING", @timestamp=1620140225459, @message="https://yellowbird.client-staging.deliverybizpro.com/admin/reports.php?report_type=owed 7 The key \"-ms-touch-action:\" is not recognized and ignored.">]
Taxes Report,1.4512429237365723,[#<Selenium::WebDriver::LogEntry:0x00007ffca57f8718 @level="WARNING", @timestamp=1620140230313, @message="https://yellowbird.client-staging.deliverybizpro.com/admin/reports.php?report_type=taxes 7 The key \"touch-action:\" is not recognized and ignored.">, #<Selenium::WebDriver::LogEntry:0x00007ffca57f86f0 @level="WARNING", @timestamp=1620140230313, @message="https://yellowbird.client-staging.deliverybizpro.com/admin/reports.php?report_type=taxes 7 The key \"-ms-touch-action:\" is not recognized and ignored.">]
Product Reporting,1.0615711212158203,[]
Bagged Items Report,1.666543960571289,[#<Selenium::WebDriver::LogEntry:0x00007ffc778ae820 @level="WARNING", @timestamp=1620140239361, @message="https://yellowbird.client-staging.deliverybizpro.com/admin/reports.php?report_type=bagged_items 7 The key \"touch-action:\" is not recognized and ignored.">, #<Selenium::WebDriver::LogEntry:0x00007ffc778ae7f8 @level="WARNING", @timestamp=1620140239361, @message="https://yellowbird.client-staging.deliverybizpro.com/admin/reports.php?report_type=bagged_items 7 The key \"-ms-touch-action:\" is not recognized and ignored.">]
Customized Products,1.5711920261383057,[#<Selenium::WebDriver::LogEntry:0x00007ffc7791f110 @level="WARNING", @timestamp=1620140244218, @message="https://yellowbird.client-staging.deliverybizpro.com/admin/reports.php?report_type=customized_products 7 The key \"touch-action:\" is not recognized and ignored.">, #<Selenium::WebDriver::LogEntry:0x00007ffc7791f0e8 @level="WARNING", @timestamp=1620140244218, @message="https://yellowbird.client-staging.deliverybizpro.com/admin/reports.php?report_type=customized_products 7 The key \"-ms-touch-action:\" is not recognized and ignored.">, #<Selenium::WebDriver::LogEntry:0x00007ffc7791f0c0 @level="SEVERE", @timestamp=1620140244431, @message="https://yellowbird.client-staging.deliverybizpro.com/admin/skin1/admin/admin-modal.css - Failed to load resource: the server responded with a status of 404 ()">]
Forecast,60.59037899971008,[#<Selenium::WebDriver::LogEntry:0x00007ffca5371c30 @level="WARNING", @timestamp=1620140369060, @message="https://yellowbird.client-staging.deliverybizpro.com/admin/reports.php?report_type=forecast 7 The key \"touch-action:\" is not recognized and ignored.">, #<Selenium::WebDriver::LogEntry:0x00007ffca5371b90 @level="WARNING", @timestamp=1620140369061, @message="https://yellowbird.client-staging.deliverybizpro.com/admin/reports.php?report_type=forecast 7 The key \"-ms-touch-action:\" is not recognized and ignored.">]
Inventory,9.555613279342651,[#<Selenium::WebDriver::LogEntry:0x00007ffca53d00f0 @level="WARNING", @timestamp=1620140380576, @message="https://yellowbird.client-staging.deliverybizpro.com/admin/reports.php?report_type=inventory&hide_disabled_inventory=Y 7 The key \"touch-action:\" is not recognized and ignored.">, #<Selenium::WebDriver::LogEntry:0x00007ffca53d00c8 @level="WARNING", @timestamp=1620140380577, @message="https://yellowbird.client-staging.deliverybizpro.com/admin/reports.php?report_type=inventory&hide_disabled_inventory=Y 7 The key \"-ms-touch-action:\" is not recognized and ignored.">]
Product Reporting,1.1084890365600586,[]
Load Sheet Report,1.7284300327301025,[#<Selenium::WebDriver::LogEntry:0x00007ffca55891f8 @level="WARNING", @timestamp=1620140393338, @message="https://yellowbird.client-staging.deliverybizpro.com/admin/reports.php?report_type=load_sheet 7 The key \"touch-action:\" is not recognized and ignored.">, #<Selenium::WebDriver::LogEntry:0x00007ffca5589180 @level="WARNING", @timestamp=1620140393338, @message="https://yellowbird.client-staging.deliverybizpro.com/admin/reports.php?report_type=load_sheet 7 The key \"-ms-touch-action:\" is not recognized and ignored.">]
Out Of Stock Report,1.5688810348510742,[#<Selenium::WebDriver::LogEntry:0x00007ffca5671d18 @level="WARNING", @timestamp=1620140398024, @message="https://yellowbird.client-staging.deliverybizpro.com/admin/reports.php?report_type=out_of_stock 7 The key \"touch-action:\" is not recognized and ignored.">, #<Selenium::WebDriver::LogEntry:0x00007ffca5671cf0 @level="WARNING", @timestamp=1620140398024, @message="https://yellowbird.client-staging.deliverybizpro.com/admin/reports.php?report_type=out_of_stock 7 The key \"-ms-touch-action:\" is not recognized and ignored.">, #<Selenium::WebDriver::LogEntry:0x00007ffca5671cc8 @level="SEVERE", @timestamp=1620140398242, @message="https://yellowbird.client-staging.deliverybizpro.com/admin/skin1/admin/admin-modal.css - Failed to load resource: the server responded with a status of 404 ()">]
Customer Reporting,60.09780979156494,[]
Customer Count Report,1.4598629474639893,[#<Selenium::WebDriver::LogEntry:0x00007ffca5763050 @level="WARNING", @timestamp=1620140531192, @message="https://yellowbird.client-staging.deliverybizpro.com/admin/reports.php?report_type=customer_count 7 The key \"touch-action:\" is not recognized and ignored.">, #<Selenium::WebDriver::LogEntry:0x00007ffca5762fd8 @level="WARNING", @timestamp=1620140531192, @message="https://yellowbird.client-staging.deliverybizpro.com/admin/reports.php?report_type=customer_count 7 The key \"-ms-touch-action:\" is not recognized and ignored.">]
Customer Orders Count,1.4332127571105957,[#<Selenium::WebDriver::LogEntry:0x00007ffca57e3bb0 @level="WARNING", @timestamp=1620140535872, @message="https://yellowbird.client-staging.deliverybizpro.com/admin/reports.php?report_type=customer_orders 7 The key \"touch-action:\" is not recognized and ignored.">, #<Selenium::WebDriver::LogEntry:0x00007ffca57e3b88 @level="WARNING", @timestamp=1620140535872, @message="https://yellowbird.client-staging.deliverybizpro.com/admin/reports.php?report_type=customer_orders 7 The key \"-ms-touch-action:\" is not recognized and ignored.">]
Deposit Report,1.455554723739624,[#<Selenium::WebDriver::LogEntry:0x00007ffc77848458 @level="WARNING", @timestamp=1620140540532, @message="https://yellowbird.client-staging.deliverybizpro.com/admin/reports.php?report_type=bottle_deposit 7 The key \"touch-action:\" is not recognized and ignored.">, #<Selenium::WebDriver::LogEntry:0x00007ffc77848430 @level="WARNING", @timestamp=1620140540533, @message="https://yellowbird.client-staging.deliverybizpro.com/admin/reports.php?report_type=bottle_deposit 7 The key \"-ms-touch-action:\" is not recognized and ignored.">]
Followup Report,1.4551029205322266,[#<Selenium::WebDriver::LogEntry:0x00007ffc778b5f08 @level="WARNING", @timestamp=1620140545192, @message="https://yellowbird.client-staging.deliverybizpro.com/admin/reports.php?report_type=followup 7 The key \"touch-action:\" is not recognized and ignored.">, #<Selenium::WebDriver::LogEntry:0x00007ffc778b5ee0 @level="WARNING", @timestamp=1620140545192, @message="https://yellowbird.client-staging.deliverybizpro.com/admin/reports.php?report_type=followup 7 The key \"-ms-touch-action:\" is not recognized and ignored.">]
Friend Referral Report,1.4467918872833252,[#<Selenium::WebDriver::LogEntry:0x00007ffc77927608 @level="WARNING", @timestamp=1620140549879, @message="https://yellowbird.client-staging.deliverybizpro.com/admin/reports.php?report_type=refer_friend 7 The key \"touch-action:\" is not recognized and ignored.">, #<Selenium::WebDriver::LogEntry:0x00007ffc779275e0 @level="WARNING", @timestamp=1620140549879, @message="https://yellowbird.client-staging.deliverybizpro.com/admin/reports.php?report_type=refer_friend 7 The key \"-ms-touch-action:\" is not recognized and ignored.">]
Minimum Order Report,1.419001817703247,[#<Selenium::WebDriver::LogEntry:0x00007ffca536abd8 @level="WARNING", @timestamp=1620140554567, @message="https://yellowbird.client-staging.deliverybizpro.com/admin/reports.php?report_type=min_order_report 7 The key \"touch-action:\" is not recognized and ignored.">, #<Selenium::WebDriver::LogEntry:0x00007ffca536ab60 @level="WARNING", @timestamp=1620140554567, @message="https://yellowbird.client-staging.deliverybizpro.com/admin/reports.php?report_type=min_order_report 7 The key \"-ms-touch-action:\" is not recognized and ignored.">]
Negative Balances,2.0307960510253906,[#<Selenium::WebDriver::LogEntry:0x00007ffca53e3dd0 @level="WARNING", @timestamp=1620140559815, @message="https://yellowbird.client-staging.deliverybizpro.com/admin/reports.php?report_type=balance 7 The key \"touch-action:\" is not recognized and ignored.">, #<Selenium::WebDriver::LogEntry:0x00007ffca53e3da8 @level="WARNING", @timestamp=1620140559815, @message="https://yellowbird.client-staging.deliverybizpro.com/admin/reports.php?report_type=balance 7 The key \"-ms-touch-action:\" is not recognized and ignored.">]
New Customers,1.4511480331420898,[#<Selenium::WebDriver::LogEntry:0x00007ffca5472a80 @level="WARNING", @timestamp=1620140564467, @message="https://yellowbird.client-staging.deliverybizpro.com/admin/reports.php?report_type=new 7 The key \"touch-action:\" is not recognized and ignored.">, #<Selenium::WebDriver::LogEntry:0x00007ffca5472a58 @level="WARNING", @timestamp=1620140564467, @message="https://yellowbird.client-staging.deliverybizpro.com/admin/reports.php?report_type=new 7 The key \"-ms-touch-action:\" is not recognized and ignored.">]
No Order Customers Report,1.4623908996582031,[#<Selenium::WebDriver::LogEntry:0x00007ffca558a918 @level="WARNING", @timestamp=1620140571187, @message="https://yellowbird.client-staging.deliverybizpro.com/admin/reports.php?report_type=no_orders 7 The key \"touch-action:\" is not recognized and ignored.">, #<Selenium::WebDriver::LogEntry:0x00007ffca558a878 @level="WARNING", @timestamp=1620140571187, @message="https://yellowbird.client-staging.deliverybizpro.com/admin/reports.php?report_type=no_orders 7 The key \"-ms-touch-action:\" is not recognized and ignored.">]
No Payment Customers,2.0065910816192627,[#<Selenium::WebDriver::LogEntry:0x00007ffca56725d8 @level="WARNING", @timestamp=1620140576400, @message="https://yellowbird.client-staging.deliverybizpro.com/admin/reports.php?report_type=not_paid 7 The key \"touch-action:\" is not recognized and ignored.">, #<Selenium::WebDriver::LogEntry:0x00007ffca56725b0 @level="WARNING", @timestamp=1620140576400, @message="https://yellowbird.client-staging.deliverybizpro.com/admin/reports.php?report_type=not_paid 7 The key \"-ms-touch-action:\" is not recognized and ignored.">]
Customer Reporting,1.0738351345062256,[]
On Hold Report,1.5714280605316162,[#<Selenium::WebDriver::LogEntry:0x00007ffca5741ab8 @level="WARNING", @timestamp=1620140585511, @message="https://yellowbird.client-staging.deliverybizpro.com/admin/reports.php?report_type=on_hold 7 The key \"touch-action:\" is not recognized and ignored.">, #<Selenium::WebDriver::LogEntry:0x00007ffca5741a90 @level="WARNING", @timestamp=1620140585514, @message="https://yellowbird.client-staging.deliverybizpro.com/admin/reports.php?report_type=on_hold 7 The key \"-ms-touch-action:\" is not recognized and ignored.">]
Past Due Customers,1.4263229370117188,[#<Selenium::WebDriver::LogEntry:0x00007ffca57c1ec0 @level="WARNING", @timestamp=1620140590230, @message="https://yellowbird.client-staging.deliverybizpro.com/admin/reports.php?report_type=due 7 The key \"touch-action:\" is not recognized and ignored.">, #<Selenium::WebDriver::LogEntry:0x00007ffca57c1e98 @level="WARNING", @timestamp=1620140590230, @message="https://yellowbird.client-staging.deliverybizpro.com/admin/reports.php?report_type=due 7 The key \"-ms-touch-action:\" is not recognized and ignored.">]
Customer Reporting,1.0588109493255615,[]
Recurring Order Report,1.4073710441589355,[#<Selenium::WebDriver::LogEntry:0x00007ffc77855b58 @level="WARNING", @timestamp=1620140599127, @message="https://yellowbird.client-staging.deliverybizpro.com/admin/reports.php?report_type=recurring_orders 7 The key \"touch-action:\" is not recognized and ignored.">, #<Selenium::WebDriver::LogEntry:0x00007ffc77855b30 @level="WARNING", @timestamp=1620140599127, @message="https://yellowbird.client-staging.deliverybizpro.com/admin/reports.php?report_type=recurring_orders 7 The key \"-ms-touch-action:\" is not recognized and ignored.">]
Retention Report,1.4427640438079834,[#<Selenium::WebDriver::LogEntry:0x00007ffc778ef5c8 @level="WARNING", @timestamp=1620140603779, @message="https://yellowbird.client-staging.deliverybizpro.com/admin/reports.php?report_type=customer_retention 7 The key \"touch-action:\" is not recognized and ignored.">, #<Selenium::WebDriver::LogEntry:0x00007ffc778ef5a0 @level="WARNING", @timestamp=1620140603779, @message="https://yellowbird.client-staging.deliverybizpro.com/admin/reports.php?report_type=customer_retention 7 The key \"-ms-touch-action:\" is not recognized and ignored.">]
Show Inactive Customers,1.4038729667663574,[#<Selenium::WebDriver::LogEntry:0x00007ffc77945450 @level="WARNING", @timestamp=1620140610514, @message="https://yellowbird.client-staging.deliverybizpro.com/admin/reports.php?report_type=inactive_customers 7 The key \"touch-action:\" is not recognized and ignored.">, #<Selenium::WebDriver::LogEntry:0x00007ffc77945428 @level="WARNING", @timestamp=1620140610514, @message="https://yellowbird.client-staging.deliverybizpro.com/admin/reports.php?report_type=inactive_customers 7 The key \"-ms-touch-action:\" is not recognized and ignored.">]
Total Customers Report,60.437472105026245,[#<Selenium::WebDriver::LogEntry:0x00007ffcb708af78 @level="WARNING", @timestamp=1620140735182, @message="https://yellowbird.client-staging.deliverybizpro.com/admin/reports.php?report_type=total_customers 7 The key \"touch-action:\" is not recognized and ignored.">, #<Selenium::WebDriver::LogEntry:0x00007ffcb708acf8 @level="WARNING", @timestamp=1620140735184, @message="https://yellowbird.client-staging.deliverybizpro.com/admin/reports.php?report_type=total_customers 7 The key \"-ms-touch-action:\" is not recognized and ignored.">]
Vacation Report,1.4410581588745117,[#<Selenium::WebDriver::LogEntry:0x00007ffca5432fc0 @level="WARNING", @timestamp=1620140739852, @message="https://yellowbird.client-staging.deliverybizpro.com/admin/reports.php?report_type=vacation 7 The key \"touch-action:\" is not recognized and ignored.">, #<Selenium::WebDriver::LogEntry:0x00007ffca5432f98 @level="WARNING", @timestamp=1620140739852, @message="https://yellowbird.client-staging.deliverybizpro.com/admin/reports.php?report_type=vacation 7 The key \"-ms-touch-action:\" is not recognized and ignored.">]
Misc. Reporting,1.0551199913024902,[]
Contact Us Report,1.5079638957977295,[#<Selenium::WebDriver::LogEntry:0x00007ffca56416b8 @level="WARNING", @timestamp=1620140752792, @message="https://yellowbird.client-staging.deliverybizpro.com/admin/reports.php?report_type=contact_us 7 The key \"touch-action:\" is not recognized and ignored.">, #<Selenium::WebDriver::LogEntry:0x00007ffca5641668 @level="WARNING", @timestamp=1620140752792, @message="https://yellowbird.client-staging.deliverybizpro.com/admin/reports.php?report_type=contact_us 7 The key \"-ms-touch-action:\" is not recognized and ignored.">]
Coupon Usage,1.4392988681793213,[#<Selenium::WebDriver::LogEntry:0x00007ffca56c0eb8 @level="WARNING", @timestamp=1620140757551, @message="https://yellowbird.client-staging.deliverybizpro.com/admin/reports.php?report_type=coupons 7 The key \"touch-action:\" is not recognized and ignored.">, #<Selenium::WebDriver::LogEntry:0x00007ffca56c0e90 @level="WARNING", @timestamp=1620140757551, @message="https://yellowbird.client-staging.deliverybizpro.com/admin/reports.php?report_type=coupons 7 The key \"-ms-touch-action:\" is not recognized and ignored.">]
Missing Orders,60.56051683425903,[#<Selenium::WebDriver::LogEntry:0x00007ffca57485c0 @level="WARNING", @timestamp=1620140882286, @message="https://yellowbird.client-staging.deliverybizpro.com/admin/reports.php?report_type=missing_orders 7 The key \"touch-action:\" is not recognized and ignored.">, #<Selenium::WebDriver::LogEntry:0x00007ffca5748570 @level="WARNING", @timestamp=1620140882286, @message="https://yellowbird.client-staging.deliverybizpro.com/admin/reports.php?report_type=missing_orders 7 The key \"-ms-touch-action:\" is not recognized and ignored.">, #<Selenium::WebDriver::LogEntry:0x00007ffca5748548 @level="SEVERE", @timestamp=1620140882432, @message="https://yellowbird.client-staging.deliverybizpro.com/admin/skin1/admin/admin-modal.css - Failed to load resource: the server responded with a status of 404 ()">]
Coupons,1.4191761016845703,[#<Selenium::WebDriver::LogEntry:0x00007ffca57d3cd8 @level="WARNING", @timestamp=1620140893085, @message="https://yellowbird.client-staging.deliverybizpro.com/admin/discount_coupons.php 7 The key \"touch-action:\" is not recognized and ignored.">, #<Selenium::WebDriver::LogEntry:0x00007ffca57d3c60 @level="WARNING", @timestamp=1620140893085, @message="https://yellowbird.client-staging.deliverybizpro.com/admin/discount_coupons.php 7 The key \"-ms-touch-action:\" is not recognized and ignored.">, #<Selenium::WebDriver::LogEntry:0x00007ffca57d3c38 @level="WARNING", @timestamp=1620140894224, @message="https://yellowbird.client-staging.deliverybizpro.com/admin/discount_coupons.php - [DOM] Found 2 elements with non-unique id #action_value: (More info: https://goo.gl/9p2vKq) %o %o">]
Coupon Events,1.399446964263916,[#<Selenium::WebDriver::LogEntry:0x00007ffc77828d88 @level="WARNING", @timestamp=1620140899716, @message="https://yellowbird.client-staging.deliverybizpro.com/admin/coupon_events.php 7 The key \"touch-action:\" is not recognized and ignored.">, #<Selenium::WebDriver::LogEntry:0x00007ffc77828d60 @level="WARNING", @timestamp=1620140899716, @message="https://yellowbird.client-staging.deliverybizpro.com/admin/coupon_events.php 7 The key \"-ms-touch-action:\" is not recognized and ignored.">]
Countdown Products,1.4164369106292725,[#<Selenium::WebDriver::LogEntry:0x00007ffc77880a88 @level="WARNING", @timestamp=1620140906429, @message="https://yellowbird.client-staging.deliverybizpro.com/admin/reports.php?report_type=countdown_mgmt 7 The key \"touch-action:\" is not recognized and ignored.">, #<Selenium::WebDriver::LogEntry:0x00007ffc77880a60 @level="WARNING", @timestamp=1620140906429, @message="https://yellowbird.client-staging.deliverybizpro.com/admin/reports.php?report_type=countdown_mgmt 7 The key \"-ms-touch-action:\" is not recognized and ignored.">]
Global Discounts,1.5506560802459717,[#<Selenium::WebDriver::LogEntry:0x00007ffc778fc430 @level="WARNING", @timestamp=1620140911098, @message="https://yellowbird.client-staging.deliverybizpro.com/provider/discounts.php 7 The key \"touch-action:\" is not recognized and ignored.">, #<Selenium::WebDriver::LogEntry:0x00007ffc778fc408 @level="WARNING", @timestamp=1620140911098, @message="https://yellowbird.client-staging.deliverybizpro.com/provider/discounts.php 7 The key \"-ms-touch-action:\" is not recognized and ignored.">]
Featured Products,2.0610599517822266,[#<Selenium::WebDriver::LogEntry:0x00007ffc779676b8 @level="WARNING", @timestamp=1620140917937, @message="https://yellowbird.client-staging.deliverybizpro.com/admin/products?search_criteria=featured_product 7 The key \"touch-action:\" is not recognized and ignored.">, #<Selenium::WebDriver::LogEntry:0x00007ffc77967690 @level="WARNING", @timestamp=1620140917937, @message="https://yellowbird.client-staging.deliverybizpro.com/admin/products?search_criteria=featured_product 7 The key \"-ms-touch-action:\" is not recognized and ignored.">, #<Selenium::WebDriver::LogEntry:0x00007ffc77967618 @level="WARNING", @timestamp=1620140918600, @message="https://yellowbird.client-staging.deliverybizpro.com/admin/products?search_criteria=featured_product - [DOM] Found 2 elements with non-unique id #collapse-quantity: (More info: https://goo.gl/9p2vKq) %o %o">]
Sale Items,2.439332962036133,[#<Selenium::WebDriver::LogEntry:0x00007ffcb7092160 @level="WARNING", @timestamp=1620140925320, @message="https://yellowbird.client-staging.deliverybizpro.com/admin/products?search_criteria=sale_item 7 The key \"touch-action:\" is not recognized and ignored.">, #<Selenium::WebDriver::LogEntry:0x00007ffcb7091e40 @level="WARNING", @timestamp=1620140925320, @message="https://yellowbird.client-staging.deliverybizpro.com/admin/products?search_criteria=sale_item 7 The key \"-ms-touch-action:\" is not recognized and ignored.">, #<Selenium::WebDriver::LogEntry:0x00007ffcb7091d50 @level="WARNING", @timestamp=1620140926329, @message="https://yellowbird.client-staging.deliverybizpro.com/admin/products?search_criteria=sale_item - [DOM] Found 2 elements with non-unique id #collapse-quantity: (More info: https://goo.gl/9p2vKq) %o %o">]
Manage Cross-Selling,1.441770076751709,[#<Selenium::WebDriver::LogEntry:0x00007ffca541bb40 @level="WARNING", @timestamp=1620140932948, @message="https://yellowbird.client-staging.deliverybizpro.com/admin/reports.php?report_type=upselling 7 The key \"touch-action:\" is not recognized and ignored.">, #<Selenium::WebDriver::LogEntry:0x00007ffca541ba78 @level="WARNING", @timestamp=1620140932948, @message="https://yellowbird.client-staging.deliverybizpro.com/admin/reports.php?report_type=upselling 7 The key \"-ms-touch-action:\" is not recognized and ignored.">]
First Time Order Specials,1.5594186782836914,[#<Selenium::WebDriver::LogEntry:0x00007ffca5522598 @level="WARNING", @timestamp=1620140937606, @message="https://yellowbird.client-staging.deliverybizpro.com/admin/products?search_criteria=first_time_order 7 The key \"touch-action:\" is not recognized and ignored.">, #<Selenium::WebDriver::LogEntry:0x00007ffca5522548 @level="WARNING", @timestamp=1620140937606, @message="https://yellowbird.client-staging.deliverybizpro.com/admin/products?search_criteria=first_time_order 7 The key \"-ms-touch-action:\" is not recognized and ignored.">, #<Selenium::WebDriver::LogEntry:0x00007ffca5522520 @level="WARNING", @timestamp=1620140937827, @message="https://yellowbird.client-staging.deliverybizpro.com/admin/products?search_criteria=first_time_order - [DOM] Found 2 elements with non-unique id #collapse-quantity: (More info: https://goo.gl/9p2vKq) %o %o">]
Search Orders,1.6613011360168457,[#<Selenium::WebDriver::LogEntry:0x00007ffca5640970 @level="WARNING", @timestamp=1620140944470, @message="https://yellowbird.client-staging.deliverybizpro.com/admin/orders.php 7 The key \"touch-action:\" is not recognized and ignored.">, #<Selenium::WebDriver::LogEntry:0x00007ffca5640948 @level="WARNING", @timestamp=1620140944470, @message="https://yellowbird.client-staging.deliverybizpro.com/admin/orders.php 7 The key \"-ms-touch-action:\" is not recognized and ignored.">]
This Week's Orders,1.9035418033599854,[#<Selenium::WebDriver::LogEntry:0x00007ffca56cb3e0 @level="WARNING", @timestamp=1620140955554, @message="https://yellowbird.client-staging.deliverybizpro.com/admin/orders.php?mode=search 7 The key \"touch-action:\" is not recognized and ignored.">, #<Selenium::WebDriver::LogEntry:0x00007ffca56cb3b8 @level="WARNING", @timestamp=1620140955554, @message="https://yellowbird.client-staging.deliverybizpro.com/admin/orders.php?mode=search 7 The key \"-ms-touch-action:\" is not recognized and ignored.">]
Next Week's Orders,1.9623310565948486,[#<Selenium::WebDriver::LogEntry:0x00007ffca573bc30 @level="WARNING", @timestamp=1620140962782, @message="https://yellowbird.client-staging.deliverybizpro.com/admin/orders.php?mode=search 7 The key \"touch-action:\" is not recognized and ignored.">, #<Selenium::WebDriver::LogEntry:0x00007ffca573bbb8 @level="WARNING", @timestamp=1620140962782, @message="https://yellowbird.client-staging.deliverybizpro.com/admin/orders.php?mode=search 7 The key \"-ms-touch-action:\" is not recognized and ignored.">]
Create Purchase Order,1.6891303062438965,[#<Selenium::WebDriver::LogEntry:0x00007ffca57aae78 @level="WARNING", @timestamp=1620140969814, @message="https://yellowbird.client-staging.deliverybizpro.com/admin/router.php#/adv-purchase-order/create 7 The key \"touch-action:\" is not recognized and ignored.">, #<Selenium::WebDriver::LogEntry:0x00007ffca57aae50 @level="WARNING", @timestamp=1620140969814, @message="https://yellowbird.client-staging.deliverybizpro.com/admin/router.php#/adv-purchase-order/create 7 The key \"-ms-touch-action:\" is not recognized and ignored.">]
View Purchase Orders,1.0840661525726318,[]
Autoresponders,1.5024309158325195,[#<Selenium::WebDriver::LogEntry:0x00007ffc7787a9a8 @level="WARNING", @timestamp=1620140983118, @message="https://yellowbird.client-staging.deliverybizpro.com/admin/news.php?mode=messages&targetlist=2 7 The key \"touch-action:\" is not recognized and ignored.">, #<Selenium::WebDriver::LogEntry:0x00007ffc7787a980 @level="WARNING", @timestamp=1620140983119, @message="https://yellowbird.client-staging.deliverybizpro.com/admin/news.php?mode=messages&targetlist=2 7 The key \"-ms-touch-action:\" is not recognized and ignored.">]
General News List,1.5568828582763672,[#<Selenium::WebDriver::LogEntry:0x00007ffc778d6050 @level="WARNING", @timestamp=1620140989884, @message="https://yellowbird.client-staging.deliverybizpro.com/admin/router.php#/newsletters-list/3 7 The key \"touch-action:\" is not recognized and ignored.">, #<Selenium::WebDriver::LogEntry:0x00007ffc778d6028 @level="WARNING", @timestamp=1620140989884, @message="https://yellowbird.client-staging.deliverybizpro.com/admin/router.php#/newsletters-list/3 7 The key \"-ms-touch-action:\" is not recognized and ignored.">]
Unsubscribers,2.453310966491699,[#<Selenium::WebDriver::LogEntry:0x00007ffc7794f428 @level="WARNING", @timestamp=1620141005762, @message="https://yellowbird.client-staging.deliverybizpro.com/admin/unsubscribers 7 The key \"touch-action:\" is not recognized and ignored.">, #<Selenium::WebDriver::LogEntry:0x00007ffc7794f400 @level="WARNING", @timestamp=1620141005762, @message="https://yellowbird.client-staging.deliverybizpro.com/admin/unsubscribers 7 The key \"-ms-touch-action:\" is not recognized and ignored.">]
Edit Static Pages,1.5035309791564941,[#<Selenium::WebDriver::LogEntry:0x00007ffca53b3c98 @level="WARNING", @timestamp=1620141012455, @message="https://yellowbird.client-staging.deliverybizpro.com/admin/pages.php 7 The key \"touch-action:\" is not recognized and ignored.">, #<Selenium::WebDriver::LogEntry:0x00007ffca53b3c20 @level="WARNING", @timestamp=1620141012455, @message="https://yellowbird.client-staging.deliverybizpro.com/admin/pages.php 7 The key \"-ms-touch-action:\" is not recognized and ignored.">]
Manage Files,1.7918908596038818,[#<Selenium::WebDriver::LogEntry:0x00007ffca53f1688 @level="WARNING", @timestamp=1620141019207, @message="https://yellowbird.client-staging.deliverybizpro.com/admin/files.php 7 The key \"touch-action:\" is not recognized and ignored.">, #<Selenium::WebDriver::LogEntry:0x00007ffca53f1660 @level="WARNING", @timestamp=1620141019208, @message="https://yellowbird.client-staging.deliverybizpro.com/admin/files.php 7 The key \"-ms-touch-action:\" is not recognized and ignored.">]
301 Redirects,1.4540328979492188,[#<Selenium::WebDriver::LogEntry:0x00007ffca54faf70 @level="WARNING", @timestamp=1620141030370, @message="https://yellowbird.client-staging.deliverybizpro.com/admin/redirects 7 The key \"touch-action:\" is not recognized and ignored.">, #<Selenium::WebDriver::LogEntry:0x00007ffca54faf48 @level="WARNING", @timestamp=1620141030370, @message="https://yellowbird.client-staging.deliverybizpro.com/admin/redirects 7 The key \"-ms-touch-action:\" is not recognized and ignored.">]
FAQ,1.4658479690551758,[#<Selenium::WebDriver::LogEntry:0x00007ffca562b8b8 @level="WARNING", @timestamp=1620141037027, @message="https://yellowbird.client-staging.deliverybizpro.com/admin/faq 7 The key \"touch-action:\" is not recognized and ignored.">, #<Selenium::WebDriver::LogEntry:0x00007ffca562b7f0 @level="WARNING", @timestamp=1620141037027, @message="https://yellowbird.client-staging.deliverybizpro.com/admin/faq 7 The key \"-ms-touch-action:\" is not recognized and ignored.">]
Company Settings,2.311121940612793,[#<Selenium::WebDriver::LogEntry:0x00007ffca56a07d0 @level="WARNING", @timestamp=1620141043789, @message="https://yellowbird.client-staging.deliverybizpro.com/admin/company.php 7 The key \"touch-action:\" is not recognized and ignored.">, #<Selenium::WebDriver::LogEntry:0x00007ffca56a07a8 @level="WARNING", @timestamp=1620141043789, @message="https://yellowbird.client-staging.deliverybizpro.com/admin/company.php 7 The key \"-ms-touch-action:\" is not recognized and ignored.">, #<Selenium::WebDriver::LogEntry:0x00007ffca56a0780 @level="SEVERE", @timestamp=1620141044679, @message="https://yellowbird.client-staging.deliverybizpro.com/skin1/css/structure.css - Failed to load resource: the server responded with a status of 404 ()">, #<Selenium::WebDriver::LogEntry:0x00007ffca56a0708 @level="SEVERE", @timestamp=1620141044783, @message="https://yellowbird.client-staging.deliverybizpro.com/skin1/css/structure.css - Failed to load resource: the server responded with a status of 404 ()">, #<Selenium::WebDriver::LogEntry:0x00007ffca56a06e0 @level="SEVERE", @timestamp=1620141045789, @message="https://yellowbird.client-staging.deliverybizpro.com/skin1/css/structure.css - Failed to load resource: the server responded with a status of 404 ()">, #<Selenium::WebDriver::LogEntry:0x00007ffca56a06b8 @level="SEVERE", @timestamp=1620141045789, @message="https://yellowbird.client-staging.deliverybizpro.com/skin1/css/structure.css - Failed to load resource: the server responded with a status of 404 ()">, #<Selenium::WebDriver::LogEntry:0x00007ffca56a0690 @level="SEVERE", @timestamp=1620141045789, @message="https://yellowbird.client-staging.deliverybizpro.com/skin1/css/structure.css - Failed to load resource: the server responded with a status of 404 ()">, #<Selenium::WebDriver::LogEntry:0x00007ffca56a0640 @level="SEVERE", @timestamp=1620141045789, @message="https://yellowbird.client-staging.deliverybizpro.com/skin1/css/structure.css - Failed to load resource: the server responded with a status of 404 ()">]
States/Counties,1.5631632804870605,[#<Selenium::WebDriver::LogEntry:0x00007ffca5710058 @level="WARNING", @timestamp=1620141049187, @message="https://maps.googleapis.com/maps-api-v3/api/js/44/12/util.js 227:26 \"Google Maps JavaScript API warning: NoApiKeys https://developers.google.com/maps/documentation/javascript/error-messages#no-api-keys\"">, #<Selenium::WebDriver::LogEntry:0x00007ffca5710008 @level="WARNING", @timestamp=1620141049187, @message="https://maps.googleapis.com/maps-api-v3/api/js/44/12/util.js 227:26 \"Google Maps JavaScript API warning: InvalidKey https://developers.google.com/maps/documentation/javascript/error-messages#invalid-key\"">, #<Selenium::WebDriver::LogEntry:0x00007ffca571bf98 @level="WARNING", @timestamp=1620141051355, @message="https://yellowbird.client-staging.deliverybizpro.com/admin/states.php 7 The key \"touch-action:\" is not recognized and ignored.">, #<Selenium::WebDriver::LogEntry:0x00007ffca571bf70 @level="WARNING", @timestamp=1620141051355, @message="https://yellowbird.client-staging.deliverybizpro.com/admin/states.php 7 The key \"-ms-touch-action:\" is not recognized and ignored.">]
Taxes,1.0634150505065918,[]
Taxing Zones,1.4316270351409912,[#<Selenium::WebDriver::LogEntry:0x00007ffca57fb238 @level="WARNING", @timestamp=1620141064490, @message="https://yellowbird.client-staging.deliverybizpro.com/admin/zones.php 7 The key \"touch-action:\" is not recognized and ignored.">, #<Selenium::WebDriver::LogEntry:0x00007ffca57fb210 @level="WARNING", @timestamp=1620141064490, @message="https://yellowbird.client-staging.deliverybizpro.com/admin/zones.php 7 The key \"-ms-touch-action:\" is not recognized and ignored.">]
Taxing System,1.4892230033874512,[#<Selenium::WebDriver::LogEntry:0x00007ffc77863b90 @level="WARNING", @timestamp=1620141071256, @message="https://yellowbird.client-staging.deliverybizpro.com/admin/taxes.php 7 The key \"touch-action:\" is not recognized and ignored.">, #<Selenium::WebDriver::LogEntry:0x00007ffc77863b68 @level="WARNING", @timestamp=1620141071256, @message="https://yellowbird.client-staging.deliverybizpro.com/admin/taxes.php 7 The key \"-ms-touch-action:\" is not recognized and ignored.">]
Minimum Orders Settings,1.5053491592407227,[#<Selenium::WebDriver::LogEntry:0x00007ffc778b6a48 @level="WARNING", @timestamp=1620141077939, @message="https://yellowbird.client-staging.deliverybizpro.com/admin/min_orders_settings.php 7 The key \"touch-action:\" is not recognized and ignored.">, #<Selenium::WebDriver::LogEntry:0x00007ffc778b6a20 @level="WARNING", @timestamp=1620141077939, @message="https://yellowbird.client-staging.deliverybizpro.com/admin/min_orders_settings.php 7 The key \"-ms-touch-action:\" is not recognized and ignored.">]
Zip Codes,1.4398348331451416,[#<Selenium::WebDriver::LogEntry:0x00007ffc77914d28 @level="WARNING", @timestamp=1620141084700, @message="https://yellowbird.client-staging.deliverybizpro.com/admin/zip_codes.php 7 The key \"touch-action:\" is not recognized and ignored.">, #<Selenium::WebDriver::LogEntry:0x00007ffc77914d00 @level="WARNING", @timestamp=1620141084701, @message="https://yellowbird.client-staging.deliverybizpro.com/admin/zip_codes.php 7 The key \"-ms-touch-action:\" is not recognized and ignored.">, #<Selenium::WebDriver::LogEntry:0x00007ffc77914cd8 @level="WARNING", @timestamp=1620141084814, @message="https://yellowbird.client-staging.deliverybizpro.com/admin/zip_codes.php - [DOM] Found 2 elements with non-unique id #zip_delivery_type: (More info: https://goo.gl/9p2vKq) %o %o">]
Fees,1.0831921100616455,[]
Settings,1.0507493019104004,[]
Store Locations,1.7148418426513672,[#<Selenium::WebDriver::LogEntry:0x00007ffca54933e8 @level="WARNING", @timestamp=1620141112272, @message="https://yellowbird.client-staging.deliverybizpro.com/admin/stores.php 7 The key \"touch-action:\" is not recognized and ignored.">, #<Selenium::WebDriver::LogEntry:0x00007ffca54932f8 @level="WARNING", @timestamp=1620141112272, @message="https://yellowbird.client-staging.deliverybizpro.com/admin/stores.php 7 The key \"-ms-touch-action:\" is not recognized and ignored.">]
DBP Settings,1.8571622371673584,[#<Selenium::WebDriver::LogEntry:0x00007ffca55b2af8 @level="WARNING", @timestamp=1620141119352, @message="https://yellowbird.client-staging.deliverybizpro.com/admin/dbp_settings.php 7 The key \"touch-action:\" is not recognized and ignored.">, #<Selenium::WebDriver::LogEntry:0x00007ffca55b2a80 @level="WARNING", @timestamp=1620141119352, @message="https://yellowbird.client-staging.deliverybizpro.com/admin/dbp_settings.php 7 The key \"-ms-touch-action:\" is not recognized and ignored.">]
DBP Billing,1.8843538761138916,[#<Selenium::WebDriver::LogEntry:0x00007ffca5671d68 @level="WARNING", @timestamp=1620141126598, @message="https://yellowbird.client-staging.deliverybizpro.com/admin/dbp_billing.php 7 The key \"touch-action:\" is not recognized and ignored.">, #<Selenium::WebDriver::LogEntry:0x00007ffca5671d40 @level="WARNING", @timestamp=1620141126598, @message="https://yellowbird.client-staging.deliverybizpro.com/admin/dbp_billing.php 7 The key \"-ms-touch-action:\" is not recognized and ignored.">]
Countries,1.4103920459747314,[#<Selenium::WebDriver::LogEntry:0x00007ffca56e1af0 @level="WARNING", @timestamp=1620141133375, @message="https://yellowbird.client-staging.deliverybizpro.com/admin/countries.php 7 The key \"touch-action:\" is not recognized and ignored.">, #<Selenium::WebDriver::LogEntry:0x00007ffca56e1a78 @level="WARNING", @timestamp=1620141133375, @message="https://yellowbird.client-staging.deliverybizpro.com/admin/countries.php 7 The key \"-ms-touch-action:\" is not recognized and ignored.">]
States,1.5320699214935303,[#<Selenium::WebDriver::LogEntry:0x00007ffca5751b20 @level="WARNING", @timestamp=1620141140120, @message="https://yellowbird.client-staging.deliverybizpro.com/admin/states.php 7 The key \"touch-action:\" is not recognized and ignored.">, #<Selenium::WebDriver::LogEntry:0x00007ffca5751af8 @level="WARNING", @timestamp=1620141140120, @message="https://yellowbird.client-staging.deliverybizpro.com/admin/states.php 7 The key \"-ms-touch-action:\" is not recognized and ignored.">]
Settings,1.0625889301300049,[]
Export/Import Cities,1.4280130863189697,[#<Selenium::WebDriver::LogEntry:0x00007ffc77831b68 @level="WARNING", @timestamp=1620141153173, @message="https://yellowbird.client-staging.deliverybizpro.com/admin/cities_export_import.php 7 The key \"touch-action:\" is not recognized and ignored.">, #<Selenium::WebDriver::LogEntry:0x00007ffc77831b40 @level="WARNING", @timestamp=1620141153173, @message="https://yellowbird.client-staging.deliverybizpro.com/admin/cities_export_import.php 7 The key \"-ms-touch-action:\" is not recognized and ignored.">]
Summary,1.4147348403930664,[#<Selenium::WebDriver::LogEntry:0x00007ffc77859848 @level="WARNING", @timestamp=1620141159879, @message="https://yellowbird.client-staging.deliverybizpro.com/admin/general.php 7 The key \"touch-action:\" is not recognized and ignored.">, #<Selenium::WebDriver::LogEntry:0x00007ffc77859820 @level="WARNING", @timestamp=1620141159879, @message="https://yellowbird.client-staging.deliverybizpro.com/admin/general.php 7 The key \"-ms-touch-action:\" is not recognized and ignored.">]
Credit card types,1.4380850791931152,[#<Selenium::WebDriver::LogEntry:0x00007ffc778eebf0 @level="WARNING", @timestamp=1620141166543, @message="https://yellowbird.client-staging.deliverybizpro.com/admin/card_types.php 7 The key \"touch-action:\" is not recognized and ignored.">, #<Selenium::WebDriver::LogEntry:0x00007ffc778eebc8 @level="WARNING", @timestamp=1620141166543, @message="https://yellowbird.client-staging.deliverybizpro.com/admin/card_types.php 7 The key \"-ms-touch-action:\" is not recognized and ignored.">]
General Settings,1.7881338596343994,[#<Selenium::WebDriver::LogEntry:0x00007ffc77944988 @level="WARNING", @timestamp=1620141173303, @message="https://yellowbird.client-staging.deliverybizpro.com/admin/configuration 7 The key \"touch-action:\" is not recognized and ignored.">, #<Selenium::WebDriver::LogEntry:0x00007ffc77944960 @level="WARNING", @timestamp=1620141173303, @message="https://yellowbird.client-staging.deliverybizpro.com/admin/configuration 7 The key \"-ms-touch-action:\" is not recognized and ignored.">]
Languages,1.5064892768859863,[#<Selenium::WebDriver::LogEntry:0x00007ffcb605f1f8 @level="WARNING", @timestamp=1620141180358, @message="https://yellowbird.client-staging.deliverybizpro.com/admin/languages.php 7 The key \"touch-action:\" is not recognized and ignored.">, #<Selenium::WebDriver::LogEntry:0x00007ffcb605f1a8 @level="WARNING", @timestamp=1620141180358, @message="https://yellowbird.client-staging.deliverybizpro.com/admin/languages.php 7 The key \"-ms-touch-action:\" is not recognized and ignored.">, #<Selenium::WebDriver::LogEntry:0x00007ffcb605f180 @level="SEVERE", @timestamp=1620141180455, @message="https://yellowbird.client-staging.deliverybizpro.com/tinymce/tiny_mce.js - Failed to load resource: the server responded with a status of 404 ()">]
Modules,2.2627618312835693,[#<Selenium::WebDriver::LogEntry:0x00007ffca53f2768 @level="WARNING", @timestamp=1620141187177, @message="https://yellowbird.client-staging.deliverybizpro.com/admin/modules.php 7 The key \"touch-action:\" is not recognized and ignored.">, #<Selenium::WebDriver::LogEntry:0x00007ffca53f2740 @level="WARNING", @timestamp=1620141187178, @message="https://yellowbird.client-staging.deliverybizpro.com/admin/modules.php 7 The key \"-ms-touch-action:\" is not recognized and ignored.">]
Payment Methods,1.7146799564361572,[#<Selenium::WebDriver::LogEntry:0x00007ffca54d1b98 @level="WARNING", @timestamp=1620141194606, @message="https://yellowbird.client-staging.deliverybizpro.com/admin/payment_methods.php 7 The key \"touch-action:\" is not recognized and ignored.">, #<Selenium::WebDriver::LogEntry:0x00007ffca54d1a30 @level="WARNING", @timestamp=1620141194606, @message="https://yellowbird.client-staging.deliverybizpro.com/admin/payment_methods.php 7 The key \"-ms-touch-action:\" is not recognized and ignored.">]
Clear templates cache,1.8190271854400635,[#<Selenium::WebDriver::LogEntry:0x00007ffca5603ea8 @level="WARNING", @timestamp=1620141201973, @message="https://yellowbird.client-staging.deliverybizpro.com/admin/general.php 7 The key \"touch-action:\" is not recognized and ignored.">, #<Selenium::WebDriver::LogEntry:0x00007ffca5603e80 @level="WARNING", @timestamp=1620141201973, @message="https://yellowbird.client-staging.deliverybizpro.com/admin/general.php 7 The key \"-ms-touch-action:\" is not recognized and ignored.">]
System Logs,1.0502541065216064,[]
DBP Overview,1.3881440162658691,[#<Selenium::WebDriver::LogEntry:0x00007ffca5702f70 @level="WARNING", @timestamp=1620141214873, @message="https://yellowbird.client-staging.deliverybizpro.com/admin/dbp_overview.php 7 The key \"touch-action:\" is not recognized and ignored.">, #<Selenium::WebDriver::LogEntry:0x00007ffca5702f48 @level="WARNING", @timestamp=1620141214873, @message="https://yellowbird.client-staging.deliverybizpro.com/admin/dbp_overview.php 7 The key \"-ms-touch-action:\" is not recognized and ignored.">]
Inventory,1.4660890102386475,[#<Selenium::WebDriver::LogEntry:0x00007ffca5772820 @level="WARNING", @timestamp=1620141221498, @message="https://yellowbird.client-staging.deliverybizpro.com/admin/log_inventory.php 7 The key \"touch-action:\" is not recognized and ignored.">, #<Selenium::WebDriver::LogEntry:0x00007ffca57727f8 @level="WARNING", @timestamp=1620141221498, @message="https://yellowbird.client-staging.deliverybizpro.com/admin/log_inventory.php 7 The key \"-ms-touch-action:\" is not recognized and ignored.">]
Tasks,1.5610108375549316,[#<Selenium::WebDriver::LogEntry:0x00007ffca57e1a18 @level="WARNING", @timestamp=1620141228235, @message="https://yellowbird.client-staging.deliverybizpro.com/admin/router.php?r=bt-console#/bt-console 7 The key \"touch-action:\" is not recognized and ignored.">, #<Selenium::WebDriver::LogEntry:0x00007ffca57e19f0 @level="WARNING", @timestamp=1620141228235, @message="https://yellowbird.client-staging.deliverybizpro.com/admin/router.php?r=bt-console#/bt-console 7 The key \"-ms-touch-action:\" is not recognized and ignored.">]
Periodic tasks,3.9386510848999023,[#<Selenium::WebDriver::LogEntry:0x00007ffc7784bb58 @level="WARNING", @timestamp=1620141237537, @message="https://yellowbird.client-staging.deliverybizpro.com/admin/periodicTasks 7 The key \"touch-action:\" is not recognized and ignored.">, #<Selenium::WebDriver::LogEntry:0x00007ffc7784bb30 @level="WARNING", @timestamp=1620141237537, @message="https://yellowbird.client-staging.deliverybizpro.com/admin/periodicTasks 7 The key \"-ms-touch-action:\" is not recognized and ignored.">]
