Dashboard,2.1251511573791504,[#<Selenium::WebDriver::LogEntry:0x00007fc1d5a04738 @level="WARNING", @timestamp=1618418960523, @message="https://brysonfarms.deliverybizpro.com/admin/login 7 The key \"touch-action:\" is not recognized and ignored.">, #<Selenium::WebDriver::LogEntry:0x00007fc1d5a04710 @level="WARNING", @timestamp=1618418960523, @message="https://brysonfarms.deliverybizpro.com/admin/login 7 The key \"-ms-touch-action:\" is not recognized and ignored.">, #<Selenium::WebDriver::LogEntry:0x00007fc1d5a046e8 @level="WARNING", @timestamp=1618418967789, @message="https://brysonfarms.deliverybizpro.com/admin/home.php 7 The key \"touch-action:\" is not recognized and ignored.">, #<Selenium::WebDriver::LogEntry:0x00007fc1d5a046c0 @level="WARNING", @timestamp=1618418967790, @message="https://brysonfarms.deliverybizpro.com/admin/home.php 7 The key \"-ms-touch-action:\" is not recognized and ignored.">, #<Selenium::WebDriver::LogEntry:0x00007fc1d5a04698 @level="WARNING", @timestamp=1618418970341, @message="https://brysonfarms.deliverybizpro.com/admin/home.php 7 The key \"touch-action:\" is not recognized and ignored.">, #<Selenium::WebDriver::LogEntry:0x00007fc1d5a04670 @level="WARNING", @timestamp=1618418970341, @message="https://brysonfarms.deliverybizpro.com/admin/home.php 7 The key \"-ms-touch-action:\" is not recognized and ignored.">]
Dashboard,2.0183842182159424,[#<Selenium::WebDriver::LogEntry:0x00007fc55589c728 @level="WARNING", @timestamp=1618421586314, @message="https://brysonfarms.deliverybizpro.com/admin/login 7 The key \"touch-action:\" is not recognized and ignored.">, #<Selenium::WebDriver::LogEntry:0x00007fc55589c700 @level="WARNING", @timestamp=1618421586314, @message="https://brysonfarms.deliverybizpro.com/admin/login 7 The key \"-ms-touch-action:\" is not recognized and ignored.">, #<Selenium::WebDriver::LogEntry:0x00007fc55589c6d8 @level="WARNING", @timestamp=1618421594606, @message="https://brysonfarms.deliverybizpro.com/admin/home.php 7 The key \"touch-action:\" is not recognized and ignored.">, #<Selenium::WebDriver::LogEntry:0x00007fc55589c6b0 @level="WARNING", @timestamp=1618421594606, @message="https://brysonfarms.deliverybizpro.com/admin/home.php 7 The key \"-ms-touch-action:\" is not recognized and ignored.">, #<Selenium::WebDriver::LogEntry:0x00007fc55589c688 @level="WARNING", @timestamp=1618421597658, @message="https://brysonfarms.deliverybizpro.com/admin/home.php 7 The key \"touch-action:\" is not recognized and ignored.">, #<Selenium::WebDriver::LogEntry:0x00007fc55589c660 @level="WARNING", @timestamp=1618421597658, @message="https://brysonfarms.deliverybizpro.com/admin/home.php 7 The key \"-ms-touch-action:\" is not recognized and ignored.">]
Customers,1.0649828910827637,[]
Search for Customers,4.020421981811523,[#<Selenium::WebDriver::LogEntry:0x00007fc5a594d5c8 @level="WARNING", @timestamp=1618421619887, @message="https://brysonfarms.deliverybizpro.com/admin/users.php?mode=search&usertype=C&refresh=1&sort=last_login&sort_direction=1 14 The key \"touch-action:\" is not recognized and ignored.">, #<Selenium::WebDriver::LogEntry:0x00007fc5a594d5a0 @level="WARNING", @timestamp=1618421619887, @message="https://brysonfarms.deliverybizpro.com/admin/users.php?mode=search&usertype=C&refresh=1&sort=last_login&sort_direction=1 14 The key \"-ms-touch-action:\" is not recognized and ignored.">, #<Selenium::WebDriver::LogEntry:0x00007fc5a594d578 @level="WARNING", @timestamp=1618421621375, @message="https://brysonfarms.deliverybizpro.com/admin/users.php?mode=search&usertype=C&refresh=1&sort=last_login&sort_direction=1 - [DOM] Found 2 elements with non-unique id #frm-users-search: (More info: https://goo.gl/9p2vKq) %o %o">, #<Selenium::WebDriver::LogEntry:0x00007fc5a594d550 @level="WARNING", @timestamp=1618421621375, @message="https://brysonfarms.deliverybizpro.com/admin/users.php?mode=search&usertype=C&refresh=1&sort=last_login&sort_direction=1 - [DOM] Found 2 elements with non-unique id #posted_data[orders_count_type]: (More info: https://goo.gl/9p2vKq) %o %o">]
Create Customer Profile,3.464932680130005,[#<Selenium::WebDriver::LogEntry:0x00007fc59504f148 @level="WARNING", @timestamp=1618421626972, @message="https://brysonfarms.deliverybizpro.com/admin/user_add.php?usertype=C 7 The key \"touch-action:\" is not recognized and ignored.">, #<Selenium::WebDriver::LogEntry:0x00007fc59504f030 @level="WARNING", @timestamp=1618421626972, @message="https://brysonfarms.deliverybizpro.com/admin/user_add.php?usertype=C 7 The key \"-ms-touch-action:\" is not recognized and ignored.">]
Import Customers,2.2992751598358154,[#<Selenium::WebDriver::LogEntry:0x00007fc58580c1c0 @level="WARNING", @timestamp=1618421632415, @message="https://brysonfarms.deliverybizpro.com/admin/customers_import.php 7 The key \"touch-action:\" is not recognized and ignored.">, #<Selenium::WebDriver::LogEntry:0x00007fc58580c120 @level="WARNING", @timestamp=1618421632415, @message="https://brysonfarms.deliverybizpro.com/admin/customers_import.php 7 The key \"-ms-touch-action:\" is not recognized and ignored.">]
Export Customers,2.7618632316589355,[#<Selenium::WebDriver::LogEntry:0x00007fc5a55f8300 @level="WARNING", @timestamp=1618421637743, @message="https://brysonfarms.deliverybizpro.com/admin/router.php?r=export-users#/export-users 7 The key \"touch-action:\" is not recognized and ignored.">, #<Selenium::WebDriver::LogEntry:0x00007fc5a55f82d8 @level="WARNING", @timestamp=1618421637743, @message="https://brysonfarms.deliverybizpro.com/admin/router.php?r=export-users#/export-users 7 The key \"-ms-touch-action:\" is not recognized and ignored.">]
Export Customer Emails,1.4705328941345215,[#<Selenium::WebDriver::LogEntry:0x00007fc5a561c3b8 @level="WARNING", @timestamp=1618421643540, @message="https://brysonfarms.deliverybizpro.com/admin/export_users_emails.php 7 The key \"touch-action:\" is not recognized and ignored.">, #<Selenium::WebDriver::LogEntry:0x00007fc5a561c390 @level="WARNING", @timestamp=1618421643540, @message="https://brysonfarms.deliverybizpro.com/admin/export_users_emails.php 7 The key \"-ms-touch-action:\" is not recognized and ignored.">]
Edit/Create Membership Levels,1.8870999813079834,[#<Selenium::WebDriver::LogEntry:0x00007fc5a564a268 @level="WARNING", @timestamp=1618421648380, @message="https://brysonfarms.deliverybizpro.com/admin/memberships.php?usertype=C 7 The key \"touch-action:\" is not recognized and ignored.">, #<Selenium::WebDriver::LogEntry:0x00007fc5a564a240 @level="WARNING", @timestamp=1618421648380, @message="https://brysonfarms.deliverybizpro.com/admin/memberships.php?usertype=C 7 The key \"-ms-touch-action:\" is not recognized and ignored.">]
Customer Notes,1.880260944366455,[#<Selenium::WebDriver::LogEntry:0x00007fc5a56bca70 @level="WARNING", @timestamp=1618421653304, @message="https://brysonfarms.deliverybizpro.com/admin/customer_notes.php 7 The key \"touch-action:\" is not recognized and ignored.">, #<Selenium::WebDriver::LogEntry:0x00007fc5a56bca48 @level="WARNING", @timestamp=1618421653304, @message="https://brysonfarms.deliverybizpro.com/admin/customer_notes.php 7 The key \"-ms-touch-action:\" is not recognized and ignored.">]
Administrators,1.102600336074829,[]
Search for Admins,1.6743221282958984,[#<Selenium::WebDriver::LogEntry:0x00007fc5a573e5e8 @level="WARNING", @timestamp=1618421662163, @message="https://brysonfarms.deliverybizpro.com/admin/users.php?mode=search&usertype=P&refresh=1 7 The key \"touch-action:\" is not recognized and ignored.">, #<Selenium::WebDriver::LogEntry:0x00007fc5a573e5c0 @level="WARNING", @timestamp=1618421662164, @message="https://brysonfarms.deliverybizpro.com/admin/users.php?mode=search&usertype=P&refresh=1 7 The key \"-ms-touch-action:\" is not recognized and ignored.">, #<Selenium::WebDriver::LogEntry:0x00007fc5a573e598 @level="WARNING", @timestamp=1618421662340, @message="https://brysonfarms.deliverybizpro.com/admin/users.php?mode=search&usertype=P&refresh=1 - [DOM] Found 2 elements with non-unique id #frm-users-search: (More info: https://goo.gl/9p2vKq) %o %o">]
Create Admin Profile,1.6330621242523193,[#<Selenium::WebDriver::LogEntry:0x00007fc5a575dcb8 @level="WARNING", @timestamp=1618421666894, @message="https://brysonfarms.deliverybizpro.com/admin/user_add.php?usertype=P 7 The key \"touch-action:\" is not recognized and ignored.">, #<Selenium::WebDriver::LogEntry:0x00007fc5a575dc90 @level="WARNING", @timestamp=1618421666894, @message="https://brysonfarms.deliverybizpro.com/admin/user_add.php?usertype=P 7 The key \"-ms-touch-action:\" is not recognized and ignored.">]
Access Control,1.4669837951660156,[#<Selenium::WebDriver::LogEntry:0x00007fc5a578fa60 @level="WARNING", @timestamp=1618421671469, @message="https://brysonfarms.deliverybizpro.com/admin/access_control.php 7 The key \"touch-action:\" is not recognized and ignored.">, #<Selenium::WebDriver::LogEntry:0x00007fc5a578f9e8 @level="WARNING", @timestamp=1618421671469, @message="https://brysonfarms.deliverybizpro.com/admin/access_control.php 7 The key \"-ms-touch-action:\" is not recognized and ignored.">]
Edit/Create Membership Levels,1.5134930610656738,[#<Selenium::WebDriver::LogEntry:0x00007fc5a57be270 @level="WARNING", @timestamp=1618421676018, @message="https://brysonfarms.deliverybizpro.com/admin/memberships.php?usertype=P 7 The key \"touch-action:\" is not recognized and ignored.">, #<Selenium::WebDriver::LogEntry:0x00007fc5a57be248 @level="WARNING", @timestamp=1618421676018, @message="https://brysonfarms.deliverybizpro.com/admin/memberships.php?usertype=P 7 The key \"-ms-touch-action:\" is not recognized and ignored.">]
Drivers,1.0827922821044922,[]
Search for Drivers,1.7055542469024658,[#<Selenium::WebDriver::LogEntry:0x00007fc5a624e6b8 @level="WARNING", @timestamp=1618421705023, @message="https://brysonfarms.deliverybizpro.com/admin/users.php?mode=search&usertype=D&refresh=1 14 The key \"touch-action:\" is not recognized and ignored.">, #<Selenium::WebDriver::LogEntry:0x00007fc5a624e690 @level="WARNING", @timestamp=1618421705023, @message="https://brysonfarms.deliverybizpro.com/admin/users.php?mode=search&usertype=D&refresh=1 14 The key \"-ms-touch-action:\" is not recognized and ignored.">, #<Selenium::WebDriver::LogEntry:0x00007fc5a624e668 @level="WARNING", @timestamp=1618421705191, @message="https://brysonfarms.deliverybizpro.com/admin/users.php?mode=search&usertype=D&refresh=1 - [DOM] Found 2 elements with non-unique id #frm-users-search: (More info: https://goo.gl/9p2vKq) %o %o">]
Create Driver Profile,1.7325170040130615,[#<Selenium::WebDriver::LogEntry:0x00007fc5a58f5030 @level="WARNING", @timestamp=1618421709792, @message="https://brysonfarms.deliverybizpro.com/admin/user_add.php?usertype=D 7 The key \"touch-action:\" is not recognized and ignored.">, #<Selenium::WebDriver::LogEntry:0x00007fc5a58f5008 @level="WARNING", @timestamp=1618421709792, @message="https://brysonfarms.deliverybizpro.com/admin/user_add.php?usertype=D 7 The key \"-ms-touch-action:\" is not recognized and ignored.">]
Edit/Create Membership Levels,1.4559071063995361,[#<Selenium::WebDriver::LogEntry:0x00007fc5950a7c08 @level="WARNING", @timestamp=1618421714349, @message="https://brysonfarms.deliverybizpro.com/admin/memberships.php?usertype=D 7 The key \"touch-action:\" is not recognized and ignored.">, #<Selenium::WebDriver::LogEntry:0x00007fc5950a7be0 @level="WARNING", @timestamp=1618421714349, @message="https://brysonfarms.deliverybizpro.com/admin/memberships.php?usertype=D 7 The key \"-ms-touch-action:\" is not recognized and ignored.">]
Suppliers,1.0727920532226562,[]
Search for Suppliers,3.092266798019409,[#<Selenium::WebDriver::LogEntry:0x00007fc57500d6a0 @level="WARNING", @timestamp=1618421724563, @message="https://brysonfarms.deliverybizpro.com/admin/users.php?mode=search&usertype=U&refresh=1 14 The key \"touch-action:\" is not recognized and ignored.">, #<Selenium::WebDriver::LogEntry:0x00007fc57500d678 @level="WARNING", @timestamp=1618421724564, @message="https://brysonfarms.deliverybizpro.com/admin/users.php?mode=search&usertype=U&refresh=1 14 The key \"-ms-touch-action:\" is not recognized and ignored.">, #<Selenium::WebDriver::LogEntry:0x00007fc57500d650 @level="WARNING", @timestamp=1618421724738, @message="https://brysonfarms.deliverybizpro.com/admin/users.php?mode=search&usertype=U&refresh=1 - [DOM] Found 2 elements with non-unique id #frm-users-search: (More info: https://goo.gl/9p2vKq) %o %o">]
Create Supplier Profile,2.1860649585723877,[#<Selenium::WebDriver::LogEntry:0x00007fc5558b4210 @level="WARNING", @timestamp=1618421729715, @message="https://brysonfarms.deliverybizpro.com/admin/user_add.php?usertype=U 7 The key \"touch-action:\" is not recognized and ignored.">, #<Selenium::WebDriver::LogEntry:0x00007fc5558b41e8 @level="WARNING", @timestamp=1618421729715, @message="https://brysonfarms.deliverybizpro.com/admin/user_add.php?usertype=U 7 The key \"-ms-touch-action:\" is not recognized and ignored.">]
Edit/Search Products,3.727428674697876,[#<Selenium::WebDriver::LogEntry:0x00007fc5a5942e48 @level="WARNING", @timestamp=1618421735622, @message="https://brysonfarms.deliverybizpro.com/admin/products 7 The key \"touch-action:\" is not recognized and ignored.">, #<Selenium::WebDriver::LogEntry:0x00007fc5a5942e20 @level="WARNING", @timestamp=1618421735623, @message="https://brysonfarms.deliverybizpro.com/admin/products 7 The key \"-ms-touch-action:\" is not recognized and ignored.">, #<Selenium::WebDriver::LogEntry:0x00007fc5a5942df8 @level="WARNING", @timestamp=1618421736631, @message="https://brysonfarms.deliverybizpro.com/admin/products - [DOM] Found 2 elements with non-unique id #collapse-quantity: (More info: https://goo.gl/9p2vKq) %o %o">]
Add New Product,3.5115692615509033,[#<Selenium::WebDriver::LogEntry:0x00007fc5a5343bf0 @level="WARNING", @timestamp=1618421741671, @message="https://brysonfarms.deliverybizpro.com/admin/products/create 7 The key \"touch-action:\" is not recognized and ignored.">, #<Selenium::WebDriver::LogEntry:0x00007fc5a5343650 @level="WARNING", @timestamp=1618421741671, @message="https://brysonfarms.deliverybizpro.com/admin/products/create 7 The key \"-ms-touch-action:\" is not recognized and ignored.">]
Import products,2.48909068107605,[#<Selenium::WebDriver::LogEntry:0x00007fc5a544a4b8 @level="WARNING", @timestamp=1618421747767, @message="https://brysonfarms.deliverybizpro.com/admin/products/import 7 The key \"touch-action:\" is not recognized and ignored.">, #<Selenium::WebDriver::LogEntry:0x00007fc5a544a3f0 @level="WARNING", @timestamp=1618421747767, @message="https://brysonfarms.deliverybizpro.com/admin/products/import 7 The key \"-ms-touch-action:\" is not recognized and ignored.">, #<Selenium::WebDriver::LogEntry:0x00007fc5a544a2d8 @level="WARNING", @timestamp=1618421748118, @message="https://brysonfarms.deliverybizpro.com/admin/router.php?iframe=Y#/task-status 7 The key \"touch-action:\" is not recognized and ignored.">, #<Selenium::WebDriver::LogEntry:0x00007fc5a544a2b0 @level="WARNING", @timestamp=1618421748118, @message="https://brysonfarms.deliverybizpro.com/admin/router.php?iframe=Y#/task-status 7 The key \"-ms-touch-action:\" is not recognized and ignored.">]
Export products,1.476262092590332,[#<Selenium::WebDriver::LogEntry:0x00007fc5a55c2e08 @level="WARNING", @timestamp=1618421753170, @message="https://brysonfarms.deliverybizpro.com/admin/products/export 7 The key \"touch-action:\" is not recognized and ignored.">, #<Selenium::WebDriver::LogEntry:0x00007fc5a55c2de0 @level="WARNING", @timestamp=1618421753170, @message="https://brysonfarms.deliverybizpro.com/admin/products/export 7 The key \"-ms-touch-action:\" is not recognized and ignored.">]
Product Categories,1.636673927307129,[#<Selenium::WebDriver::LogEntry:0x00007fc5a56091c8 @level="WARNING", @timestamp=1618421757737, @message="https://brysonfarms.deliverybizpro.com/admin/categories.php 7 The key \"touch-action:\" is not recognized and ignored.">, #<Selenium::WebDriver::LogEntry:0x00007fc5a56091a0 @level="WARNING", @timestamp=1618421757737, @message="https://brysonfarms.deliverybizpro.com/admin/categories.php 7 The key \"-ms-touch-action:\" is not recognized and ignored.">]
Extra fields,1.8796868324279785,[#<Selenium::WebDriver::LogEntry:0x00007fc5a5645ee8 @level="WARNING", @timestamp=1618421762742, @message="https://brysonfarms.deliverybizpro.com/admin/extra-fields 7 The key \"touch-action:\" is not recognized and ignored.">, #<Selenium::WebDriver::LogEntry:0x00007fc5a5645ec0 @level="WARNING", @timestamp=1618421762743, @message="https://brysonfarms.deliverybizpro.com/admin/extra-fields 7 The key \"-ms-touch-action:\" is not recognized and ignored.">]
Product Dislikes,1.9733800888061523,[#<Selenium::WebDriver::LogEntry:0x00007fc5a568e8f0 @level="WARNING", @timestamp=1618421767444, @message="https://brysonfarms.deliverybizpro.com/admin/products-dislikes 7 The key \"touch-action:\" is not recognized and ignored.">, #<Selenium::WebDriver::LogEntry:0x00007fc5a568e8c8 @level="WARNING", @timestamp=1618421767444, @message="https://brysonfarms.deliverybizpro.com/admin/products-dislikes 7 The key \"-ms-touch-action:\" is not recognized and ignored.">]
Change/Assign Routes,1.6760969161987305,[#<Selenium::WebDriver::LogEntry:0x00007fc5a594d8e8 @level="WARNING", @timestamp=1618421811249, @message="https://brysonfarms.deliverybizpro.com/admin/assign_route_users.php 7 The key \"touch-action:\" is not recognized and ignored.">, #<Selenium::WebDriver::LogEntry:0x00007fc5a594d8c0 @level="WARNING", @timestamp=1618421811249, @message="https://brysonfarms.deliverybizpro.com/admin/assign_route_users.php 7 The key \"-ms-touch-action:\" is not recognized and ignored.">, #<Selenium::WebDriver::LogEntry:0x00007fc5a594d898 @level="WARNING", @timestamp=1618421811373, @message="https://brysonfarms.deliverybizpro.com/admin/assign_route_users.php - [DOM] Found 2 elements with non-unique id #show_not_validated: (More info: https://goo.gl/9p2vKq) %o %o">]
Create/Edit Routes,1.273277759552002,[]
Print Route Sheets,1.8098533153533936,[#<Selenium::WebDriver::LogEntry:0x00007fc595084b68 @level="WARNING", @timestamp=1618421873451, @message="https://brysonfarms.deliverybizpro.com/admin/assign_route_users.php 7 The key \"touch-action:\" is not recognized and ignored.">, #<Selenium::WebDriver::LogEntry:0x00007fc595084b40 @level="WARNING", @timestamp=1618421873451, @message="https://brysonfarms.deliverybizpro.com/admin/assign_route_users.php 7 The key \"-ms-touch-action:\" is not recognized and ignored.">, #<Selenium::WebDriver::LogEntry:0x00007fc595084b18 @level="WARNING", @timestamp=1618421873683, @message="https://brysonfarms.deliverybizpro.com/admin/assign_route_users.php - [DOM] Found 2 elements with non-unique id #show_not_validated: (More info: https://goo.gl/9p2vKq) %o %o">, #<Selenium::WebDriver::LogEntry:0x00007fc595084af0 @level="WARNING", @timestamp=1618421882972, @message="https://brysonfarms.deliverybizpro.com/admin/gpx.php 7 The key \"touch-action:\" is not recognized and ignored.">, #<Selenium::WebDriver::LogEntry:0x00007fc595084ac8 @level="WARNING", @timestamp=1618421882972, @message="https://brysonfarms.deliverybizpro.com/admin/gpx.php 7 The key \"-ms-touch-action:\" is not recognized and ignored.">, #<Selenium::WebDriver::LogEntry:0x00007fc595084aa0 @level="WARNING", @timestamp=1618421893139, @message="https://brysonfarms.deliverybizpro.com/admin/router.php?r=organize_route_stops#/organize_route_stops 7 The key \"touch-action:\" is not recognized and ignored.">, #<Selenium::WebDriver::LogEntry:0x00007fc595084a78 @level="WARNING", @timestamp=1618421893139, @message="https://brysonfarms.deliverybizpro.com/admin/router.php?r=organize_route_stops#/organize_route_stops 7 The key \"-ms-touch-action:\" is not recognized and ignored.">, #<Selenium::WebDriver::LogEntry:0x00007fc595084a50 @level="WARNING", @timestamp=1618421903175, @message="https://brysonfarms.deliverybizpro.com/admin/order_routes_products.php 7 The key \"touch-action:\" is not recognized and ignored.">, #<Selenium::WebDriver::LogEntry:0x00007fc595084a28 @level="WARNING", @timestamp=1618421903175, @message="https://brysonfarms.deliverybizpro.com/admin/order_routes_products.php 7 The key \"-ms-touch-action:\" is not recognized and ignored.">, #<Selenium::WebDriver::LogEntry:0x00007fc595084a00 @level="WARNING", @timestamp=1618421906253, @message="https://brysonfarms.deliverybizpro.com/admin/driving_dir.php 7 The key \"touch-action:\" is not recognized and ignored.">, #<Selenium::WebDriver::LogEntry:0x00007fc5950849d8 @level="WARNING", @timestamp=1618421906253, @message="https://brysonfarms.deliverybizpro.com/admin/driving_dir.php 7 The key \"-ms-touch-action:\" is not recognized and ignored.">, #<Selenium::WebDriver::LogEntry:0x00007fc5950849b0 @level="WARNING", @timestamp=1618421906509, @message="https://brysonfarms.deliverybizpro.com/admin/driving_dir.php - [DOM] Found 2 elements with non-unique id #custom-range-input-multiple: (More info: https://goo.gl/9p2vKq) %o %o">, #<Selenium::WebDriver::LogEntry:0x00007fc595084988 @level="WARNING", @timestamp=1618421906509, @message="https://brysonfarms.deliverybizpro.com/admin/driving_dir.php - [DOM] Found 2 elements with non-unique id #mult-route-id: (More info: https://goo.gl/9p2vKq) %o %o">]
Print Route Sheets - Export to Excel,1.57261323928833,[#<Selenium::WebDriver::LogEntry:0x00007fc5a57a63a0 @level="WARNING", @timestamp=1618421907930, @message="https://brysonfarms.deliverybizpro.com/admin/driving_dir.php 7 The key \"touch-action:\" is not recognized and ignored.">, #<Selenium::WebDriver::LogEntry:0x00007fc5a57a6378 @level="WARNING", @timestamp=1618421907930, @message="https://brysonfarms.deliverybizpro.com/admin/driving_dir.php 7 The key \"-ms-touch-action:\" is not recognized and ignored.">, #<Selenium::WebDriver::LogEntry:0x00007fc5a57a6350 @level="WARNING", @timestamp=1618421908121, @message="https://brysonfarms.deliverybizpro.com/admin/driving_dir.php - [DOM] Found 2 elements with non-unique id #custom-range-input-multiple: (More info: https://goo.gl/9p2vKq) %o %o">, #<Selenium::WebDriver::LogEntry:0x00007fc5a57a6328 @level="WARNING", @timestamp=1618421908121, @message="https://brysonfarms.deliverybizpro.com/admin/driving_dir.php - [DOM] Found 2 elements with non-unique id #mult-route-id: (More info: https://goo.gl/9p2vKq) %o %o">]
Print Bag Labels,1.5591621398925781,[#<Selenium::WebDriver::LogEntry:0x00007fc5a57c49e0 @level="WARNING", @timestamp=1618421910487, @message="https://brysonfarms.deliverybizpro.com/admin/driving_dir.php?bag_label=1 7 The key \"touch-action:\" is not recognized and ignored.">, #<Selenium::WebDriver::LogEntry:0x00007fc5a57c49b8 @level="WARNING", @timestamp=1618421910487, @message="https://brysonfarms.deliverybizpro.com/admin/driving_dir.php?bag_label=1 7 The key \"-ms-touch-action:\" is not recognized and ignored.">, #<Selenium::WebDriver::LogEntry:0x00007fc5a57c4990 @level="WARNING", @timestamp=1618421910664, @message="https://brysonfarms.deliverybizpro.com/admin/driving_dir.php?bag_label=1 - [DOM] Found 2 elements with non-unique id #custom-range-input-multiple: (More info: https://goo.gl/9p2vKq) %o %o">, #<Selenium::WebDriver::LogEntry:0x00007fc5a57c48f0 @level="WARNING", @timestamp=1618421910664, @message="https://brysonfarms.deliverybizpro.com/admin/driving_dir.php?bag_label=1 - [DOM] Found 2 elements with non-unique id #mult-route-id: (More info: https://goo.gl/9p2vKq) %o %o">]
Print Bag Labels - Export to Excel,1.8055448532104492,[#<Selenium::WebDriver::LogEntry:0x00007fc5760131a8 @level="WARNING", @timestamp=1618421912311, @message="https://brysonfarms.deliverybizpro.com/admin/driving_dir.php?bag_label=1 7 The key \"touch-action:\" is not recognized and ignored.">, #<Selenium::WebDriver::LogEntry:0x00007fc576013180 @level="WARNING", @timestamp=1618421912311, @message="https://brysonfarms.deliverybizpro.com/admin/driving_dir.php?bag_label=1 7 The key \"-ms-touch-action:\" is not recognized and ignored.">, #<Selenium::WebDriver::LogEntry:0x00007fc576013158 @level="WARNING", @timestamp=1618421912505, @message="https://brysonfarms.deliverybizpro.com/admin/driving_dir.php?bag_label=1 - [DOM] Found 2 elements with non-unique id #custom-range-input-multiple: (More info: https://goo.gl/9p2vKq) %o %o">, #<Selenium::WebDriver::LogEntry:0x00007fc576013068 @level="WARNING", @timestamp=1618421912506, @message="https://brysonfarms.deliverybizpro.com/admin/driving_dir.php?bag_label=1 - [DOM] Found 2 elements with non-unique id #mult-route-id: (More info: https://goo.gl/9p2vKq) %o %o">]
Billing,8.110317945480347,[#<Selenium::WebDriver::LogEntry:0x00007fc5a62469e0 @level="SEVERE", @timestamp=1618421976273, @message="chrome-error://chromewebdata/ - Failed to load resource: the server responded with a status of 500 ()">, #<Selenium::WebDriver::LogEntry:0x00007fc5a62469b8 @level="WARNING", @timestamp=1618421982094, @message="https://brysonfarms.deliverybizpro.com/admin/driving_dir.php?bag_label=1 7 The key \"touch-action:\" is not recognized and ignored.">, #<Selenium::WebDriver::LogEntry:0x00007fc5a6246990 @level="WARNING", @timestamp=1618421982094, @message="https://brysonfarms.deliverybizpro.com/admin/driving_dir.php?bag_label=1 7 The key \"-ms-touch-action:\" is not recognized and ignored.">, #<Selenium::WebDriver::LogEntry:0x00007fc5a6246940 @level="WARNING", @timestamp=1618421982560, @message="https://brysonfarms.deliverybizpro.com/admin/driving_dir.php?bag_label=1 - [DOM] Found 2 elements with non-unique id #custom-range-input-multiple: (More info: https://goo.gl/9p2vKq) %o %o">, #<Selenium::WebDriver::LogEntry:0x00007fc5a6246918 @level="WARNING", @timestamp=1618421982560, @message="https://brysonfarms.deliverybizpro.com/admin/driving_dir.php?bag_label=1 - [DOM] Found 2 elements with non-unique id #mult-route-id: (More info: https://goo.gl/9p2vKq) %o %o">]
Billing - Export to Excel,1.6390001773834229,[#<Selenium::WebDriver::LogEntry:0x00007fc555835be0 @level="WARNING", @timestamp=1618421984038, @message="https://brysonfarms.deliverybizpro.com/admin/driving_dir.php?bag_label=1 7 The key \"touch-action:\" is not recognized and ignored.">, #<Selenium::WebDriver::LogEntry:0x00007fc555835bb8 @level="WARNING", @timestamp=1618421984038, @message="https://brysonfarms.deliverybizpro.com/admin/driving_dir.php?bag_label=1 7 The key \"-ms-touch-action:\" is not recognized and ignored.">, #<Selenium::WebDriver::LogEntry:0x00007fc555835b90 @level="WARNING", @timestamp=1618421984251, @message="https://brysonfarms.deliverybizpro.com/admin/driving_dir.php?bag_label=1 - [DOM] Found 2 elements with non-unique id #custom-range-input-multiple: (More info: https://goo.gl/9p2vKq) %o %o">, #<Selenium::WebDriver::LogEntry:0x00007fc555835b68 @level="WARNING", @timestamp=1618421984251, @message="https://brysonfarms.deliverybizpro.com/admin/driving_dir.php?bag_label=1 - [DOM] Found 2 elements with non-unique id #mult-route-id: (More info: https://goo.gl/9p2vKq) %o %o">]
Electronic Billing,1.6004927158355713,[#<Selenium::WebDriver::LogEntry:0x00007fc5a570ef00 @level="WARNING", @timestamp=1618422040688, @message="https://brysonfarms.deliverybizpro.com/admin/billing.php 7 The key \"touch-action:\" is not recognized and ignored.">, #<Selenium::WebDriver::LogEntry:0x00007fc5a570eed8 @level="WARNING", @timestamp=1618422040688, @message="https://brysonfarms.deliverybizpro.com/admin/billing.php 7 The key \"-ms-touch-action:\" is not recognized and ignored.">, #<Selenium::WebDriver::LogEntry:0x00007fc5a570eeb0 @level="WARNING", @timestamp=1618422041027, @message="https://brysonfarms.deliverybizpro.com/admin/billing.php 7 The key \"touch-action:\" is not recognized and ignored.">, #<Selenium::WebDriver::LogEntry:0x00007fc5a570ee60 @level="WARNING", @timestamp=1618422041027, @message="https://brysonfarms.deliverybizpro.com/admin/billing.php 7 The key \"-ms-touch-action:\" is not recognized and ignored.">]
Mass Update Payments,1.625715970993042,[#<Selenium::WebDriver::LogEntry:0x00007fc5a573cd60 @level="WARNING", @timestamp=1618422045745, @message="https://brysonfarms.deliverybizpro.com/admin/mass_update_payments.php 7 The key \"touch-action:\" is not recognized and ignored.">, #<Selenium::WebDriver::LogEntry:0x00007fc5a573cd38 @level="WARNING", @timestamp=1618422045746, @message="https://brysonfarms.deliverybizpro.com/admin/mass_update_payments.php 7 The key \"-ms-touch-action:\" is not recognized and ignored.">]
Mass Deposit Returns/Charges,1.6053881645202637,[#<Selenium::WebDriver::LogEntry:0x00007fc5a575c750 @level="WARNING", @timestamp=1618422050406, @message="https://brysonfarms.deliverybizpro.com/admin/bottle_deposits.php 7 The key \"touch-action:\" is not recognized and ignored.">, #<Selenium::WebDriver::LogEntry:0x00007fc5a575c728 @level="WARNING", @timestamp=1618422050406, @message="https://brysonfarms.deliverybizpro.com/admin/bottle_deposits.php 7 The key \"-ms-touch-action:\" is not recognized and ignored.">]
Global Invoice Notes,1.7163310050964355,[#<Selenium::WebDriver::LogEntry:0x00007fc5a578cec8 @level="WARNING", @timestamp=1618422054981, @message="https://brysonfarms.deliverybizpro.com/admin/global_notes.php 7 The key \"touch-action:\" is not recognized and ignored.">, #<Selenium::WebDriver::LogEntry:0x00007fc5a578cea0 @level="WARNING", @timestamp=1618422054981, @message="https://brysonfarms.deliverybizpro.com/admin/global_notes.php 7 The key \"-ms-touch-action:\" is not recognized and ignored.">]
View GC Purchase Log,1.5305609703063965,[#<Selenium::WebDriver::LogEntry:0x00007fc5a57bd078 @level="WARNING", @timestamp=1618422059742, @message="https://brysonfarms.deliverybizpro.com/admin/giftcerts_purchase_log.php 7 The key \"touch-action:\" is not recognized and ignored.">, #<Selenium::WebDriver::LogEntry:0x00007fc5a57bd050 @level="WARNING", @timestamp=1618422059742, @message="https://brysonfarms.deliverybizpro.com/admin/giftcerts_purchase_log.php 7 The key \"-ms-touch-action:\" is not recognized and ignored.">]
Sales Reporting,1.0714282989501953,[]
Countdown Sales Report,1.714827060699463,[#<Selenium::WebDriver::LogEntry:0x00007fc5958651c0 @level="WARNING", @timestamp=1618422072581, @message="https://brysonfarms.deliverybizpro.com/admin/reports.php?report_type=countdown 7 The key \"touch-action:\" is not recognized and ignored.">, #<Selenium::WebDriver::LogEntry:0x00007fc595865198 @level="WARNING", @timestamp=1618422072597, @message="https://brysonfarms.deliverybizpro.com/admin/reports.php?report_type=countdown 7 The key \"-ms-touch-action:\" is not recognized and ignored.">]
Countdown Sales Report - Export to Excel,1.476836919784546,[]
Cross-Selling Report,1.558919906616211,[#<Selenium::WebDriver::LogEntry:0x00007fc555847728 @level="WARNING", @timestamp=1618422076653, @message="https://brysonfarms.deliverybizpro.com/admin/reports.php?report_type=cross_selling 7 The key \"touch-action:\" is not recognized and ignored.">, #<Selenium::WebDriver::LogEntry:0x00007fc555847700 @level="WARNING", @timestamp=1618422076653, @message="https://brysonfarms.deliverybizpro.com/admin/reports.php?report_type=cross_selling 7 The key \"-ms-touch-action:\" is not recognized and ignored.">]
Cross-Selling Report - Export to Excel,1.1069178581237793,[#<Selenium::WebDriver::LogEntry:0x00007fc5a594c6c8 @level="WARNING", @timestamp=1618422078906, @message="https://brysonfarms.deliverybizpro.com/admin/reports.php?report_type=cross_selling - [DOM] Found 2 elements with non-unique id #action_value: (More info: https://goo.gl/9p2vKq) %o %o">]
Discount Coupon Report,1.4838850498199463,[#<Selenium::WebDriver::LogEntry:0x00007fc5a618bd98 @level="WARNING", @timestamp=1618422080291, @message="https://brysonfarms.deliverybizpro.com/admin/reports.php?report_type=discount_coupon 7 The key \"touch-action:\" is not recognized and ignored.">, #<Selenium::WebDriver::LogEntry:0x00007fc5a618bc80 @level="WARNING", @timestamp=1618422080291, @message="https://brysonfarms.deliverybizpro.com/admin/reports.php?report_type=discount_coupon 7 The key \"-ms-touch-action:\" is not recognized and ignored.">]
Discount Coupon Report - Export to Excel,1.0909481048583984,[]
Manage Cross-Selling,1.4699609279632568,[#<Selenium::WebDriver::LogEntry:0x00007fc5a55eff98 @level="WARNING", @timestamp=1618422083887, @message="https://brysonfarms.deliverybizpro.com/admin/reports.php?report_type=upselling 7 The key \"touch-action:\" is not recognized and ignored.">, #<Selenium::WebDriver::LogEntry:0x00007fc5a55eff48 @level="WARNING", @timestamp=1618422083887, @message="https://brysonfarms.deliverybizpro.com/admin/reports.php?report_type=upselling 7 The key \"-ms-touch-action:\" is not recognized and ignored.">]
Manage Cross-Selling - Export to Excel,1.0652341842651367,[]
Ordered Products Reports,2.1661341190338135,[#<Selenium::WebDriver::LogEntry:0x00007fc5a5685e80 @level="WARNING", @timestamp=1618422087927, @message="https://brysonfarms.deliverybizpro.com/admin/reports.php?report_type=product 7 The key \"touch-action:\" is not recognized and ignored.">, #<Selenium::WebDriver::LogEntry:0x00007fc5a5685e58 @level="WARNING", @timestamp=1618422087927, @message="https://brysonfarms.deliverybizpro.com/admin/reports.php?report_type=product 7 The key \"-ms-touch-action:\" is not recognized and ignored.">]
Ordered Products Reports - Export to Excel,52.84811520576477,[]
Overall Sales,2.3916070461273193,[#<Selenium::WebDriver::LogEntry:0x00007fc595848d40 @level="WARNING", @timestamp=1618422143873, @message="https://brysonfarms.deliverybizpro.com/admin/reports.php?report_type=over_sales 7 The key \"touch-action:\" is not recognized and ignored.">, #<Selenium::WebDriver::LogEntry:0x00007fc595848d18 @level="WARNING", @timestamp=1618422143873, @message="https://brysonfarms.deliverybizpro.com/admin/reports.php?report_type=over_sales 7 The key \"-ms-touch-action:\" is not recognized and ignored.">]
Overall Sales - Export to Excel,1.6486210823059082,[]
Sales By Route,1.8832478523254395,[#<Selenium::WebDriver::LogEntry:0x00007fc5a57842f0 @level="WARNING", @timestamp=1618422148727, @message="https://brysonfarms.deliverybizpro.com/admin/reports.php?report_type=sales_by_route 7 The key \"touch-action:\" is not recognized and ignored.">, #<Selenium::WebDriver::LogEntry:0x00007fc5a57842a0 @level="WARNING", @timestamp=1618422148728, @message="https://brysonfarms.deliverybizpro.com/admin/reports.php?report_type=sales_by_route 7 The key \"-ms-touch-action:\" is not recognized and ignored.">]
Sales By Route - Export to Excel,1.5887959003448486,[]
Financials Reporting,1.0658800601959229,[]
Average Order Report,1.5310730934143066,[#<Selenium::WebDriver::LogEntry:0x00007fc576023058 @level="WARNING", @timestamp=1618422155093, @message="https://brysonfarms.deliverybizpro.com/admin/reports.php?report_type=average_order 7 The key \"touch-action:\" is not recognized and ignored.">, #<Selenium::WebDriver::LogEntry:0x00007fc576023030 @level="WARNING", @timestamp=1618422155093, @message="https://brysonfarms.deliverybizpro.com/admin/reports.php?report_type=average_order 7 The key \"-ms-touch-action:\" is not recognized and ignored.">]
Average Order Report - Export to Excel,1.482692003250122,[#<Selenium::WebDriver::LogEntry:0x00007fc55581e620 @level="WARNING", @timestamp=1618422157342, @message="https://brysonfarms.deliverybizpro.com/admin/reports.php?report_type=average_order - [DOM] Found 2 elements with non-unique id #action_value: (More info: https://goo.gl/9p2vKq) %o %o">]
Credits Report,1.4892139434814453,[#<Selenium::WebDriver::LogEntry:0x00007fc555832cb0 @level="WARNING", @timestamp=1618422159119, @message="https://brysonfarms.deliverybizpro.com/admin/reports.php?report_type=credits 7 The key \"touch-action:\" is not recognized and ignored.">, #<Selenium::WebDriver::LogEntry:0x00007fc555832c88 @level="WARNING", @timestamp=1618422159119, @message="https://brysonfarms.deliverybizpro.com/admin/reports.php?report_type=credits 7 The key \"-ms-touch-action:\" is not recognized and ignored.">]
Credits Report - Export to Excel,1.0663301944732666,[]
Financials Export,1.5092060565948486,[#<Selenium::WebDriver::LogEntry:0x00007fc5a620f9e0 @level="WARNING", @timestamp=1618422203221, @message="https://brysonfarms.deliverybizpro.com/admin/reports.php?report_type=credits - [DOM] Found 2 elements with non-unique id #action_value: (More info: https://goo.gl/9p2vKq) %o %o">, #<Selenium::WebDriver::LogEntry:0x00007fc5a620f9b8 @level="WARNING", @timestamp=1618422203571, @message="https://brysonfarms.deliverybizpro.com/admin/reports.php?report_type=financials 7 The key \"touch-action:\" is not recognized and ignored.">, #<Selenium::WebDriver::LogEntry:0x00007fc5a620f990 @level="WARNING", @timestamp=1618422203571, @message="https://brysonfarms.deliverybizpro.com/admin/reports.php?report_type=financials 7 The key \"-ms-touch-action:\" is not recognized and ignored.">]
Financials Export - Export to Excel,2.1429667472839355,[]
No Payment Customers,13.539416074752808,[#<Selenium::WebDriver::LogEntry:0x00007fc5a57ad970 @level="WARNING", @timestamp=1618422220188, @message="https://brysonfarms.deliverybizpro.com/admin/reports.php?report_type=not_paid 7 The key \"touch-action:\" is not recognized and ignored.">, #<Selenium::WebDriver::LogEntry:0x00007fc5a57ad948 @level="WARNING", @timestamp=1618422220189, @message="https://brysonfarms.deliverybizpro.com/admin/reports.php?report_type=not_paid 7 The key \"-ms-touch-action:\" is not recognized and ignored.">]
No Payment Customers - Export to Excel,12.45387601852417,[]
Past Due Customers,1.626312255859375,[#<Selenium::WebDriver::LogEntry:0x00007fc59585cae8 @level="WARNING", @timestamp=1618422235360, @message="https://brysonfarms.deliverybizpro.com/admin/reports.php?report_type=due 7 The key \"touch-action:\" is not recognized and ignored.">, #<Selenium::WebDriver::LogEntry:0x00007fc59585ca98 @level="WARNING", @timestamp=1618422235360, @message="https://brysonfarms.deliverybizpro.com/admin/reports.php?report_type=due 7 The key \"-ms-touch-action:\" is not recognized and ignored.">]
Past Due Customers - Export to Excel,2.24330997467041,[]
Payments On Review,1.5223121643066406,[#<Selenium::WebDriver::LogEntry:0x00007fc555836630 @level="WARNING", @timestamp=1618422240129, @message="https://brysonfarms.deliverybizpro.com/admin/reports.php?report_type=review_payments 7 The key \"touch-action:\" is not recognized and ignored.">, #<Selenium::WebDriver::LogEntry:0x00007fc555836608 @level="WARNING", @timestamp=1618422240129, @message="https://brysonfarms.deliverybizpro.com/admin/reports.php?report_type=review_payments 7 The key \"-ms-touch-action:\" is not recognized and ignored.">, #<Selenium::WebDriver::LogEntry:0x00007fc5558365e0 @level="SEVERE", @timestamp=1618422240253, @message="https://brysonfarms.deliverybizpro.com/admin/skin1/admin/admin-modal.css - Failed to load resource: the server responded with a status of 404 (Not Found)">]
Payments On Review - Export to Excel,3.368939161300659,[]
Payments Posted Report,1.5761950016021729,[#<Selenium::WebDriver::LogEntry:0x00007fc5a594e518 @level="WARNING", @timestamp=1618422246093, @message="https://brysonfarms.deliverybizpro.com/admin/reports.php?report_type=checks_posted 7 The key \"touch-action:\" is not recognized and ignored.">, #<Selenium::WebDriver::LogEntry:0x00007fc5a594e4f0 @level="WARNING", @timestamp=1618422246094, @message="https://brysonfarms.deliverybizpro.com/admin/reports.php?report_type=checks_posted 7 The key \"-ms-touch-action:\" is not recognized and ignored.">]
Payments Posted Report - Export to Excel,2.291677951812744,[]
Profit Report,1.8628170490264893,[#<Selenium::WebDriver::LogEntry:0x00007fc5a5588168 @level="WARNING", @timestamp=1618422251127, @message="https://brysonfarms.deliverybizpro.com/admin/reports.php?report_type=profit 7 The key \"touch-action:\" is not recognized and ignored.">, #<Selenium::WebDriver::LogEntry:0x00007fc5a5588140 @level="WARNING", @timestamp=1618422251127, @message="https://brysonfarms.deliverybizpro.com/admin/reports.php?report_type=profit 7 The key \"-ms-touch-action:\" is not recognized and ignored.">]
Profit Report - Export to Excel,1.5685341358184814,[]
Recent Payments Report,1.461280107498169,[#<Selenium::WebDriver::LogEntry:0x00007fc5a5654a60 @level="WARNING", @timestamp=1618422255346, @message="https://brysonfarms.deliverybizpro.com/admin/reports.php?report_type=delivery_payment 7 The key \"touch-action:\" is not recognized and ignored.">, #<Selenium::WebDriver::LogEntry:0x00007fc5a5654a38 @level="WARNING", @timestamp=1618422255346, @message="https://brysonfarms.deliverybizpro.com/admin/reports.php?report_type=delivery_payment 7 The key \"-ms-touch-action:\" is not recognized and ignored.">]
Recent Payments Report - Export to Excel,1.0706541538238525,[]
Taxes Report,1.6756291389465332,[#<Selenium::WebDriver::LogEntry:0x00007fc5a6276028 @level="WARNING", @timestamp=1618422295657, @message="https://brysonfarms.deliverybizpro.com/admin/reports.php?report_type=owed 7 The key \"touch-action:\" is not recognized and ignored.">, #<Selenium::WebDriver::LogEntry:0x00007fc5a6276000 @level="WARNING", @timestamp=1618422295657, @message="https://brysonfarms.deliverybizpro.com/admin/reports.php?report_type=owed 7 The key \"-ms-touch-action:\" is not recognized and ignored.">, #<Selenium::WebDriver::LogEntry:0x00007fc5a6275fd8 @level="WARNING", @timestamp=1618422296118, @message="https://brysonfarms.deliverybizpro.com/admin/reports.php?report_type=taxes 7 The key \"touch-action:\" is not recognized and ignored.">, #<Selenium::WebDriver::LogEntry:0x00007fc5a6275fb0 @level="WARNING", @timestamp=1618422296118, @message="https://brysonfarms.deliverybizpro.com/admin/reports.php?report_type=taxes 7 The key \"-ms-touch-action:\" is not recognized and ignored.">]
Taxes Report - Export to Excel,1.3187968730926514,[]
Product Reporting,1.0597398281097412,[]
Bagged Items Report,2.9141480922698975,[#<Selenium::WebDriver::LogEntry:0x00007fc5950405a8 @level="WARNING", @timestamp=1618422303326, @message="https://brysonfarms.deliverybizpro.com/admin/reports.php?report_type=bagged_items 7 The key \"touch-action:\" is not recognized and ignored.">, #<Selenium::WebDriver::LogEntry:0x00007fc5950404e0 @level="WARNING", @timestamp=1618422303326, @message="https://brysonfarms.deliverybizpro.com/admin/reports.php?report_type=bagged_items 7 The key \"-ms-touch-action:\" is not recognized and ignored.">]
Bagged Items Report - Export to Excel,3.122965097427368,[]
Customized Products,1.6304528713226318,[#<Selenium::WebDriver::LogEntry:0x00007fc5a55ec320 @level="WARNING", @timestamp=1618422309178, @message="https://brysonfarms.deliverybizpro.com/admin/reports.php?report_type=customized_products 7 The key \"touch-action:\" is not recognized and ignored.">, #<Selenium::WebDriver::LogEntry:0x00007fc5a55ec2f8 @level="WARNING", @timestamp=1618422309178, @message="https://brysonfarms.deliverybizpro.com/admin/reports.php?report_type=customized_products 7 The key \"-ms-touch-action:\" is not recognized and ignored.">, #<Selenium::WebDriver::LogEntry:0x00007fc5a55ec2d0 @level="SEVERE", @timestamp=1618422309312, @message="https://brysonfarms.deliverybizpro.com/admin/skin1/admin/admin-modal.css - Failed to load resource: the server responded with a status of 404 (Not Found)">]
Customized Products - Export to Excel,1.2512691020965576,[]
Dislikes Report,1.6839852333068848,[#<Selenium::WebDriver::LogEntry:0x00007fc5a568e800 @level="WARNING", @timestamp=1618422313071, @message="https://brysonfarms.deliverybizpro.com/admin/reports.php?report_type=dislikes 7 The key \"touch-action:\" is not recognized and ignored.">, #<Selenium::WebDriver::LogEntry:0x00007fc5a568e7d8 @level="WARNING", @timestamp=1618422313071, @message="https://brysonfarms.deliverybizpro.com/admin/reports.php?report_type=dislikes 7 The key \"-ms-touch-action:\" is not recognized and ignored.">]
Dislikes Report - Export to Excel,4.90814208984375,[]
Forecast,1.7828831672668457,[#<Selenium::WebDriver::LogEntry:0x00007fc5a61fcb88 @level="WARNING", @timestamp=1618422320741, @message="https://brysonfarms.deliverybizpro.com/admin/reports.php?report_type=forecast 7 The key \"touch-action:\" is not recognized and ignored.">, #<Selenium::WebDriver::LogEntry:0x00007fc5a61fcb38 @level="WARNING", @timestamp=1618422320741, @message="https://brysonfarms.deliverybizpro.com/admin/reports.php?report_type=forecast 7 The key \"-ms-touch-action:\" is not recognized and ignored.">]
Inventory,7.406842947006226,[#<Selenium::WebDriver::LogEntry:0x00007fc595084a00 @level="WARNING", @timestamp=1618422330696, @message="https://brysonfarms.deliverybizpro.com/admin/reports.php?report_type=inventory&hide_disabled_inventory=Y 7 The key \"touch-action:\" is not recognized and ignored.">, #<Selenium::WebDriver::LogEntry:0x00007fc5950849d8 @level="WARNING", @timestamp=1618422330696, @message="https://brysonfarms.deliverybizpro.com/admin/reports.php?report_type=inventory&hide_disabled_inventory=Y 7 The key \"-ms-touch-action:\" is not recognized and ignored.">]
Inventory - Export to Excel,4.773263692855835,[]
Product Reporting,1.076897144317627,[]
Load Sheet Report,1.7252202033996582,[#<Selenium::WebDriver::LogEntry:0x00007fc5a57ee4c0 @level="WARNING", @timestamp=1618422340905, @message="https://brysonfarms.deliverybizpro.com/admin/reports.php?report_type=load_sheet 7 The key \"touch-action:\" is not recognized and ignored.">, #<Selenium::WebDriver::LogEntry:0x00007fc5a57ee470 @level="WARNING", @timestamp=1618422340905, @message="https://brysonfarms.deliverybizpro.com/admin/reports.php?report_type=load_sheet 7 The key \"-ms-touch-action:\" is not recognized and ignored.">]
Load Sheet Report - Export to Excel,1.1465158462524414,[]
Out Of Stock Report,1.540309190750122,[#<Selenium::WebDriver::LogEntry:0x00007fc5a6255940 @level="WARNING", @timestamp=1618422344642, @message="https://brysonfarms.deliverybizpro.com/admin/reports.php?report_type=out_of_stock 7 The key \"touch-action:\" is not recognized and ignored.">, #<Selenium::WebDriver::LogEntry:0x00007fc5a6255918 @level="WARNING", @timestamp=1618422344642, @message="https://brysonfarms.deliverybizpro.com/admin/reports.php?report_type=out_of_stock 7 The key \"-ms-touch-action:\" is not recognized and ignored.">, #<Selenium::WebDriver::LogEntry:0x00007fc5a62558f0 @level="SEVERE", @timestamp=1618422344765, @message="https://brysonfarms.deliverybizpro.com/admin/skin1/admin/admin-modal.css - Failed to load resource: the server responded with a status of 404 (Not Found)">]
Out Of Stock Report - Export to Excel,1.0791752338409424,[]
Customer Reporting,1.055819034576416,[]
Customer Count Report,1.7662718296051025,[#<Selenium::WebDriver::LogEntry:0x00007fc5558929f8 @level="WARNING", @timestamp=1618422394611, @message="https://brysonfarms.deliverybizpro.com/admin/reports.php?report_type=customer_count 7 The key \"touch-action:\" is not recognized and ignored.">, #<Selenium::WebDriver::LogEntry:0x00007fc5558929d0 @level="WARNING", @timestamp=1618422394612, @message="https://brysonfarms.deliverybizpro.com/admin/reports.php?report_type=customer_count 7 The key \"-ms-touch-action:\" is not recognized and ignored.">]
Customer Count Report - Export to Excel,1.072249174118042,[]
Customer Orders Count,7.541320085525513,[#<Selenium::WebDriver::LogEntry:0x00007fc5950cf410 @level="WARNING", @timestamp=1618422398616, @message="https://brysonfarms.deliverybizpro.com/admin/reports.php?report_type=customer_count - [DOM] Found 2 elements with non-unique id #action_value: (More info: https://goo.gl/9p2vKq) %o %o">, #<Selenium::WebDriver::LogEntry:0x00007fc5950cf3e8 @level="WARNING", @timestamp=1618422404232, @message="https://brysonfarms.deliverybizpro.com/admin/reports.php?report_type=customer_orders 7 The key \"touch-action:\" is not recognized and ignored.">, #<Selenium::WebDriver::LogEntry:0x00007fc5950cf3c0 @level="WARNING", @timestamp=1618422404232, @message="https://brysonfarms.deliverybizpro.com/admin/reports.php?report_type=customer_orders 7 The key \"-ms-touch-action:\" is not recognized and ignored.">]
Customer Orders Count - Export to Excel,1.810920000076294,[]
Deposit Report,1.8471488952636719,[#<Selenium::WebDriver::LogEntry:0x00007fc5a5503120 @level="WARNING", @timestamp=1618422408971, @message="https://brysonfarms.deliverybizpro.com/admin/reports.php?report_type=bottle_deposit 7 The key \"touch-action:\" is not recognized and ignored.">, #<Selenium::WebDriver::LogEntry:0x00007fc5a55030f8 @level="WARNING", @timestamp=1618422408971, @message="https://brysonfarms.deliverybizpro.com/admin/reports.php?report_type=bottle_deposit 7 The key \"-ms-touch-action:\" is not recognized and ignored.">]
Deposit Report - Export to Excel,3.6534929275512695,[]
Followup Report,1.7124531269073486,[#<Selenium::WebDriver::LogEntry:0x00007fc5a5636088 @level="WARNING", @timestamp=1618422415315, @message="https://brysonfarms.deliverybizpro.com/admin/reports.php?report_type=followup 7 The key \"touch-action:\" is not recognized and ignored.">, #<Selenium::WebDriver::LogEntry:0x00007fc5a5635f70 @level="WARNING", @timestamp=1618422415315, @message="https://brysonfarms.deliverybizpro.com/admin/reports.php?report_type=followup 7 The key \"-ms-touch-action:\" is not recognized and ignored.">]
Followup Report - Export to Excel,1.0802459716796875,[]
Minimum Order Report,2.1105430126190186,[#<Selenium::WebDriver::LogEntry:0x00007fc5a626c190 @level="WARNING", @timestamp=1618422514994, @message="https://brysonfarms.deliverybizpro.com/admin/reports.php?report_type=min_order_report 7 The key \"touch-action:\" is not recognized and ignored.">, #<Selenium::WebDriver::LogEntry:0x00007fc5a626c168 @level="WARNING", @timestamp=1618422514994, @message="https://brysonfarms.deliverybizpro.com/admin/reports.php?report_type=min_order_report 7 The key \"-ms-touch-action:\" is not recognized and ignored.">]
Minimum Order Report - Export to Excel,1.0675609111785889,[]
Negative Balances,17.854231119155884,[#<Selenium::WebDriver::LogEntry:0x00007fc5558d6040 @level="WARNING", @timestamp=1618422534774, @message="https://brysonfarms.deliverybizpro.com/admin/reports.php?report_type=balance 7 The key \"touch-action:\" is not recognized and ignored.">, #<Selenium::WebDriver::LogEntry:0x00007fc5558d6018 @level="WARNING", @timestamp=1618422534774, @message="https://brysonfarms.deliverybizpro.com/admin/reports.php?report_type=balance 7 The key \"-ms-touch-action:\" is not recognized and ignored.">]
New Customers,1.9259512424468994,[#<Selenium::WebDriver::LogEntry:0x00007fc5a5339f38 @level="WARNING", @timestamp=1618422537855, @message="https://brysonfarms.deliverybizpro.com/admin/reports.php?report_type=new 7 The key \"touch-action:\" is not recognized and ignored.">, #<Selenium::WebDriver::LogEntry:0x00007fc5a5339ec0 @level="WARNING", @timestamp=1618422537855, @message="https://brysonfarms.deliverybizpro.com/admin/reports.php?report_type=new 7 The key \"-ms-touch-action:\" is not recognized and ignored.">]
No Order Customers Report,2.518925189971924,[#<Selenium::WebDriver::LogEntry:0x00007fc5a544bdb8 @level="WARNING", @timestamp=1618422543360, @message="https://brysonfarms.deliverybizpro.com/admin/reports.php?report_type=no_orders 7 The key \"touch-action:\" is not recognized and ignored.">, #<Selenium::WebDriver::LogEntry:0x00007fc5a544bd90 @level="WARNING", @timestamp=1618422543360, @message="https://brysonfarms.deliverybizpro.com/admin/reports.php?report_type=no_orders 7 The key \"-ms-touch-action:\" is not recognized and ignored.">]
No Order Customers Report - Export to Excel,1.0723240375518799,[]
Customer Reporting,1.0611159801483154,[#<Selenium::WebDriver::LogEntry:0x00007fc5a58f6c50 @level="WARNING", @timestamp=1618422597202, @message="https://brysonfarms.deliverybizpro.com/admin/reports.php?report_type=no_orders - [DOM] Found 2 elements with non-unique id #action_value: (More info: https://goo.gl/9p2vKq) %o %o">]
Customer Reporting,1.0468409061431885,[]
Retention Report,1.7675731182098389,[#<Selenium::WebDriver::LogEntry:0x00007fc595877168 @level="WARNING", @timestamp=1618422749134, @message="https://brysonfarms.deliverybizpro.com/admin/reports.php?report_type=customer_retention 7 The key \"touch-action:\" is not recognized and ignored.">, #<Selenium::WebDriver::LogEntry:0x00007fc595877140 @level="WARNING", @timestamp=1618422749134, @message="https://brysonfarms.deliverybizpro.com/admin/reports.php?report_type=customer_retention 7 The key \"-ms-touch-action:\" is not recognized and ignored.">]
Show Inactive Customers,1.4792640209197998,[#<Selenium::WebDriver::LogEntry:0x00007fc5a58e4348 @level="WARNING", @timestamp=1618422753680, @message="https://brysonfarms.deliverybizpro.com/admin/reports.php?report_type=inactive_customers 7 The key \"touch-action:\" is not recognized and ignored.">, #<Selenium::WebDriver::LogEntry:0x00007fc5a58e4320 @level="WARNING", @timestamp=1618422753680, @message="https://brysonfarms.deliverybizpro.com/admin/reports.php?report_type=inactive_customers 7 The key \"-ms-touch-action:\" is not recognized and ignored.">]
Show Inactive Customers - Export to Excel,2.3111860752105713,[]
Total Customers Report,1.5367188453674316,[#<Selenium::WebDriver::LogEntry:0x00007fc5950b0e20 @level="WARNING", @timestamp=1618422780543, @message="https://brysonfarms.deliverybizpro.com/admin/reports.php?report_type=total_customers 7 The key \"touch-action:\" is not recognized and ignored.">, #<Selenium::WebDriver::LogEntry:0x00007fc5950b0df8 @level="WARNING", @timestamp=1618422780543, @message="https://brysonfarms.deliverybizpro.com/admin/reports.php?report_type=total_customers 7 The key \"-ms-touch-action:\" is not recognized and ignored.">]
Total Customers Report - Export to Excel,2.887821674346924,[]
Vacation Report,1.521378755569458,[#<Selenium::WebDriver::LogEntry:0x00007fc5a5922300 @level="WARNING", @timestamp=1618422786030, @message="https://brysonfarms.deliverybizpro.com/admin/reports.php?report_type=vacation 7 The key \"touch-action:\" is not recognized and ignored.">, #<Selenium::WebDriver::LogEntry:0x00007fc5a59222d8 @level="WARNING", @timestamp=1618422786030, @message="https://brysonfarms.deliverybizpro.com/admin/reports.php?report_type=vacation 7 The key \"-ms-touch-action:\" is not recognized and ignored.">]
Vacation Report - Export to Excel,1.310399055480957,[#<Selenium::WebDriver::LogEntry:0x00007fc5a6168d70 @level="WARNING", @timestamp=1618422788246, @message="https://brysonfarms.deliverybizpro.com/admin/reports.php?report_type=vacation - [DOM] Found 2 elements with non-unique id #action_value: (More info: https://goo.gl/9p2vKq) %o %o">]
Misc. Reporting,1.0585591793060303,[]
Contact Us Report,1.6230359077453613,[#<Selenium::WebDriver::LogEntry:0x00007fc5a5570ce8 @level="WARNING", @timestamp=1618422813986, @message="https://brysonfarms.deliverybizpro.com/admin/reports.php?report_type=contact_us 7 The key \"touch-action:\" is not recognized and ignored.">, #<Selenium::WebDriver::LogEntry:0x00007fc5a5570c98 @level="WARNING", @timestamp=1618422813986, @message="https://brysonfarms.deliverybizpro.com/admin/reports.php?report_type=contact_us 7 The key \"-ms-touch-action:\" is not recognized and ignored.">]
Contact Us Report - Export to Excel,1.0810370445251465,[]
Coupon Usage,1.5522091388702393,[#<Selenium::WebDriver::LogEntry:0x00007fc5a56564a0 @level="WARNING", @timestamp=1618422817664, @message="https://brysonfarms.deliverybizpro.com/admin/reports.php?report_type=coupons 7 The key \"touch-action:\" is not recognized and ignored.">, #<Selenium::WebDriver::LogEntry:0x00007fc5a5656478 @level="WARNING", @timestamp=1618422817664, @message="https://brysonfarms.deliverybizpro.com/admin/reports.php?report_type=coupons 7 The key \"-ms-touch-action:\" is not recognized and ignored.">]
Coupon Usage - Export to Excel,1.085515022277832,[#<Selenium::WebDriver::LogEntry:0x00007fc5a56d7140 @level="WARNING", @timestamp=1618422819959, @message="https://brysonfarms.deliverybizpro.com/admin/reports.php?report_type=coupons - [DOM] Found 2 elements with non-unique id #action_value: (More info: https://goo.gl/9p2vKq) %o %o">]
Missing Orders,1.6413698196411133,[#<Selenium::WebDriver::LogEntry:0x00007fc5a5717ba0 @level="WARNING", @timestamp=1618422843420, @message="https://brysonfarms.deliverybizpro.com/admin/reports.php?report_type=missing_orders 7 The key \"touch-action:\" is not recognized and ignored.">, #<Selenium::WebDriver::LogEntry:0x00007fc5a5717b78 @level="WARNING", @timestamp=1618422843422, @message="https://brysonfarms.deliverybizpro.com/admin/reports.php?report_type=missing_orders 7 The key \"-ms-touch-action:\" is not recognized and ignored.">, #<Selenium::WebDriver::LogEntry:0x00007fc5a5717b50 @level="SEVERE", @timestamp=1618422843585, @message="https://brysonfarms.deliverybizpro.com/admin/skin1/admin/admin-modal.css - Failed to load resource: the server responded with a status of 404 (Not Found)">]
Coupons,1.494729995727539,[#<Selenium::WebDriver::LogEntry:0x00007fc5a5755518 @level="WARNING", @timestamp=1618422852048, @message="https://brysonfarms.deliverybizpro.com/admin/discount_coupons.php 7 The key \"touch-action:\" is not recognized and ignored.">, #<Selenium::WebDriver::LogEntry:0x00007fc5a57554f0 @level="WARNING", @timestamp=1618422852048, @message="https://brysonfarms.deliverybizpro.com/admin/discount_coupons.php 7 The key \"-ms-touch-action:\" is not recognized and ignored.">]
Coupon Events,1.474837064743042,[#<Selenium::WebDriver::LogEntry:0x00007fc5a57770c8 @level="WARNING", @timestamp=1618422856581, @message="https://brysonfarms.deliverybizpro.com/admin/coupon_events.php 7 The key \"touch-action:\" is not recognized and ignored.">, #<Selenium::WebDriver::LogEntry:0x00007fc5a57770a0 @level="WARNING", @timestamp=1618422856581, @message="https://brysonfarms.deliverybizpro.com/admin/coupon_events.php 7 The key \"-ms-touch-action:\" is not recognized and ignored.">]
Countdown Products,1.5169281959533691,[#<Selenium::WebDriver::LogEntry:0x00007fc5a579eb28 @level="WARNING", @timestamp=1618422861175, @message="https://brysonfarms.deliverybizpro.com/admin/reports.php?report_type=countdown_mgmt 7 The key \"touch-action:\" is not recognized and ignored.">, #<Selenium::WebDriver::LogEntry:0x00007fc5a579eb00 @level="WARNING", @timestamp=1618422861175, @message="https://brysonfarms.deliverybizpro.com/admin/reports.php?report_type=countdown_mgmt 7 The key \"-ms-touch-action:\" is not recognized and ignored.">]
Countdown Products - Export to Excel,1.0728237628936768,[]
Global Discounts,1.4993019104003906,[#<Selenium::WebDriver::LogEntry:0x00007fc595854848 @level="WARNING", @timestamp=1618422864744, @message="https://brysonfarms.deliverybizpro.com/provider/discounts.php 7 The key \"touch-action:\" is not recognized and ignored.">, #<Selenium::WebDriver::LogEntry:0x00007fc595854820 @level="WARNING", @timestamp=1618422864744, @message="https://brysonfarms.deliverybizpro.com/provider/discounts.php 7 The key \"-ms-touch-action:\" is not recognized and ignored.">]
Featured Products,2.103787899017334,[#<Selenium::WebDriver::LogEntry:0x00007fc5a623f6b8 @level="WARNING", @timestamp=1618422869442, @message="https://brysonfarms.deliverybizpro.com/admin/products?search_criteria=featured_product 7 The key \"touch-action:\" is not recognized and ignored.">, #<Selenium::WebDriver::LogEntry:0x00007fc5a623f690 @level="WARNING", @timestamp=1618422869442, @message="https://brysonfarms.deliverybizpro.com/admin/products?search_criteria=featured_product 7 The key \"-ms-touch-action:\" is not recognized and ignored.">, #<Selenium::WebDriver::LogEntry:0x00007fc5a623f668 @level="WARNING", @timestamp=1618422869992, @message="https://brysonfarms.deliverybizpro.com/admin/products?search_criteria=featured_product - [DOM] Found 2 elements with non-unique id #collapse-quantity: (More info: https://goo.gl/9p2vKq) %o %o">]
Sale Items,1.6072571277618408,[#<Selenium::WebDriver::LogEntry:0x00007fc55581d180 @level="WARNING", @timestamp=1618422874528, @message="https://brysonfarms.deliverybizpro.com/admin/products?search_criteria=sale_item 7 The key \"touch-action:\" is not recognized and ignored.">, #<Selenium::WebDriver::LogEntry:0x00007fc55581d158 @level="WARNING", @timestamp=1618422874529, @message="https://brysonfarms.deliverybizpro.com/admin/products?search_criteria=sale_item 7 The key \"-ms-touch-action:\" is not recognized and ignored.">, #<Selenium::WebDriver::LogEntry:0x00007fc55581d130 @level="WARNING", @timestamp=1618422874667, @message="https://brysonfarms.deliverybizpro.com/admin/products?search_criteria=sale_item - [DOM] Found 2 elements with non-unique id #collapse-quantity: (More info: https://goo.gl/9p2vKq) %o %o">]
Manage Cross-Selling,1.4682011604309082,[#<Selenium::WebDriver::LogEntry:0x00007fc555853460 @level="WARNING", @timestamp=1618422879114, @message="https://brysonfarms.deliverybizpro.com/admin/reports.php?report_type=upselling 7 The key \"touch-action:\" is not recognized and ignored.">, #<Selenium::WebDriver::LogEntry:0x00007fc555853438 @level="WARNING", @timestamp=1618422879114, @message="https://brysonfarms.deliverybizpro.com/admin/reports.php?report_type=upselling 7 The key \"-ms-touch-action:\" is not recognized and ignored.">]
Manage Cross-Selling - Export to Excel,1.0849909782409668,[]
First Time Order Specials,1.5720748901367188,[#<Selenium::WebDriver::LogEntry:0x00007fc5a6277518 @level="WARNING", @timestamp=1618422882716, @message="https://brysonfarms.deliverybizpro.com/admin/products?search_criteria=first_time_order 7 The key \"touch-action:\" is not recognized and ignored.">, #<Selenium::WebDriver::LogEntry:0x00007fc5a62774f0 @level="WARNING", @timestamp=1618422882716, @message="https://brysonfarms.deliverybizpro.com/admin/products?search_criteria=first_time_order 7 The key \"-ms-touch-action:\" is not recognized and ignored.">, #<Selenium::WebDriver::LogEntry:0x00007fc5a62774c8 @level="WARNING", @timestamp=1618422882856, @message="https://brysonfarms.deliverybizpro.com/admin/products?search_criteria=first_time_order - [DOM] Found 2 elements with non-unique id #collapse-quantity: (More info: https://goo.gl/9p2vKq) %o %o">]
Search Orders,1.7911159992218018,[#<Selenium::WebDriver::LogEntry:0x00007fc5558c94f8 @level="WARNING", @timestamp=1618422887410, @message="https://brysonfarms.deliverybizpro.com/admin/orders.php 7 The key \"touch-action:\" is not recognized and ignored.">, #<Selenium::WebDriver::LogEntry:0x00007fc5558c94d0 @level="WARNING", @timestamp=1618422887410, @message="https://brysonfarms.deliverybizpro.com/admin/orders.php 7 The key \"-ms-touch-action:\" is not recognized and ignored.">]
This Week's Orders,3.2323241233825684,[#<Selenium::WebDriver::LogEntry:0x00007fc5a594e0b8 @level="WARNING", @timestamp=1618422897564, @message="https://brysonfarms.deliverybizpro.com/admin/orders.php?mode=search 7 The key \"touch-action:\" is not recognized and ignored.">, #<Selenium::WebDriver::LogEntry:0x00007fc5a594e090 @level="WARNING", @timestamp=1618422897564, @message="https://brysonfarms.deliverybizpro.com/admin/orders.php?mode=search 7 The key \"-ms-touch-action:\" is not recognized and ignored.">]
Next Week's Orders,2.6279947757720947,[#<Selenium::WebDriver::LogEntry:0x00007fc59502dfe8 @level="WARNING", @timestamp=1618422903218, @message="https://brysonfarms.deliverybizpro.com/admin/orders.php?mode=search 7 The key \"touch-action:\" is not recognized and ignored.">, #<Selenium::WebDriver::LogEntry:0x00007fc59502ded0 @level="WARNING", @timestamp=1618422903218, @message="https://brysonfarms.deliverybizpro.com/admin/orders.php?mode=search 7 The key \"-ms-touch-action:\" is not recognized and ignored.">]
Create Purchase Order,1.5799181461334229,[#<Selenium::WebDriver::LogEntry:0x00007fc58580ea10 @level="WARNING", @timestamp=1618422908017, @message="https://brysonfarms.deliverybizpro.com/admin/router.php#/adv-purchase-order/create 7 The key \"touch-action:\" is not recognized and ignored.">, #<Selenium::WebDriver::LogEntry:0x00007fc58580e9e8 @level="WARNING", @timestamp=1618422908017, @message="https://brysonfarms.deliverybizpro.com/admin/router.php#/adv-purchase-order/create 7 The key \"-ms-touch-action:\" is not recognized and ignored.">]
View Purchase Orders,1.0701110363006592,[]
Autoresponders,10.372114896774292,[#<Selenium::WebDriver::LogEntry:0x00007fc5a561c610 @level="WARNING", @timestamp=1618422921570, @message="https://brysonfarms.deliverybizpro.com/admin/news.php?mode=messages&targetlist=2 7 The key \"touch-action:\" is not recognized and ignored.">, #<Selenium::WebDriver::LogEntry:0x00007fc5a561c5e8 @level="WARNING", @timestamp=1618422921570, @message="https://brysonfarms.deliverybizpro.com/admin/news.php?mode=messages&targetlist=2 7 The key \"-ms-touch-action:\" is not recognized and ignored.">]
General News List,2.7629759311676025,[#<Selenium::WebDriver::LogEntry:0x00007fc5a564a330 @level="WARNING", @timestamp=1618422930139, @message="https://brysonfarms.deliverybizpro.com/admin/router.php#/newsletters-list/3 7 The key \"touch-action:\" is not recognized and ignored.">, #<Selenium::WebDriver::LogEntry:0x00007fc5a564a308 @level="WARNING", @timestamp=1618422930139, @message="https://brysonfarms.deliverybizpro.com/admin/router.php#/newsletters-list/3 7 The key \"-ms-touch-action:\" is not recognized and ignored.">]
Unsubscribers,3.1591601371765137,[#<Selenium::WebDriver::LogEntry:0x00007fc5a56e7270 @level="WARNING", @timestamp=1618422945740, @message="https://brysonfarms.deliverybizpro.com/admin/unsubscribers 7 The key \"touch-action:\" is not recognized and ignored.">, #<Selenium::WebDriver::LogEntry:0x00007fc5a56e7220 @level="WARNING", @timestamp=1618422945741, @message="https://brysonfarms.deliverybizpro.com/admin/unsubscribers 7 The key \"-ms-touch-action:\" is not recognized and ignored.">]
Edit Static Pages,1.5988831520080566,[#<Selenium::WebDriver::LogEntry:0x00007fc5a5724008 @level="WARNING", @timestamp=1618422950382, @message="https://brysonfarms.deliverybizpro.com/admin/pages.php 7 The key \"touch-action:\" is not recognized and ignored.">, #<Selenium::WebDriver::LogEntry:0x00007fc5a57242b0 @level="WARNING", @timestamp=1618422950382, @message="https://brysonfarms.deliverybizpro.com/admin/pages.php 7 The key \"-ms-touch-action:\" is not recognized and ignored.">]
Manage Files,1.930724859237671,[#<Selenium::WebDriver::LogEntry:0x00007fc5a62041a8 @level="WARNING", @timestamp=1618422954916, @message="https://brysonfarms.deliverybizpro.com/admin/files.php 7 The key \"touch-action:\" is not recognized and ignored.">, #<Selenium::WebDriver::LogEntry:0x00007fc5a6204180 @level="WARNING", @timestamp=1618422954916, @message="https://brysonfarms.deliverybizpro.com/admin/files.php 7 The key \"-ms-touch-action:\" is not recognized and ignored.">]
301 Redirects,1.5264737606048584,[#<Selenium::WebDriver::LogEntry:0x00007fc5a621e9b8 @level="WARNING", @timestamp=1618422963988, @message="https://brysonfarms.deliverybizpro.com/admin/redirects 7 The key \"touch-action:\" is not recognized and ignored.">, #<Selenium::WebDriver::LogEntry:0x00007fc5a621e990 @level="WARNING", @timestamp=1618422963989, @message="https://brysonfarms.deliverybizpro.com/admin/redirects 7 The key \"-ms-touch-action:\" is not recognized and ignored.">]
FAQ,1.6154191493988037,[#<Selenium::WebDriver::LogEntry:0x00007fc5a622f6f0 @level="WARNING", @timestamp=1618422968620, @message="https://brysonfarms.deliverybizpro.com/admin/faq 7 The key \"touch-action:\" is not recognized and ignored.">, #<Selenium::WebDriver::LogEntry:0x00007fc5a622f6c8 @level="WARNING", @timestamp=1618422968620, @message="https://brysonfarms.deliverybizpro.com/admin/faq 7 The key \"-ms-touch-action:\" is not recognized and ignored.">]
Company Settings,2.85894513130188,[#<Selenium::WebDriver::LogEntry:0x00007fc5a57e58c0 @level="WARNING", @timestamp=1618422973334, @message="https://brysonfarms.deliverybizpro.com/admin/company.php 7 The key \"touch-action:\" is not recognized and ignored.">, #<Selenium::WebDriver::LogEntry:0x00007fc5a57e5898 @level="WARNING", @timestamp=1618422973336, @message="https://brysonfarms.deliverybizpro.com/admin/company.php 7 The key \"-ms-touch-action:\" is not recognized and ignored.">]
States/Counties,1.6500327587127686,[#<Selenium::WebDriver::LogEntry:0x00007fc5850b2ac8 @level="WARNING", @timestamp=1618422978796, @message="https://maps.googleapis.com/maps-api-v3/api/js/44/9/util.js 230:26 \"Google Maps JavaScript API warning: NoApiKeys https://developers.google.com/maps/documentation/javascript/error-messages#no-api-keys\"">, #<Selenium::WebDriver::LogEntry:0x00007fc5850b2aa0 @level="WARNING", @timestamp=1618422978796, @message="https://maps.googleapis.com/maps-api-v3/api/js/44/9/util.js 230:26 \"Google Maps JavaScript API warning: InvalidKey https://developers.google.com/maps/documentation/javascript/error-messages#invalid-key\"">, #<Selenium::WebDriver::LogEntry:0x00007fc5850b2a78 @level="WARNING", @timestamp=1618422979201, @message="https://brysonfarms.deliverybizpro.com/admin/states.php 7 The key \"touch-action:\" is not recognized and ignored.">, #<Selenium::WebDriver::LogEntry:0x00007fc5850b2a50 @level="WARNING", @timestamp=1618422979202, @message="https://brysonfarms.deliverybizpro.com/admin/states.php 7 The key \"-ms-touch-action:\" is not recognized and ignored.">]
Taxes,1.078726053237915,[]
Taxing Zones,1.5417029857635498,[#<Selenium::WebDriver::LogEntry:0x00007fc55581c3e8 @level="WARNING", @timestamp=1618422987822, @message="https://brysonfarms.deliverybizpro.com/admin/zones.php 7 The key \"touch-action:\" is not recognized and ignored.">, #<Selenium::WebDriver::LogEntry:0x00007fc55581c3c0 @level="WARNING", @timestamp=1618422987822, @message="https://brysonfarms.deliverybizpro.com/admin/zones.php 7 The key \"-ms-touch-action:\" is not recognized and ignored.">]
Taxing System,1.5248870849609375,[#<Selenium::WebDriver::LogEntry:0x00007fc5558527b8 @level="WARNING", @timestamp=1618422992400, @message="https://brysonfarms.deliverybizpro.com/admin/taxes.php 7 The key \"touch-action:\" is not recognized and ignored.">, #<Selenium::WebDriver::LogEntry:0x00007fc555852790 @level="WARNING", @timestamp=1618422992400, @message="https://brysonfarms.deliverybizpro.com/admin/taxes.php 7 The key \"-ms-touch-action:\" is not recognized and ignored.">]
Minimum Orders Settings,1.5933239459991455,[#<Selenium::WebDriver::LogEntry:0x00007fc5a58fc880 @level="WARNING", @timestamp=1618422996932, @message="https://brysonfarms.deliverybizpro.com/admin/min_orders_settings.php 7 The key \"touch-action:\" is not recognized and ignored.">, #<Selenium::WebDriver::LogEntry:0x00007fc5a58fc858 @level="WARNING", @timestamp=1618422996932, @message="https://brysonfarms.deliverybizpro.com/admin/min_orders_settings.php 7 The key \"-ms-touch-action:\" is not recognized and ignored.">]
Zip Codes,2.3444371223449707,[#<Selenium::WebDriver::LogEntry:0x00007fc57500d420 @level="WARNING", @timestamp=1618423001850, @message="https://brysonfarms.deliverybizpro.com/admin/zip_codes.php 7 The key \"touch-action:\" is not recognized and ignored.">, #<Selenium::WebDriver::LogEntry:0x00007fc57500d3f8 @level="WARNING", @timestamp=1618423001850, @message="https://brysonfarms.deliverybizpro.com/admin/zip_codes.php 7 The key \"-ms-touch-action:\" is not recognized and ignored.">, #<Selenium::WebDriver::LogEntry:0x00007fc57500d3d0 @level="WARNING", @timestamp=1618423002464, @message="https://brysonfarms.deliverybizpro.com/admin/zip_codes.php - [DOM] Found 2 elements with non-unique id #zip_delivery_type: (More info: https://goo.gl/9p2vKq) %o %o">]
Fees,1.090764045715332,[]
Settings,1.0792500972747803,[]
Store Locations,2.2873239517211914,[#<Selenium::WebDriver::LogEntry:0x00007fc5a53e88d0 @level="WARNING", @timestamp=1618423023814, @message="https://brysonfarms.deliverybizpro.com/admin/stores.php 7 The key \"touch-action:\" is not recognized and ignored.">, #<Selenium::WebDriver::LogEntry:0x00007fc5a53e8740 @level="WARNING", @timestamp=1618423023814, @message="https://brysonfarms.deliverybizpro.com/admin/stores.php 7 The key \"-ms-touch-action:\" is not recognized and ignored.">]
DBP Settings,2.048748016357422,[#<Selenium::WebDriver::LogEntry:0x00007fc5a550a330 @level="WARNING", @timestamp=1618423028807, @message="https://brysonfarms.deliverybizpro.com/admin/dbp_settings.php 7 The key \"touch-action:\" is not recognized and ignored.">, #<Selenium::WebDriver::LogEntry:0x00007fc5a550a2e0 @level="WARNING", @timestamp=1618423028807, @message="https://brysonfarms.deliverybizpro.com/admin/dbp_settings.php 7 The key \"-ms-touch-action:\" is not recognized and ignored.">]
DBP Billing,21.281260013580322,[#<Selenium::WebDriver::LogEntry:0x00007fc595841310 @level="WARNING", @timestamp=1618423053242, @message="https://brysonfarms.deliverybizpro.com/admin/dbp_billing.php 7 The key \"touch-action:\" is not recognized and ignored.">, #<Selenium::WebDriver::LogEntry:0x00007fc5958412e8 @level="WARNING", @timestamp=1618423053242, @message="https://brysonfarms.deliverybizpro.com/admin/dbp_billing.php 7 The key \"-ms-touch-action:\" is not recognized and ignored.">]
Countries,1.513537883758545,[#<Selenium::WebDriver::LogEntry:0x00007fc5a5624298 @level="WARNING", @timestamp=1618423057888, @message="https://brysonfarms.deliverybizpro.com/admin/countries.php 7 The key \"touch-action:\" is not recognized and ignored.">, #<Selenium::WebDriver::LogEntry:0x00007fc5a5624248 @level="WARNING", @timestamp=1618423057888, @message="https://brysonfarms.deliverybizpro.com/admin/countries.php 7 The key \"-ms-touch-action:\" is not recognized and ignored.">]
States,1.4744770526885986,[#<Selenium::WebDriver::LogEntry:0x00007fc5a566da60 @level="WARNING", @timestamp=1618423062439, @message="https://brysonfarms.deliverybizpro.com/admin/states.php 7 The key \"touch-action:\" is not recognized and ignored.">, #<Selenium::WebDriver::LogEntry:0x00007fc5a566d9e8 @level="WARNING", @timestamp=1618423062439, @message="https://brysonfarms.deliverybizpro.com/admin/states.php 7 The key \"-ms-touch-action:\" is not recognized and ignored.">]
Settings,1.0735878944396973,[]
Export/Import Cities,1.4503509998321533,[#<Selenium::WebDriver::LogEntry:0x00007fc5a5704668 @level="WARNING", @timestamp=1618423071050, @message="https://brysonfarms.deliverybizpro.com/admin/cities_export_import.php 7 The key \"touch-action:\" is not recognized and ignored.">, #<Selenium::WebDriver::LogEntry:0x00007fc5a5704640 @level="WARNING", @timestamp=1618423071050, @message="https://brysonfarms.deliverybizpro.com/admin/cities_export_import.php 7 The key \"-ms-touch-action:\" is not recognized and ignored.">]
Summary,1.5317330360412598,[#<Selenium::WebDriver::LogEntry:0x00007fc5a573e7f0 @level="WARNING", @timestamp=1618423075649, @message="https://brysonfarms.deliverybizpro.com/admin/general.php 7 The key \"touch-action:\" is not recognized and ignored.">, #<Selenium::WebDriver::LogEntry:0x00007fc5a573e7c8 @level="WARNING", @timestamp=1618423075650, @message="https://brysonfarms.deliverybizpro.com/admin/general.php 7 The key \"-ms-touch-action:\" is not recognized and ignored.">]
Credit card types,1.478766918182373,[#<Selenium::WebDriver::LogEntry:0x00007fc5a575dfd8 @level="WARNING", @timestamp=1618423080142, @message="https://brysonfarms.deliverybizpro.com/admin/card_types.php 7 The key \"touch-action:\" is not recognized and ignored.">, #<Selenium::WebDriver::LogEntry:0x00007fc5a575dfb0 @level="WARNING", @timestamp=1618423080142, @message="https://brysonfarms.deliverybizpro.com/admin/card_types.php 7 The key \"-ms-touch-action:\" is not recognized and ignored.">]
General Settings,2.316127061843872,[#<Selenium::WebDriver::LogEntry:0x00007fc5a578ff10 @level="WARNING", @timestamp=1618423085095, @message="https://brysonfarms.deliverybizpro.com/admin/configuration 7 The key \"touch-action:\" is not recognized and ignored.">, #<Selenium::WebDriver::LogEntry:0x00007fc5a578fe98 @level="WARNING", @timestamp=1618423085095, @message="https://brysonfarms.deliverybizpro.com/admin/configuration 7 The key \"-ms-touch-action:\" is not recognized and ignored.">]
Languages,1.6757380962371826,[#<Selenium::WebDriver::LogEntry:0x00007fc5a57be5b8 @level="WARNING", @timestamp=1618423090099, @message="https://brysonfarms.deliverybizpro.com/admin/languages.php 7 The key \"touch-action:\" is not recognized and ignored.">, #<Selenium::WebDriver::LogEntry:0x00007fc5a57be590 @level="WARNING", @timestamp=1618423090099, @message="https://brysonfarms.deliverybizpro.com/admin/languages.php 7 The key \"-ms-touch-action:\" is not recognized and ignored.">, #<Selenium::WebDriver::LogEntry:0x00007fc5a57be568 @level="SEVERE", @timestamp=1618423090245, @message="https://brysonfarms.deliverybizpro.com/tinymce/tiny_mce.js - Failed to load resource: the server responded with a status of 404 (Not Found)">]
Modules,3.8706588745117188,[#<Selenium::WebDriver::LogEntry:0x00007fc5a57f7278 @level="WARNING", @timestamp=1618423096370, @message="https://brysonfarms.deliverybizpro.com/admin/modules.php 7 The key \"touch-action:\" is not recognized and ignored.">, #<Selenium::WebDriver::LogEntry:0x00007fc5a57f7250 @level="WARNING", @timestamp=1618423096370, @message="https://brysonfarms.deliverybizpro.com/admin/modules.php 7 The key \"-ms-touch-action:\" is not recognized and ignored.">]
Payment Methods,2.046860933303833,[#<Selenium::WebDriver::LogEntry:0x00007fc5760210c8 @level="WARNING", @timestamp=1618423101847, @message="https://brysonfarms.deliverybizpro.com/admin/payment_methods.php 7 The key \"touch-action:\" is not recognized and ignored.">, #<Selenium::WebDriver::LogEntry:0x00007fc576021078 @level="WARNING", @timestamp=1618423101847, @message="https://brysonfarms.deliverybizpro.com/admin/payment_methods.php 7 The key \"-ms-touch-action:\" is not recognized and ignored.">]
Clear templates cache,2.523994207382202,[#<Selenium::WebDriver::LogEntry:0x00007fc5a6257c40 @level="WARNING", @timestamp=1618423107715, @message="https://brysonfarms.deliverybizpro.com/admin/general.php 7 The key \"touch-action:\" is not recognized and ignored.">, #<Selenium::WebDriver::LogEntry:0x00007fc5a6257c18 @level="WARNING", @timestamp=1618423107716, @message="https://brysonfarms.deliverybizpro.com/admin/general.php 7 The key \"-ms-touch-action:\" is not recognized and ignored.">]
System Logs,1.0708599090576172,[]
DBP Overview,1.51249098777771,[#<Selenium::WebDriver::LogEntry:0x00007fc5950a48c8 @level="WARNING", @timestamp=1618423116442, @message="https://brysonfarms.deliverybizpro.com/admin/dbp_overview.php 7 The key \"touch-action:\" is not recognized and ignored.">, #<Selenium::WebDriver::LogEntry:0x00007fc5950a48a0 @level="WARNING", @timestamp=1618423116442, @message="https://brysonfarms.deliverybizpro.com/admin/dbp_overview.php 7 The key \"-ms-touch-action:\" is not recognized and ignored.">]
Inventory,1.5093739032745361,[#<Selenium::WebDriver::LogEntry:0x00007fc5950b5718 @level="WARNING", @timestamp=1618423120981, @message="https://brysonfarms.deliverybizpro.com/admin/log_inventory.php 7 The key \"touch-action:\" is not recognized and ignored.">, #<Selenium::WebDriver::LogEntry:0x00007fc5950b56f0 @level="WARNING", @timestamp=1618423120981, @message="https://brysonfarms.deliverybizpro.com/admin/log_inventory.php 7 The key \"-ms-touch-action:\" is not recognized and ignored.">]
Tasks,1.62788987159729,[#<Selenium::WebDriver::LogEntry:0x00007fc5a62761e0 @level="WARNING", @timestamp=1618423125531, @message="https://brysonfarms.deliverybizpro.com/admin/router.php?r=bt-console#/bt-console 7 The key \"touch-action:\" is not recognized and ignored.">, #<Selenium::WebDriver::LogEntry:0x00007fc5a62761b8 @level="WARNING", @timestamp=1618423125532, @message="https://brysonfarms.deliverybizpro.com/admin/router.php?r=bt-console#/bt-console 7 The key \"-ms-touch-action:\" is not recognized and ignored.">]
Periodic tasks,5.05653190612793,[#<Selenium::WebDriver::LogEntry:0x00007fc5558c82b0 @level="WARNING", @timestamp=1618423133646, @message="https://brysonfarms.deliverybizpro.com/admin/periodicTasks 7 The key \"touch-action:\" is not recognized and ignored.">, #<Selenium::WebDriver::LogEntry:0x00007fc5558c8288 @level="WARNING", @timestamp=1618423133646, @message="https://brysonfarms.deliverybizpro.com/admin/periodicTasks 7 The key \"-ms-touch-action:\" is not recognized and ignored.">]
