Dashboard,3.7258710861206055,[#<Selenium::WebDriver::LogEntry:0x00007fcd4d0a6280 @level="WARNING", @timestamp=1619024220710, @message="https://www.narrativefood.com/admin/login 7 The key \"touch-action:\" is not recognized and ignored.">, #<Selenium::WebDriver::LogEntry:0x00007fcd4d0a6208 @level="WARNING", @timestamp=1619024220710, @message="https://www.narrativefood.com/admin/login 7 The key \"-ms-touch-action:\" is not recognized and ignored.">, #<Selenium::WebDriver::LogEntry:0x00007fcd4d0a61e0 @level="WARNING", @timestamp=1619024228999, @message="https://www.narrativefood.com/admin/home.php 7 The key \"touch-action:\" is not recognized and ignored.">, #<Selenium::WebDriver::LogEntry:0x00007fcd4d0a61b8 @level="WARNING", @timestamp=1619024228999, @message="https://www.narrativefood.com/admin/home.php 7 The key \"-ms-touch-action:\" is not recognized and ignored.">, #<Selenium::WebDriver::LogEntry:0x00007fcd4d0a6190 @level="WARNING", @timestamp=1619024232981, @message="https://www.narrativefood.com/admin/home.php 7 The key \"touch-action:\" is not recognized and ignored.">, #<Selenium::WebDriver::LogEntry:0x00007fcd4d0a6140 @level="WARNING", @timestamp=1619024232981, @message="https://www.narrativefood.com/admin/home.php 7 The key \"-ms-touch-action:\" is not recognized and ignored.">]
Customers,1.060504674911499,[]
Search for Customers,2.1084418296813965,[#<Selenium::WebDriver::LogEntry:0x00007fcd5e0c4648 @level="WARNING", @timestamp=1619024254907, @message="https://www.narrativefood.com/admin/users.php?mode=search&usertype=C&refresh=1&sort=last_login&sort_direction=1 14 The key \"touch-action:\" is not recognized and ignored.">, #<Selenium::WebDriver::LogEntry:0x00007fcd5e0c4620 @level="WARNING", @timestamp=1619024254907, @message="https://www.narrativefood.com/admin/users.php?mode=search&usertype=C&refresh=1&sort=last_login&sort_direction=1 14 The key \"-ms-touch-action:\" is not recognized and ignored.">, #<Selenium::WebDriver::LogEntry:0x00007fcd5e0c45f8 @level="WARNING", @timestamp=1619024255337, @message="https://www.narrativefood.com/admin/users.php?mode=search&usertype=C&refresh=1&sort=last_login&sort_direction=1 - [DOM] Found 2 elements with non-unique id #frm-users-search: (More info: https://goo.gl/9p2vKq) %o %o">, #<Selenium::WebDriver::LogEntry:0x00007fcd5e0c45d0 @level="WARNING", @timestamp=1619024255337, @message="https://www.narrativefood.com/admin/users.php?mode=search&usertype=C&refresh=1&sort=last_login&sort_direction=1 - [DOM] Found 2 elements with non-unique id #posted_data[orders_count_type]: (More info: https://goo.gl/9p2vKq) %o %o">]
Create Customer Profile,3.029387950897217,[#<Selenium::WebDriver::LogEntry:0x00007fcd4d0e7028 @level="WARNING", @timestamp=1619024260140, @message="https://www.narrativefood.com/admin/user_add.php?usertype=C 7 The key \"touch-action:\" is not recognized and ignored.">, #<Selenium::WebDriver::LogEntry:0x00007fcd4d0e7000 @level="WARNING", @timestamp=1619024260140, @message="https://www.narrativefood.com/admin/user_add.php?usertype=C 7 The key \"-ms-touch-action:\" is not recognized and ignored.">]
Import Customers,2.3344268798828125,[#<Selenium::WebDriver::LogEntry:0x00007fcd5e925b20 @level="WARNING", @timestamp=1619024265900, @message="https://www.narrativefood.com/admin/customers_import.php 7 The key \"touch-action:\" is not recognized and ignored.">, #<Selenium::WebDriver::LogEntry:0x00007fcd5e925af8 @level="WARNING", @timestamp=1619024265900, @message="https://www.narrativefood.com/admin/customers_import.php 7 The key \"-ms-touch-action:\" is not recognized and ignored.">]
Export Customers,2.6715431213378906,[#<Selenium::WebDriver::LogEntry:0x00007fcd5d25e798 @level="WARNING", @timestamp=1619024271290, @message="https://www.narrativefood.com/admin/router.php?r=export-users#/export-users 7 The key \"touch-action:\" is not recognized and ignored.">, #<Selenium::WebDriver::LogEntry:0x00007fcd5d25e4a0 @level="WARNING", @timestamp=1619024271291, @message="https://www.narrativefood.com/admin/router.php?r=export-users#/export-users 7 The key \"-ms-touch-action:\" is not recognized and ignored.">]
Export Customer Emails,1.5577023029327393,[#<Selenium::WebDriver::LogEntry:0x00007fcd5d8b9b88 @level="WARNING", @timestamp=1619024277002, @message="https://www.narrativefood.com/admin/export_users_emails.php 7 The key \"touch-action:\" is not recognized and ignored.">, #<Selenium::WebDriver::LogEntry:0x00007fcd5d8b98e0 @level="WARNING", @timestamp=1619024277002, @message="https://www.narrativefood.com/admin/export_users_emails.php 7 The key \"-ms-touch-action:\" is not recognized and ignored.">]
Edit/Create Membership Levels,2.237406015396118,[#<Selenium::WebDriver::LogEntry:0x00007fcd5d9229a8 @level="WARNING", @timestamp=1619024281957, @message="https://www.narrativefood.com/admin/memberships.php?usertype=C 7 The key \"touch-action:\" is not recognized and ignored.">, #<Selenium::WebDriver::LogEntry:0x00007fcd5d922980 @level="WARNING", @timestamp=1619024281957, @message="https://www.narrativefood.com/admin/memberships.php?usertype=C 7 The key \"-ms-touch-action:\" is not recognized and ignored.">]
Customer Notes,1.9202508926391602,[#<Selenium::WebDriver::LogEntry:0x00007fcd5f8c8e10 @level="WARNING", @timestamp=1619024287191, @message="https://www.narrativefood.com/admin/customer_notes.php 7 The key \"touch-action:\" is not recognized and ignored.">, #<Selenium::WebDriver::LogEntry:0x00007fcd5f8c8cd0 @level="WARNING", @timestamp=1619024287191, @message="https://www.narrativefood.com/admin/customer_notes.php 7 The key \"-ms-touch-action:\" is not recognized and ignored.">]
Administrators,1.0755598545074463,[]
Search for Admins,1.7139372825622559,[#<Selenium::WebDriver::LogEntry:0x00007fcd5d5087f0 @level="WARNING", @timestamp=1619024296019, @message="https://www.narrativefood.com/admin/users.php?mode=search&usertype=P&refresh=1 7 The key \"touch-action:\" is not recognized and ignored.">, #<Selenium::WebDriver::LogEntry:0x00007fcd5d508750 @level="WARNING", @timestamp=1619024296019, @message="https://www.narrativefood.com/admin/users.php?mode=search&usertype=P&refresh=1 7 The key \"-ms-touch-action:\" is not recognized and ignored.">, #<Selenium::WebDriver::LogEntry:0x00007fcd5d5086b0 @level="WARNING", @timestamp=1619024296216, @message="https://www.narrativefood.com/admin/users.php?mode=search&usertype=P&refresh=1 - [DOM] Found 2 elements with non-unique id #frm-users-search: (More info: https://goo.gl/9p2vKq) %o %o">]
Create Admin Profile,1.770056962966919,[#<Selenium::WebDriver::LogEntry:0x00007fcd5d56a568 @level="WARNING", @timestamp=1619024300825, @message="https://www.narrativefood.com/admin/user_add.php?usertype=P 7 The key \"touch-action:\" is not recognized and ignored.">, #<Selenium::WebDriver::LogEntry:0x00007fcd5d56a540 @level="WARNING", @timestamp=1619024300825, @message="https://www.narrativefood.com/admin/user_add.php?usertype=P 7 The key \"-ms-touch-action:\" is not recognized and ignored.">]
Access Control,1.603182077407837,[#<Selenium::WebDriver::LogEntry:0x00007fcd5e8e4d00 @level="WARNING", @timestamp=1619024305564, @message="https://www.narrativefood.com/admin/access_control.php 7 The key \"touch-action:\" is not recognized and ignored.">, #<Selenium::WebDriver::LogEntry:0x00007fcd5e8e4cd8 @level="WARNING", @timestamp=1619024305564, @message="https://www.narrativefood.com/admin/access_control.php 7 The key \"-ms-touch-action:\" is not recognized and ignored.">]
Edit/Create Membership Levels,1.586587905883789,[#<Selenium::WebDriver::LogEntry:0x00007fcd5f9201b0 @level="WARNING", @timestamp=1619024310187, @message="https://www.narrativefood.com/admin/memberships.php?usertype=P 7 The key \"touch-action:\" is not recognized and ignored.">, #<Selenium::WebDriver::LogEntry:0x00007fcd5f920188 @level="WARNING", @timestamp=1619024310187, @message="https://www.narrativefood.com/admin/memberships.php?usertype=P 7 The key \"-ms-touch-action:\" is not recognized and ignored.">]
Drivers,1.0844521522521973,[]
Search for Drivers,1.714034080505371,[#<Selenium::WebDriver::LogEntry:0x00007fcd5d5e2ef0 @level="WARNING", @timestamp=1619024339207, @message="https://www.narrativefood.com/admin/users.php?mode=search&usertype=D&refresh=1 14 The key \"touch-action:\" is not recognized and ignored.">, #<Selenium::WebDriver::LogEntry:0x00007fcd5d5e2ec8 @level="WARNING", @timestamp=1619024339207, @message="https://www.narrativefood.com/admin/users.php?mode=search&usertype=D&refresh=1 14 The key \"-ms-touch-action:\" is not recognized and ignored.">, #<Selenium::WebDriver::LogEntry:0x00007fcd5d5e2e78 @level="WARNING", @timestamp=1619024339382, @message="https://www.narrativefood.com/admin/users.php?mode=search&usertype=D&refresh=1 - [DOM] Found 2 elements with non-unique id #frm-users-search: (More info: https://goo.gl/9p2vKq) %o %o">]
Create Driver Profile,1.7062950134277344,[#<Selenium::WebDriver::LogEntry:0x00007fcd5e09f140 @level="WARNING", @timestamp=1619024344039, @message="https://www.narrativefood.com/admin/user_add.php?usertype=D 7 The key \"touch-action:\" is not recognized and ignored.">, #<Selenium::WebDriver::LogEntry:0x00007fcd5e09f118 @level="WARNING", @timestamp=1619024344039, @message="https://www.narrativefood.com/admin/user_add.php?usertype=D 7 The key \"-ms-touch-action:\" is not recognized and ignored.">]
Edit/Create Membership Levels,1.5580320358276367,[#<Selenium::WebDriver::LogEntry:0x00007fcd5d630150 @level="WARNING", @timestamp=1619024348690, @message="https://www.narrativefood.com/admin/memberships.php?usertype=D 7 The key \"touch-action:\" is not recognized and ignored.">, #<Selenium::WebDriver::LogEntry:0x00007fcd5d630128 @level="WARNING", @timestamp=1619024348690, @message="https://www.narrativefood.com/admin/memberships.php?usertype=D 7 The key \"-ms-touch-action:\" is not recognized and ignored.">]
Suppliers,1.0724337100982666,[]
Search for Suppliers,2.0661959648132324,[#<Selenium::WebDriver::LogEntry:0x00007fcd5d66bbb0 @level="WARNING", @timestamp=1619024357748, @message="https://www.narrativefood.com/admin/users.php?mode=search&usertype=U&refresh=1 14 The key \"touch-action:\" is not recognized and ignored.">, #<Selenium::WebDriver::LogEntry:0x00007fcd5d66bb88 @level="WARNING", @timestamp=1619024357748, @message="https://www.narrativefood.com/admin/users.php?mode=search&usertype=U&refresh=1 14 The key \"-ms-touch-action:\" is not recognized and ignored.">, #<Selenium::WebDriver::LogEntry:0x00007fcd5d66bb60 @level="WARNING", @timestamp=1619024358027, @message="https://www.narrativefood.com/admin/users.php?mode=search&usertype=U&refresh=1 - [DOM] Found 2 elements with non-unique id #frm-users-search: (More info: https://goo.gl/9p2vKq) %o %o">]
Create Supplier Profile,21.521939992904663,[#<Selenium::WebDriver::LogEntry:0x00007fcd5d3b0880 @level="WARNING", @timestamp=1619024380601, @message="https://www.narrativefood.com/admin/user_add.php?usertype=U 7 The key \"touch-action:\" is not recognized and ignored.">, #<Selenium::WebDriver::LogEntry:0x00007fcd5d3b0830 @level="WARNING", @timestamp=1619024380601, @message="https://www.narrativefood.com/admin/user_add.php?usertype=U 7 The key \"-ms-touch-action:\" is not recognized and ignored.">]
Edit/Search Products,1.0433218479156494,[]
Add New Product,1.0446457862854004,[]
Import products,1.0416312217712402,[]
Export products,1.0421099662780762,[]
Product Categories,1.0466768741607666,[]
Extra fields,1.0438461303710938,[]
Warehouse Locations,1.0442578792572021,[]
Change/Assign Routes,1.043410062789917,[]
Create/Edit Routes,1.0431742668151855,[]
GPS Import/Export,1.04172682762146,[]
Organize Route Stops,1.0496108531951904,[]
Manage KML File,1.7106420993804932,[#<Selenium::WebDriver::LogEntry:0x00007fcd5d63bbb8 @level="WARNING", @timestamp=1619024447852, @message="https://www.narrativefood.com/admin/router.php?r=kml#/kml 7 The key \"touch-action:\" is not recognized and ignored.">, #<Selenium::WebDriver::LogEntry:0x00007fcd5d63bb90 @level="WARNING", @timestamp=1619024447852, @message="https://www.narrativefood.com/admin/router.php?r=kml#/kml 7 The key \"-ms-touch-action:\" is not recognized and ignored.">]
Display Route/KML Issues,1.4092838764190674,[#<Selenium::WebDriver::LogEntry:0x00007fcd5e8f54c0 @level="WARNING", @timestamp=1619024452480, @message="https://www.narrativefood.com/admin/route_kml_issues.php 7 The key \"touch-action:\" is not recognized and ignored.">, #<Selenium::WebDriver::LogEntry:0x00007fcd5e8f5498 @level="WARNING", @timestamp=1619024452480, @message="https://www.narrativefood.com/admin/route_kml_issues.php 7 The key \"-ms-touch-action:\" is not recognized and ignored.">]
Organize Load Sheet,1.5613460540771484,[#<Selenium::WebDriver::LogEntry:0x00007fcd5d66b200 @level="WARNING", @timestamp=1619024456904, @message="https://www.narrativefood.com/admin/order_routes_products.php 7 The key \"touch-action:\" is not recognized and ignored.">, #<Selenium::WebDriver::LogEntry:0x00007fcd5d66b1d8 @level="WARNING", @timestamp=1619024456904, @message="https://www.narrativefood.com/admin/order_routes_products.php 7 The key \"-ms-touch-action:\" is not recognized and ignored.">]
Print Route Sheets,1.5888566970825195,[#<Selenium::WebDriver::LogEntry:0x00007fcd5d8bb488 @level="WARNING", @timestamp=1619024462650, @message="https://www.narrativefood.com/admin/driving_dir.php 7 The key \"touch-action:\" is not recognized and ignored.">, #<Selenium::WebDriver::LogEntry:0x00007fcd5d8bb280 @level="WARNING", @timestamp=1619024462650, @message="https://www.narrativefood.com/admin/driving_dir.php 7 The key \"-ms-touch-action:\" is not recognized and ignored.">, #<Selenium::WebDriver::LogEntry:0x00007fcd5d8baf38 @level="WARNING", @timestamp=1619024462869, @message="https://www.narrativefood.com/admin/driving_dir.php - [DOM] Found 2 elements with non-unique id #custom-range-input-multiple: (More info: https://goo.gl/9p2vKq) %o %o">, #<Selenium::WebDriver::LogEntry:0x00007fcd5d8badf8 @level="WARNING", @timestamp=1619024462870, @message="https://www.narrativefood.com/admin/driving_dir.php - [DOM] Found 2 elements with non-unique id #mult-route-id: (More info: https://goo.gl/9p2vKq) %o %o">]
Print Route Sheets - Export to Excel,1.5331709384918213,[#<Selenium::WebDriver::LogEntry:0x00007fcd5d960780 @level="WARNING", @timestamp=1619024464217, @message="https://www.narrativefood.com/admin/driving_dir.php 7 The key \"touch-action:\" is not recognized and ignored.">, #<Selenium::WebDriver::LogEntry:0x00007fcd5d960758 @level="WARNING", @timestamp=1619024464217, @message="https://www.narrativefood.com/admin/driving_dir.php 7 The key \"-ms-touch-action:\" is not recognized and ignored.">, #<Selenium::WebDriver::LogEntry:0x00007fcd5d960730 @level="WARNING", @timestamp=1619024464404, @message="https://www.narrativefood.com/admin/driving_dir.php - [DOM] Found 2 elements with non-unique id #custom-range-input-multiple: (More info: https://goo.gl/9p2vKq) %o %o">, #<Selenium::WebDriver::LogEntry:0x00007fcd5d960708 @level="WARNING", @timestamp=1619024464404, @message="https://www.narrativefood.com/admin/driving_dir.php - [DOM] Found 2 elements with non-unique id #mult-route-id: (More info: https://goo.gl/9p2vKq) %o %o">]
Print Bag Labels,1.535473346710205,[#<Selenium::WebDriver::LogEntry:0x00007fcd5e085830 @level="WARNING", @timestamp=1619024466743, @message="https://www.narrativefood.com/admin/driving_dir.php?bag_label=1 7 The key \"touch-action:\" is not recognized and ignored.">, #<Selenium::WebDriver::LogEntry:0x00007fcd5e0856c8 @level="WARNING", @timestamp=1619024466743, @message="https://www.narrativefood.com/admin/driving_dir.php?bag_label=1 7 The key \"-ms-touch-action:\" is not recognized and ignored.">, #<Selenium::WebDriver::LogEntry:0x00007fcd5e085650 @level="WARNING", @timestamp=1619024466940, @message="https://www.narrativefood.com/admin/driving_dir.php?bag_label=1 - [DOM] Found 2 elements with non-unique id #custom-range-input-multiple: (More info: https://goo.gl/9p2vKq) %o %o">, #<Selenium::WebDriver::LogEntry:0x00007fcd5e085538 @level="WARNING", @timestamp=1619024466940, @message="https://www.narrativefood.com/admin/driving_dir.php?bag_label=1 - [DOM] Found 2 elements with non-unique id #mult-route-id: (More info: https://goo.gl/9p2vKq) %o %o">]
Print Bag Labels - Export to Excel,1.0589172840118408,[]
Show Invalid Addresses,1.0430967807769775,[]
Show Invalid Addresses - Export to Excel,1.043039321899414,[]
Billing,1.0443272590637207,[]
Billing - Export to Excel,1.0468361377716064,[]
Electronic Billing,2.045867919921875,[#<Selenium::WebDriver::LogEntry:0x00007fcd5f95a810 @level="WARNING", @timestamp=1619024516862, @message="https://www.narrativefood.com/admin/billing.php 7 The key \"touch-action:\" is not recognized and ignored.">, #<Selenium::WebDriver::LogEntry:0x00007fcd5f95a7e8 @level="WARNING", @timestamp=1619024516863, @message="https://www.narrativefood.com/admin/billing.php 7 The key \"-ms-touch-action:\" is not recognized and ignored.">]
Mass Update Payments,1.9014520645141602,[#<Selenium::WebDriver::LogEntry:0x00007fcd4d07c5e8 @level="WARNING", @timestamp=1619024522116, @message="https://www.narrativefood.com/admin/mass_update_payments.php 7 The key \"touch-action:\" is not recognized and ignored.">, #<Selenium::WebDriver::LogEntry:0x00007fcd4d07c570 @level="WARNING", @timestamp=1619024522116, @message="https://www.narrativefood.com/admin/mass_update_payments.php 7 The key \"-ms-touch-action:\" is not recognized and ignored.">]
Mass Deposit Returns/Charges,1.5478739738464355,[#<Selenium::WebDriver::LogEntry:0x00007fcd5d5dbf10 @level="WARNING", @timestamp=1619024526870, @message="https://www.narrativefood.com/admin/bottle_deposits.php 7 The key \"touch-action:\" is not recognized and ignored.">, #<Selenium::WebDriver::LogEntry:0x00007fcd5d5dbee8 @level="WARNING", @timestamp=1619024526870, @message="https://www.narrativefood.com/admin/bottle_deposits.php 7 The key \"-ms-touch-action:\" is not recognized and ignored.">]
Global Invoice Notes,2.302318811416626,[#<Selenium::WebDriver::LogEntry:0x00007fcd5d61ad28 @level="WARNING", @timestamp=1619024531469, @message="https://www.narrativefood.com/admin/global_notes.php 7 The key \"touch-action:\" is not recognized and ignored.">, #<Selenium::WebDriver::LogEntry:0x00007fcd5d61ad00 @level="WARNING", @timestamp=1619024531469, @message="https://www.narrativefood.com/admin/global_notes.php 7 The key \"-ms-touch-action:\" is not recognized and ignored.">, #<Selenium::WebDriver::LogEntry:0x00007fcd5d61acd8 @level="SEVERE", @timestamp=1619024533338, @message="https://www.narrativefood.com/skin1/css/structure.css - Failed to load resource: the server responded with a status of 404 ()">]
View GC Purchase Log,1.5918350219726562,[#<Selenium::WebDriver::LogEntry:0x00007fcd5d1a52e8 @level="WARNING", @timestamp=1619024536826, @message="https://www.narrativefood.com/admin/giftcerts_purchase_log.php 7 The key \"touch-action:\" is not recognized and ignored.">, #<Selenium::WebDriver::LogEntry:0x00007fcd5d1a4a50 @level="WARNING", @timestamp=1619024536826, @message="https://www.narrativefood.com/admin/giftcerts_purchase_log.php 7 The key \"-ms-touch-action:\" is not recognized and ignored.">]
Sales Reporting,1.0566520690917969,[]
Top Customers,1.6653358936309814,[#<Selenium::WebDriver::LogEntry:0x00007fcd5d909e58 @level="WARNING", @timestamp=1619024545662, @message="https://www.narrativefood.com/admin/reports.php?report_type=top_customers 7 The key \"touch-action:\" is not recognized and ignored.">, #<Selenium::WebDriver::LogEntry:0x00007fcd5d909e08 @level="WARNING", @timestamp=1619024545662, @message="https://www.narrativefood.com/admin/reports.php?report_type=top_customers 7 The key \"-ms-touch-action:\" is not recognized and ignored.">]
Top Customers - Export to Excel,1.0740962028503418,[#<Selenium::WebDriver::LogEntry:0x00007fcd5e881c78 @level="WARNING", @timestamp=1619024547892, @message="https://www.narrativefood.com/admin/reports.php?report_type=top_customers - [DOM] Found 2 elements with non-unique id #action_value: (More info: https://goo.gl/9p2vKq) %o %o">]
Countdown Sales Report,1.763780117034912,[#<Selenium::WebDriver::LogEntry:0x00007fcd5d9f3238 @level="WARNING", @timestamp=1619024549355, @message="https://www.narrativefood.com/admin/reports.php?report_type=countdown 7 The key \"touch-action:\" is not recognized and ignored.">, #<Selenium::WebDriver::LogEntry:0x00007fcd5d9f3210 @level="WARNING", @timestamp=1619024549355, @message="https://www.narrativefood.com/admin/reports.php?report_type=countdown 7 The key \"-ms-touch-action:\" is not recognized and ignored.">]
Countdown Sales Report - Export to Excel,2.0041191577911377,[]
Cross-Selling Report,1.6449689865112305,[#<Selenium::WebDriver::LogEntry:0x00007fcd5d5a0640 @level="WARNING", @timestamp=1619024554202, @message="https://www.narrativefood.com/admin/reports.php?report_type=cross_selling 7 The key \"touch-action:\" is not recognized and ignored.">, #<Selenium::WebDriver::LogEntry:0x00007fcd5d5a0618 @level="WARNING", @timestamp=1619024554202, @message="https://www.narrativefood.com/admin/reports.php?report_type=cross_selling 7 The key \"-ms-touch-action:\" is not recognized and ignored.">]
Cross-Selling Report - Export to Excel,1.1225311756134033,[#<Selenium::WebDriver::LogEntry:0x00007fcd5f940168 @level="WARNING", @timestamp=1619024556431, @message="https://www.narrativefood.com/admin/reports.php?report_type=cross_selling - [DOM] Found 2 elements with non-unique id #action_value: (More info: https://goo.gl/9p2vKq) %o %o">]
Discount Coupon Report,1.5768790245056152,[#<Selenium::WebDriver::LogEntry:0x00007fcd5f983f08 @level="WARNING", @timestamp=1619024557941, @message="https://www.narrativefood.com/admin/reports.php?report_type=discount_coupon 7 The key \"touch-action:\" is not recognized and ignored.">, #<Selenium::WebDriver::LogEntry:0x00007fcd5f983e90 @level="WARNING", @timestamp=1619024557942, @message="https://www.narrativefood.com/admin/reports.php?report_type=discount_coupon 7 The key \"-ms-touch-action:\" is not recognized and ignored.">]
Discount Coupon Report - Export to Excel,1.0960428714752197,[]
Manage Cross-Selling,1.5039551258087158,[#<Selenium::WebDriver::LogEntry:0x00007fcd5d601c88 @level="WARNING", @timestamp=1619024561601, @message="https://www.narrativefood.com/admin/reports.php?report_type=upselling 7 The key \"touch-action:\" is not recognized and ignored.">, #<Selenium::WebDriver::LogEntry:0x00007fcd5d601c60 @level="WARNING", @timestamp=1619024561601, @message="https://www.narrativefood.com/admin/reports.php?report_type=upselling 7 The key \"-ms-touch-action:\" is not recognized and ignored.">]
Manage Cross-Selling - Export to Excel,1.0714190006256104,[]
Ordered Products Reports,2.4485225677490234,[#<Selenium::WebDriver::LogEntry:0x00007fcd4d0ee8f0 @level="WARNING", @timestamp=1619024565874, @message="https://www.narrativefood.com/admin/reports.php?report_type=product 7 The key \"touch-action:\" is not recognized and ignored.">, #<Selenium::WebDriver::LogEntry:0x00007fcd4d0ee8c8 @level="WARNING", @timestamp=1619024565874, @message="https://www.narrativefood.com/admin/reports.php?report_type=product 7 The key \"-ms-touch-action:\" is not recognized and ignored.">]
Sales Reporting,1.0558750629425049,[#<Selenium::WebDriver::LogEntry:0x00007fb8ef0c4108 @level="WARNING", @timestamp=1619024703281, @message="https://www.narrativefood.com/admin/login 7 The key \"touch-action:\" is not recognized and ignored.">, #<Selenium::WebDriver::LogEntry:0x00007fb8ef0c40e0 @level="WARNING", @timestamp=1619024703281, @message="https://www.narrativefood.com/admin/login 7 The key \"-ms-touch-action:\" is not recognized and ignored.">, #<Selenium::WebDriver::LogEntry:0x00007fb8ef0c40b8 @level="WARNING", @timestamp=1619024711128, @message="https://www.narrativefood.com/admin/home.php 7 The key \"touch-action:\" is not recognized and ignored.">, #<Selenium::WebDriver::LogEntry:0x00007fb8ef0c4090 @level="WARNING", @timestamp=1619024711128, @message="https://www.narrativefood.com/admin/home.php 7 The key \"-ms-touch-action:\" is not recognized and ignored.">]
Overall Sales,2.251303195953369,[#<Selenium::WebDriver::LogEntry:0x00007fb8bbb72bd8 @level="WARNING", @timestamp=1619024717931, @message="https://www.narrativefood.com/admin/reports.php?report_type=over_sales 7 The key \"touch-action:\" is not recognized and ignored.">, #<Selenium::WebDriver::LogEntry:0x00007fb8bbb72bb0 @level="WARNING", @timestamp=1619024717931, @message="https://www.narrativefood.com/admin/reports.php?report_type=over_sales 7 The key \"-ms-touch-action:\" is not recognized and ignored.">]
Overall Sales - Export to Excel,1.5757017135620117,[]
Sales By Route,2.2750332355499268,[#<Selenium::WebDriver::LogEntry:0x00007fb8eb8dc060 @level="WARNING", @timestamp=1619024722846, @message="https://www.narrativefood.com/admin/reports.php?report_type=sales_by_route 7 The key \"touch-action:\" is not recognized and ignored.">, #<Selenium::WebDriver::LogEntry:0x00007fb8eb8dc038 @level="WARNING", @timestamp=1619024722846, @message="https://www.narrativefood.com/admin/reports.php?report_type=sales_by_route 7 The key \"-ms-touch-action:\" is not recognized and ignored.">]
Sales By Route - Export to Excel,1.9022958278656006,[]
Financials Reporting,1.0729169845581055,[]
Average Order Report,1.61344313621521,[#<Selenium::WebDriver::LogEntry:0x00007fb8cbb2fe90 @level="WARNING", @timestamp=1619024729807, @message="https://www.narrativefood.com/admin/reports.php?report_type=average_order 7 The key \"touch-action:\" is not recognized and ignored.">, #<Selenium::WebDriver::LogEntry:0x00007fb8cbb2fe68 @level="WARNING", @timestamp=1619024729807, @message="https://www.narrativefood.com/admin/reports.php?report_type=average_order 7 The key \"-ms-touch-action:\" is not recognized and ignored.">]
Average Order Report - Export to Excel,1.0880999565124512,[#<Selenium::WebDriver::LogEntry:0x00007fb8ef083540 @level="WARNING", @timestamp=1619024732060, @message="https://www.narrativefood.com/admin/reports.php?report_type=average_order - [DOM] Found 2 elements with non-unique id #action_value: (More info: https://goo.gl/9p2vKq) %o %o">]
Credits Report,1.6011650562286377,[#<Selenium::WebDriver::LogEntry:0x00007fb8eb9de198 @level="WARNING", @timestamp=1619024733510, @message="https://www.narrativefood.com/admin/reports.php?report_type=credits 7 The key \"touch-action:\" is not recognized and ignored.">, #<Selenium::WebDriver::LogEntry:0x00007fb8eb9de170 @level="WARNING", @timestamp=1619024733510, @message="https://www.narrativefood.com/admin/reports.php?report_type=credits 7 The key \"-ms-touch-action:\" is not recognized and ignored.">]
Credits Report - Export to Excel,1.071315050125122,[]
Effective Margin Report,5.128087759017944,[#<Selenium::WebDriver::LogEntry:0x00007fb8cbc03dd0 @level="WARNING", @timestamp=1619024736760, @message="https://www.narrativefood.com/admin/reports.php?report_type=credits - [DOM] Found 2 elements with non-unique id #action_value: (More info: https://goo.gl/9p2vKq) %o %o">, #<Selenium::WebDriver::LogEntry:0x00007fb8cbc03da8 @level="WARNING", @timestamp=1619024740742, @message="https://www.narrativefood.com/admin/reports.php?report_type=effective_margin 7 The key \"touch-action:\" is not recognized and ignored.">, #<Selenium::WebDriver::LogEntry:0x00007fb8cbc03d80 @level="WARNING", @timestamp=1619024740742, @message="https://www.narrativefood.com/admin/reports.php?report_type=effective_margin 7 The key \"-ms-touch-action:\" is not recognized and ignored.">]
Effective Margin Report - Export to Excel,1.0592889785766602,[]
Financials Export,8.831032752990723,[#<Selenium::WebDriver::LogEntry:0x00007fb8db8fdbd0 @level="WARNING", @timestamp=1619024751610, @message="https://www.narrativefood.com/admin/reports.php?report_type=financials 7 The key \"touch-action:\" is not recognized and ignored.">, #<Selenium::WebDriver::LogEntry:0x00007fb8db8fdb80 @level="WARNING", @timestamp=1619024751610, @message="https://www.narrativefood.com/admin/reports.php?report_type=financials 7 The key \"-ms-touch-action:\" is not recognized and ignored.">]
Financials Export - Export to Excel,1.3625929355621338,[]
No Payment Customers,6.100144863128662,[#<Selenium::WebDriver::LogEntry:0x00007fb8db91e998 @level="WARNING", @timestamp=1619024759944, @message="https://www.narrativefood.com/admin/reports.php?report_type=not_paid 7 The key \"touch-action:\" is not recognized and ignored.">, #<Selenium::WebDriver::LogEntry:0x00007fb8db91e970 @level="WARNING", @timestamp=1619024759944, @message="https://www.narrativefood.com/admin/reports.php?report_type=not_paid 7 The key \"-ms-touch-action:\" is not recognized and ignored.">]
No Payment Customers - Export to Excel,6.218555927276611,[]
Past Due Customers,1.6512558460235596,[#<Selenium::WebDriver::LogEntry:0x00007fb8eb9f6108 @level="WARNING", @timestamp=1619024768980, @message="https://www.narrativefood.com/admin/reports.php?report_type=due 7 The key \"touch-action:\" is not recognized and ignored.">, #<Selenium::WebDriver::LogEntry:0x00007fb8eb9f60e0 @level="WARNING", @timestamp=1619024768980, @message="https://www.narrativefood.com/admin/reports.php?report_type=due 7 The key \"-ms-touch-action:\" is not recognized and ignored.">]
Past Due Customers - Export to Excel,1.8364100456237793,[]
Payments On Review,1.6910417079925537,[#<Selenium::WebDriver::LogEntry:0x00007fb8bbb467b8 @level="WARNING", @timestamp=1619024773428, @message="https://www.narrativefood.com/admin/reports.php?report_type=review_payments 7 The key \"touch-action:\" is not recognized and ignored.">, #<Selenium::WebDriver::LogEntry:0x00007fb8bbb46790 @level="WARNING", @timestamp=1619024773428, @message="https://www.narrativefood.com/admin/reports.php?report_type=review_payments 7 The key \"-ms-touch-action:\" is not recognized and ignored.">, #<Selenium::WebDriver::LogEntry:0x00007fb8bbb46768 @level="SEVERE", @timestamp=1619024773644, @message="https://www.narrativefood.com/admin/skin1/admin/admin-modal.css - Failed to load resource: the server responded with a status of 404 ()">]
Payments On Review - Export to Excel,1.9256341457366943,[]
Payments Posted Report,1.6178889274597168,[#<Selenium::WebDriver::LogEntry:0x00007fb8db9ab168 @level="WARNING", @timestamp=1619024778088, @message="https://www.narrativefood.com/admin/reports.php?report_type=checks_posted 7 The key \"touch-action:\" is not recognized and ignored.">, #<Selenium::WebDriver::LogEntry:0x00007fb8db9ab140 @level="WARNING", @timestamp=1619024778088, @message="https://www.narrativefood.com/admin/reports.php?report_type=checks_posted 7 The key \"-ms-touch-action:\" is not recognized and ignored.">]
Payments Posted Report - Export to Excel,1.8111920356750488,[]
Profit Report,1.966399908065796,[#<Selenium::WebDriver::LogEntry:0x00007fb8cba6b928 @level="WARNING", @timestamp=1619024782487, @message="https://www.narrativefood.com/admin/reports.php?report_type=profit 7 The key \"touch-action:\" is not recognized and ignored.">, #<Selenium::WebDriver::LogEntry:0x00007fb8cba6b8d8 @level="WARNING", @timestamp=1619024782487, @message="https://www.narrativefood.com/admin/reports.php?report_type=profit 7 The key \"-ms-touch-action:\" is not recognized and ignored.">]
Profit Report - Export to Excel,1.4382479190826416,[]
Recent Payments Report,1.5664260387420654,[#<Selenium::WebDriver::LogEntry:0x00007fb8cbb37780 @level="WARNING", @timestamp=1619024786941, @message="https://www.narrativefood.com/admin/reports.php?report_type=delivery_payment 7 The key \"touch-action:\" is not recognized and ignored.">, #<Selenium::WebDriver::LogEntry:0x00007fb8cbb37758 @level="WARNING", @timestamp=1619024786941, @message="https://www.narrativefood.com/admin/reports.php?report_type=delivery_payment 7 The key \"-ms-touch-action:\" is not recognized and ignored.">]
Recent Payments Report - Export to Excel,1.06532621383667,[]
Show Currently Owed,4.8407440185546875,[#<Selenium::WebDriver::LogEntry:0x00007fb8cbb696e0 @level="WARNING", @timestamp=1619024793574, @message="https://www.narrativefood.com/admin/reports.php?report_type=owed 7 The key \"touch-action:\" is not recognized and ignored.">, #<Selenium::WebDriver::LogEntry:0x00007fb8cbb696b8 @level="WARNING", @timestamp=1619024793574, @message="https://www.narrativefood.com/admin/reports.php?report_type=owed 7 The key \"-ms-touch-action:\" is not recognized and ignored.">]
Show Currently Owed - Export to Excel,4.049947023391724,[]
Taxes Report,1.6153838634490967,[#<Selenium::WebDriver::LogEntry:0x00007fb8cbc0ba80 @level="WARNING", @timestamp=1619024800492, @message="https://www.narrativefood.com/admin/reports.php?report_type=taxes 7 The key \"touch-action:\" is not recognized and ignored.">, #<Selenium::WebDriver::LogEntry:0x00007fb8cbc0ba58 @level="WARNING", @timestamp=1619024800492, @message="https://www.narrativefood.com/admin/reports.php?report_type=taxes 7 The key \"-ms-touch-action:\" is not recognized and ignored.">]
Taxes Report - Export to Excel,1.253957748413086,[]
Product Reporting,1.055548906326294,[]
Bagged Items Report,2.048748016357422,[#<Selenium::WebDriver::LogEntry:0x00007fb8db90cc48 @level="WARNING", @timestamp=1619024806566, @message="https://www.narrativefood.com/admin/reports.php?report_type=bagged_items 7 The key \"touch-action:\" is not recognized and ignored.">, #<Selenium::WebDriver::LogEntry:0x00007fb8db90cc20 @level="WARNING", @timestamp=1619024806566, @message="https://www.narrativefood.com/admin/reports.php?report_type=bagged_items 7 The key \"-ms-touch-action:\" is not recognized and ignored.">]
Bagged Items Report - Export to Excel,6.815072059631348,[]
Customized Products,1.7807397842407227,[#<Selenium::WebDriver::LogEntry:0x00007fb8bbb07658 @level="WARNING", @timestamp=1619024816345, @message="https://www.narrativefood.com/admin/reports.php?report_type=customized_products 7 The key \"touch-action:\" is not recognized and ignored.">, #<Selenium::WebDriver::LogEntry:0x00007fb8bbb07630 @level="WARNING", @timestamp=1619024816345, @message="https://www.narrativefood.com/admin/reports.php?report_type=customized_products 7 The key \"-ms-touch-action:\" is not recognized and ignored.">, #<Selenium::WebDriver::LogEntry:0x00007fb8bbb07608 @level="SEVERE", @timestamp=1619024816567, @message="https://www.narrativefood.com/admin/skin1/admin/admin-modal.css - Failed to load resource: the server responded with a status of 404 ()">]
Customized Products - Export to Excel,1.2876999378204346,[]
Forecast,1.9324252605438232,[#<Selenium::WebDriver::LogEntry:0x00007fb8bbb31930 @level="WARNING", @timestamp=1619024842593, @message="https://www.narrativefood.com/admin/reports.php?report_type=forecast 7 The key \"touch-action:\" is not recognized and ignored.">, #<Selenium::WebDriver::LogEntry:0x00007fb8bbb31908 @level="WARNING", @timestamp=1619024842593, @message="https://www.narrativefood.com/admin/reports.php?report_type=forecast 7 The key \"-ms-touch-action:\" is not recognized and ignored.">]
Inventory,7.471368789672852,[#<Selenium::WebDriver::LogEntry:0x00007fb8db960618 @level="WARNING", @timestamp=1619024852414, @message="https://www.narrativefood.com/admin/reports.php?report_type=inventory&hide_disabled_inventory=Y 7 The key \"touch-action:\" is not recognized and ignored.">, #<Selenium::WebDriver::LogEntry:0x00007fb8db9605f0 @level="WARNING", @timestamp=1619024852414, @message="https://www.narrativefood.com/admin/reports.php?report_type=inventory&hide_disabled_inventory=Y 7 The key \"-ms-touch-action:\" is not recognized and ignored.">]
Inventory - Export to Excel,6.064795017242432,[]
Product Reporting,1.0769259929656982,[]
Load Sheet Report,1.6229329109191895,[#<Selenium::WebDriver::LogEntry:0x00007fb8cbc59668 @level="WARNING", @timestamp=1619024864025, @message="https://www.narrativefood.com/admin/reports.php?report_type=load_sheet 7 The key \"touch-action:\" is not recognized and ignored.">, #<Selenium::WebDriver::LogEntry:0x00007fb8cbc59640 @level="WARNING", @timestamp=1619024864025, @message="https://www.narrativefood.com/admin/reports.php?report_type=load_sheet 7 The key \"-ms-touch-action:\" is not recognized and ignored.">]
Load Sheet Report - Export to Excel,1.5499236583709717,[]
Out Of Stock Report,1.75624418258667,[#<Selenium::WebDriver::LogEntry:0x00007fb8cbacc778 @level="WARNING", @timestamp=1619024868264, @message="https://www.narrativefood.com/admin/reports.php?report_type=out_of_stock 7 The key \"touch-action:\" is not recognized and ignored.">, #<Selenium::WebDriver::LogEntry:0x00007fb8cbacc728 @level="WARNING", @timestamp=1619024868265, @message="https://www.narrativefood.com/admin/reports.php?report_type=out_of_stock 7 The key \"-ms-touch-action:\" is not recognized and ignored.">, #<Selenium::WebDriver::LogEntry:0x00007fb8cbacc520 @level="SEVERE", @timestamp=1619024868505, @message="https://www.narrativefood.com/admin/skin1/admin/admin-modal.css - Failed to load resource: the server responded with a status of 404 ()">]
Out Of Stock Report - Export to Excel,1.0689468383789062,[]
Customer Reporting,1.0553398132324219,[]
Customer Count Report,1.6147370338439941,[#<Selenium::WebDriver::LogEntry:0x00007fb8db8dc098 @level="WARNING", @timestamp=1619024918276, @message="https://www.narrativefood.com/admin/reports.php?report_type=customer_count 7 The key \"touch-action:\" is not recognized and ignored.">, #<Selenium::WebDriver::LogEntry:0x00007fb8db8dc070 @level="WARNING", @timestamp=1619024918276, @message="https://www.narrativefood.com/admin/reports.php?report_type=customer_count 7 The key \"-ms-touch-action:\" is not recognized and ignored.">]
Customer Count Report - Export to Excel,2.5476160049438477,[#<Selenium::WebDriver::LogEntry:0x00007fb8cbba1518 @level="WARNING", @timestamp=1619024920578, @message="https://www.narrativefood.com/admin/reports.php?report_type=customer_count - [DOM] Found 2 elements with non-unique id #action_value: (More info: https://goo.gl/9p2vKq) %o %o">]
Customer Orders Count,1.6404597759246826,[#<Selenium::WebDriver::LogEntry:0x00007fb8cbbca198 @level="WARNING", @timestamp=1619024923484, @message="https://www.narrativefood.com/admin/reports.php?report_type=customer_orders 7 The key \"touch-action:\" is not recognized and ignored.">, #<Selenium::WebDriver::LogEntry:0x00007fb8cbbca170 @level="WARNING", @timestamp=1619024923484, @message="https://www.narrativefood.com/admin/reports.php?report_type=customer_orders 7 The key \"-ms-touch-action:\" is not recognized and ignored.">]
Customer Orders Count - Export to Excel,1.0757088661193848,[]
Deposit Report,1.6413848400115967,[#<Selenium::WebDriver::LogEntry:0x00007fb8bba69ed0 @level="WARNING", @timestamp=1619024927234, @message="https://www.narrativefood.com/admin/reports.php?report_type=bottle_deposit 7 The key \"touch-action:\" is not recognized and ignored.">, #<Selenium::WebDriver::LogEntry:0x00007fb8bba69ea8 @level="WARNING", @timestamp=1619024927234, @message="https://www.narrativefood.com/admin/reports.php?report_type=bottle_deposit 7 The key \"-ms-touch-action:\" is not recognized and ignored.">]
Deposit Report - Export to Excel,1.4792568683624268,[]
Followup Report,1.7059099674224854,[#<Selenium::WebDriver::LogEntry:0x00007fb8bbab21f8 @level="WARNING", @timestamp=1619024931310, @message="https://www.narrativefood.com/admin/reports.php?report_type=followup 7 The key \"touch-action:\" is not recognized and ignored.">, #<Selenium::WebDriver::LogEntry:0x00007fb8bbab21d0 @level="WARNING", @timestamp=1619024931311, @message="https://www.narrativefood.com/admin/reports.php?report_type=followup 7 The key \"-ms-touch-action:\" is not recognized and ignored.">]
Followup Report - Export to Excel,2.181532859802246,[#<Selenium::WebDriver::LogEntry:0x00007fb8bbb056f0 @level="WARNING", @timestamp=1619024933694, @message="https://www.narrativefood.com/admin/reports.php?report_type=followup - [DOM] Found 2 elements with non-unique id #action_value: (More info: https://goo.gl/9p2vKq) %o %o">]
Friend Referral Report,1.5961239337921143,[#<Selenium::WebDriver::LogEntry:0x00007fb8eb9e4fe8 @level="WARNING", @timestamp=1619024936245, @message="https://www.narrativefood.com/admin/reports.php?report_type=refer_friend 7 The key \"touch-action:\" is not recognized and ignored.">, #<Selenium::WebDriver::LogEntry:0x00007fb8eb9e4fc0 @level="WARNING", @timestamp=1619024936245, @message="https://www.narrativefood.com/admin/reports.php?report_type=refer_friend 7 The key \"-ms-touch-action:\" is not recognized and ignored.">]
Friend Referral Report - Export to Excel,1.2611730098724365,[]
Minimum Order Report,1.5470468997955322,[#<Selenium::WebDriver::LogEntry:0x00007fb8cbc39ae8 @level="WARNING", @timestamp=1619024940096, @message="https://www.narrativefood.com/admin/reports.php?report_type=min_order_report 7 The key \"touch-action:\" is not recognized and ignored.">, #<Selenium::WebDriver::LogEntry:0x00007fb8cbc39ac0 @level="WARNING", @timestamp=1619024940096, @message="https://www.narrativefood.com/admin/reports.php?report_type=min_order_report 7 The key \"-ms-touch-action:\" is not recognized and ignored.">]
Minimum Order Report - Export to Excel,1.0664451122283936,[]
Negative Balances,4.636036157608032,[#<Selenium::WebDriver::LogEntry:0x00007fb8bbb6a1e0 @level="WARNING", @timestamp=1619024946781, @message="https://www.narrativefood.com/admin/reports.php?report_type=balance 7 The key \"touch-action:\" is not recognized and ignored.">, #<Selenium::WebDriver::LogEntry:0x00007fb8bbb6a1b8 @level="WARNING", @timestamp=1619024946781, @message="https://www.narrativefood.com/admin/reports.php?report_type=balance 7 The key \"-ms-touch-action:\" is not recognized and ignored.">]
New Customers,1.6859078407287598,[#<Selenium::WebDriver::LogEntry:0x00007fb8db99e5a8 @level="WARNING", @timestamp=1619024949449, @message="https://www.narrativefood.com/admin/reports.php?report_type=new 7 The key \"touch-action:\" is not recognized and ignored.">, #<Selenium::WebDriver::LogEntry:0x00007fb8db99e580 @level="WARNING", @timestamp=1619024949450, @message="https://www.narrativefood.com/admin/reports.php?report_type=new 7 The key \"-ms-touch-action:\" is not recognized and ignored.">]
No Order Customers Report,1.6334190368652344,[#<Selenium::WebDriver::LogEntry:0x00007fb8db9b5258 @level="WARNING", @timestamp=1619024954136, @message="https://www.narrativefood.com/admin/reports.php?report_type=no_orders 7 The key \"touch-action:\" is not recognized and ignored.">, #<Selenium::WebDriver::LogEntry:0x00007fb8db9b5230 @level="WARNING", @timestamp=1619024954136, @message="https://www.narrativefood.com/admin/reports.php?report_type=no_orders 7 The key \"-ms-touch-action:\" is not recognized and ignored.">]
No Order Customers Report - Export to Excel,3.9978580474853516,[#<Selenium::WebDriver::LogEntry:0x00007fb8cbaac428 @level="WARNING", @timestamp=1619024956610, @message="https://www.narrativefood.com/admin/reports.php?report_type=no_orders - [DOM] Found 2 elements with non-unique id #action_value: (More info: https://goo.gl/9p2vKq) %o %o">]
No Payment Customers,5.734720945358276,[#<Selenium::WebDriver::LogEntry:0x00007fb8bb9cef20 @level="WARNING", @timestamp=1619024964876, @message="https://www.narrativefood.com/admin/reports.php?report_type=not_paid 7 The key \"touch-action:\" is not recognized and ignored.">, #<Selenium::WebDriver::LogEntry:0x00007fb8bb9ceef8 @level="WARNING", @timestamp=1619024964876, @message="https://www.narrativefood.com/admin/reports.php?report_type=not_paid 7 The key \"-ms-touch-action:\" is not recognized and ignored.">]
No Payment Customers - Export to Excel,5.579969167709351,[]
Customer Reporting,1.062040090560913,[]
On Hold Report,1.7153778076171875,[#<Selenium::WebDriver::LogEntry:0x00007fb8ef081380 @level="WARNING", @timestamp=1619024975275, @message="https://www.narrativefood.com/admin/reports.php?report_type=on_hold 7 The key \"touch-action:\" is not recognized and ignored.">, #<Selenium::WebDriver::LogEntry:0x00007fb8ef081358 @level="WARNING", @timestamp=1619024975275, @message="https://www.narrativefood.com/admin/reports.php?report_type=on_hold 7 The key \"-ms-touch-action:\" is not recognized and ignored.">]
On Hold Report - Export to Excel,1.3132960796356201,[]
Past Due Customers,1.5827610492706299,[#<Selenium::WebDriver::LogEntry:0x00007fb8cbbd0728 @level="WARNING", @timestamp=1619024979236, @message="https://www.narrativefood.com/admin/reports.php?report_type=due 7 The key \"touch-action:\" is not recognized and ignored.">, #<Selenium::WebDriver::LogEntry:0x00007fb8cbbd0700 @level="WARNING", @timestamp=1619024979236, @message="https://www.narrativefood.com/admin/reports.php?report_type=due 7 The key \"-ms-touch-action:\" is not recognized and ignored.">]
Past Due Customers - Export to Excel,1.8157050609588623,[]
Customer Reporting,1.05538010597229,[]
Recurring Order Report,1.5817830562591553,[#<Selenium::WebDriver::LogEntry:0x00007fb8ec216c20 @level="WARNING", @timestamp=1619024985707, @message="https://www.narrativefood.com/admin/reports.php?report_type=recurring_orders 7 The key \"touch-action:\" is not recognized and ignored.">, #<Selenium::WebDriver::LogEntry:0x00007fb8ec216bf8 @level="WARNING", @timestamp=1619024985707, @message="https://www.narrativefood.com/admin/reports.php?report_type=recurring_orders 7 The key \"-ms-touch-action:\" is not recognized and ignored.">]
Recurring Order Report - Export to Excel,1.5212838649749756,[]
Retention Report,1.6047241687774658,[#<Selenium::WebDriver::LogEntry:0x00007fb8db91cf08 @level="WARNING", @timestamp=1619024989846, @message="https://www.narrativefood.com/admin/reports.php?report_type=customer_retention 7 The key \"touch-action:\" is not recognized and ignored.">, #<Selenium::WebDriver::LogEntry:0x00007fb8db91cee0 @level="WARNING", @timestamp=1619024989846, @message="https://www.narrativefood.com/admin/reports.php?report_type=customer_retention 7 The key \"-ms-touch-action:\" is not recognized and ignored.">]
Show Inactive Customers,1.6694700717926025,[#<Selenium::WebDriver::LogEntry:0x00007fb8bbb16e00 @level="WARNING", @timestamp=1619024994604, @message="https://www.narrativefood.com/admin/reports.php?report_type=inactive_customers 7 The key \"touch-action:\" is not recognized and ignored.">, #<Selenium::WebDriver::LogEntry:0x00007fb8bbb16dd8 @level="WARNING", @timestamp=1619024994604, @message="https://www.narrativefood.com/admin/reports.php?report_type=inactive_customers 7 The key \"-ms-touch-action:\" is not recognized and ignored.">]
Show Inactive Customers - Export to Excel,1.8202369213104248,[]
Top Customers,1.5407350063323975,[#<Selenium::WebDriver::LogEntry:0x00007fb8cbc333f0 @level="WARNING", @timestamp=1619024998980, @message="https://www.narrativefood.com/admin/reports.php?report_type=top_customers 7 The key \"touch-action:\" is not recognized and ignored.">, #<Selenium::WebDriver::LogEntry:0x00007fb8cbc333c8 @level="WARNING", @timestamp=1619024998980, @message="https://www.narrativefood.com/admin/reports.php?report_type=top_customers 7 The key \"-ms-touch-action:\" is not recognized and ignored.">]
Top Customers - Export to Excel,1.0760219097137451,[#<Selenium::WebDriver::LogEntry:0x00007fb8ef0bf248 @level="WARNING", @timestamp=1619025001190, @message="https://www.narrativefood.com/admin/reports.php?report_type=top_customers - [DOM] Found 2 elements with non-unique id #action_value: (More info: https://goo.gl/9p2vKq) %o %o">]
Vacation Report,1.5473790168762207,[#<Selenium::WebDriver::LogEntry:0x00007fb8bbaab038 @level="WARNING", @timestamp=1619025039363, @message="https://www.narrativefood.com/admin/reports.php?report_type=vacation 7 The key \"touch-action:\" is not recognized and ignored.">, #<Selenium::WebDriver::LogEntry:0x00007fb8bbaab010 @level="WARNING", @timestamp=1619025039363, @message="https://www.narrativefood.com/admin/reports.php?report_type=vacation 7 The key \"-ms-touch-action:\" is not recognized and ignored.">]
Vacation Report - Export to Excel,1.0774328708648682,[#<Selenium::WebDriver::LogEntry:0x00007fb8bbafea80 @level="WARNING", @timestamp=1619025041595, @message="https://www.narrativefood.com/admin/reports.php?report_type=vacation - [DOM] Found 2 elements with non-unique id #action_value: (More info: https://goo.gl/9p2vKq) %o %o">]
Misc. Reporting,1.0652601718902588,[]
Contact Us Report,1.8376810550689697,[#<Selenium::WebDriver::LogEntry:0x00007fb8cbc28e00 @level="WARNING", @timestamp=1619025067308, @message="https://www.narrativefood.com/admin/reports.php?report_type=contact_us 7 The key \"touch-action:\" is not recognized and ignored.">, #<Selenium::WebDriver::LogEntry:0x00007fb8cbc28dd8 @level="WARNING", @timestamp=1619025067308, @message="https://www.narrativefood.com/admin/reports.php?report_type=contact_us 7 The key \"-ms-touch-action:\" is not recognized and ignored.">]
Contact Us Report - Export to Excel,1.0745677947998047,[]
Coupon Usage,1.6069121360778809,[#<Selenium::WebDriver::LogEntry:0x00007fb8db96d6b0 @level="WARNING", @timestamp=1619025071082, @message="https://www.narrativefood.com/admin/reports.php?report_type=coupons 7 The key \"touch-action:\" is not recognized and ignored.">, #<Selenium::WebDriver::LogEntry:0x00007fb8db96d688 @level="WARNING", @timestamp=1619025071082, @message="https://www.narrativefood.com/admin/reports.php?report_type=coupons 7 The key \"-ms-touch-action:\" is not recognized and ignored.">]
Coupon Usage - Export to Excel,1.5804049968719482,[#<Selenium::WebDriver::LogEntry:0x00007fb8bbb73600 @level="WARNING", @timestamp=1619025073361, @message="https://www.narrativefood.com/admin/reports.php?report_type=coupons - [DOM] Found 2 elements with non-unique id #action_value: (More info: https://goo.gl/9p2vKq) %o %o">]
Missing Orders,1.9061169624328613,[#<Selenium::WebDriver::LogEntry:0x00007fb8ef0ebfa0 @level="WARNING", @timestamp=1619025097429, @message="https://www.narrativefood.com/admin/reports.php?report_type=missing_orders 7 The key \"touch-action:\" is not recognized and ignored.">, #<Selenium::WebDriver::LogEntry:0x00007fb8ef0ebf78 @level="WARNING", @timestamp=1619025097429, @message="https://www.narrativefood.com/admin/reports.php?report_type=missing_orders 7 The key \"-ms-touch-action:\" is not recognized and ignored.">, #<Selenium::WebDriver::LogEntry:0x00007fb8ef0ebf50 @level="SEVERE", @timestamp=1619025097647, @message="https://www.narrativefood.com/admin/skin1/admin/admin-modal.css - Failed to load resource: the server responded with a status of 404 ()">, #<Selenium::WebDriver::LogEntry:0x00007fb8ef0ebf28 @level="SEVERE", @timestamp=1619025097777, @message="https://www.narrativefood.com/admin/skin1/admin/admin-modal.css - Failed to load resource: the server responded with a status of 404 ()">]
Coupons,1.6686608791351318,[#<Selenium::WebDriver::LogEntry:0x00007fb8ec1dc2c8 @level="WARNING", @timestamp=1619025106361, @message="https://www.narrativefood.com/admin/discount_coupons.php 7 The key \"touch-action:\" is not recognized and ignored.">, #<Selenium::WebDriver::LogEntry:0x00007fb8ec1dc048 @level="WARNING", @timestamp=1619025106361, @message="https://www.narrativefood.com/admin/discount_coupons.php 7 The key \"-ms-touch-action:\" is not recognized and ignored.">, #<Selenium::WebDriver::LogEntry:0x00007fb8ec1dc020 @level="WARNING", @timestamp=1619025107639, @message="https://www.narrativefood.com/admin/discount_coupons.php - [DOM] Found 2 elements with non-unique id #action_value: (More info: https://goo.gl/9p2vKq) %o %o">]
Coupon Events,2.590074062347412,[#<Selenium::WebDriver::LogEntry:0x00007fb8bb9df208 @level="WARNING", @timestamp=1619025112099, @message="https://www.narrativefood.com/admin/coupon_events.php 7 The key \"touch-action:\" is not recognized and ignored.">, #<Selenium::WebDriver::LogEntry:0x00007fb8bb9df168 @level="WARNING", @timestamp=1619025112099, @message="https://www.narrativefood.com/admin/coupon_events.php 7 The key \"-ms-touch-action:\" is not recognized and ignored.">]
Countdown Products,1.5301728248596191,[#<Selenium::WebDriver::LogEntry:0x00007fb8cbb140c8 @level="WARNING", @timestamp=1619025116719, @message="https://www.narrativefood.com/admin/reports.php?report_type=countdown_mgmt 7 The key \"touch-action:\" is not recognized and ignored.">, #<Selenium::WebDriver::LogEntry:0x00007fb8cbb140a0 @level="WARNING", @timestamp=1619025116719, @message="https://www.narrativefood.com/admin/reports.php?report_type=countdown_mgmt 7 The key \"-ms-touch-action:\" is not recognized and ignored.">]
Countdown Products - Export to Excel,1.071470022201538,[]
Global Discounts,1.663750171661377,[#<Selenium::WebDriver::LogEntry:0x00007fb8cbb663c8 @level="WARNING", @timestamp=1619025120385, @message="https://www.narrativefood.com/provider/discounts.php 7 The key \"touch-action:\" is not recognized and ignored.">, #<Selenium::WebDriver::LogEntry:0x00007fb8cbb663a0 @level="WARNING", @timestamp=1619025120385, @message="https://www.narrativefood.com/provider/discounts.php 7 The key \"-ms-touch-action:\" is not recognized and ignored.">]
Featured Products,1.8833248615264893,[#<Selenium::WebDriver::LogEntry:0x00007fb8cbba3c00 @level="WARNING", @timestamp=1619025125170, @message="https://www.narrativefood.com/admin/products?search_criteria=featured_product 7 The key \"touch-action:\" is not recognized and ignored.">, #<Selenium::WebDriver::LogEntry:0x00007fb8cbba3bd8 @level="WARNING", @timestamp=1619025125170, @message="https://www.narrativefood.com/admin/products?search_criteria=featured_product 7 The key \"-ms-touch-action:\" is not recognized and ignored.">, #<Selenium::WebDriver::LogEntry:0x00007fb8cbba3bb0 @level="WARNING", @timestamp=1619025125482, @message="https://www.narrativefood.com/admin/products?search_criteria=featured_product - [DOM] Found 2 elements with non-unique id #collapse-quantity: (More info: https://goo.gl/9p2vKq) %o %o">]
Sale Items,1.6999239921569824,[#<Selenium::WebDriver::LogEntry:0x00007fb8cbbda0c0 @level="WARNING", @timestamp=1619025130053, @message="https://www.narrativefood.com/admin/products?search_criteria=sale_item 7 The key \"touch-action:\" is not recognized and ignored.">, #<Selenium::WebDriver::LogEntry:0x00007fb8cbbda098 @level="WARNING", @timestamp=1619025130053, @message="https://www.narrativefood.com/admin/products?search_criteria=sale_item 7 The key \"-ms-touch-action:\" is not recognized and ignored.">, #<Selenium::WebDriver::LogEntry:0x00007fb8cbbda070 @level="WARNING", @timestamp=1619025130214, @message="https://www.narrativefood.com/admin/products?search_criteria=sale_item - [DOM] Found 2 elements with non-unique id #collapse-quantity: (More info: https://goo.gl/9p2vKq) %o %o">]
Manage Cross-Selling,1.534578800201416,[#<Selenium::WebDriver::LogEntry:0x00007fb8bba53ab8 @level="WARNING", @timestamp=1619025134730, @message="https://www.narrativefood.com/admin/reports.php?report_type=upselling 7 The key \"touch-action:\" is not recognized and ignored.">, #<Selenium::WebDriver::LogEntry:0x00007fb8bba53a90 @level="WARNING", @timestamp=1619025134730, @message="https://www.narrativefood.com/admin/reports.php?report_type=upselling 7 The key \"-ms-touch-action:\" is not recognized and ignored.">]
Manage Cross-Selling - Export to Excel,1.074862003326416,[]
First Time Order Specials,1.878140926361084,[#<Selenium::WebDriver::LogEntry:0x00007fb8db90e2c8 @level="WARNING", @timestamp=1619025138608, @message="https://www.narrativefood.com/admin/products?search_criteria=first_time_order 7 The key \"touch-action:\" is not recognized and ignored.">, #<Selenium::WebDriver::LogEntry:0x00007fb8db90e2a0 @level="WARNING", @timestamp=1619025138608, @message="https://www.narrativefood.com/admin/products?search_criteria=first_time_order 7 The key \"-ms-touch-action:\" is not recognized and ignored.">, #<Selenium::WebDriver::LogEntry:0x00007fb8db90e278 @level="WARNING", @timestamp=1619025138774, @message="https://www.narrativefood.com/admin/products?search_criteria=first_time_order - [DOM] Found 2 elements with non-unique id #collapse-quantity: (More info: https://goo.gl/9p2vKq) %o %o">]
Search Orders,3.518315076828003,[#<Selenium::WebDriver::LogEntry:0x00007fb8bbac7260 @level="WARNING", @timestamp=1619025143782, @message="https://www.narrativefood.com/admin/orders.php 7 The key \"touch-action:\" is not recognized and ignored.">, #<Selenium::WebDriver::LogEntry:0x00007fb8bbac7238 @level="WARNING", @timestamp=1619025143782, @message="https://www.narrativefood.com/admin/orders.php 7 The key \"-ms-touch-action:\" is not recognized and ignored.">]
Today's Orders,1.721846103668213,[#<Selenium::WebDriver::LogEntry:0x00007fb8bbaef738 @level="WARNING", @timestamp=1619025149810, @message="https://www.narrativefood.com/admin/orders.php?mode=search 7 The key \"touch-action:\" is not recognized and ignored.">, #<Selenium::WebDriver::LogEntry:0x00007fb8bbaef710 @level="WARNING", @timestamp=1619025149810, @message="https://www.narrativefood.com/admin/orders.php?mode=search 7 The key \"-ms-touch-action:\" is not recognized and ignored.">]
This Week's Orders,1.7997958660125732,[#<Selenium::WebDriver::LogEntry:0x00007fb8eb9e7a18 @level="WARNING", @timestamp=1619025154617, @message="https://www.narrativefood.com/admin/orders.php?mode=search 7 The key \"touch-action:\" is not recognized and ignored.">, #<Selenium::WebDriver::LogEntry:0x00007fb8eb9e79f0 @level="WARNING", @timestamp=1619025154617, @message="https://www.narrativefood.com/admin/orders.php?mode=search 7 The key \"-ms-touch-action:\" is not recognized and ignored.">]
Next Week's Orders,1.8570029735565186,[#<Selenium::WebDriver::LogEntry:0x00007fb8eb9ee6b0 @level="WARNING", @timestamp=1619025159560, @message="https://www.narrativefood.com/admin/orders.php?mode=search 7 The key \"touch-action:\" is not recognized and ignored.">, #<Selenium::WebDriver::LogEntry:0x00007fb8eb9ee688 @level="WARNING", @timestamp=1619025159560, @message="https://www.narrativefood.com/admin/orders.php?mode=search 7 The key \"-ms-touch-action:\" is not recognized and ignored.">]
Create Purchase Order,3.955965280532837,[#<Selenium::WebDriver::LogEntry:0x00007fb8cbc313c0 @level="WARNING", @timestamp=1619025164278, @message="https://www.narrativefood.com/admin/router.php#/adv-purchase-order/create 7 The key \"touch-action:\" is not recognized and ignored.">, #<Selenium::WebDriver::LogEntry:0x00007fb8cbc31398 @level="WARNING", @timestamp=1619025164278, @message="https://www.narrativefood.com/admin/router.php#/adv-purchase-order/create 7 The key \"-ms-touch-action:\" is not recognized and ignored.">]
View Purchase Orders,1.0627479553222656,[]
Autoresponders,1.8188810348510742,[#<Selenium::WebDriver::LogEntry:0x00007fb8ef0dde78 @level="WARNING", @timestamp=1619025175403, @message="https://www.narrativefood.com/admin/news.php?mode=messages&targetlist=2 7 The key \"touch-action:\" is not recognized and ignored.">, #<Selenium::WebDriver::LogEntry:0x00007fb8ef0dde50 @level="WARNING", @timestamp=1619025175403, @message="https://www.narrativefood.com/admin/news.php?mode=messages&targetlist=2 7 The key \"-ms-touch-action:\" is not recognized and ignored.">]
General News List,1.7649037837982178,[#<Selenium::WebDriver::LogEntry:0x00007fb8bbb78b00 @level="WARNING", @timestamp=1619025180197, @message="https://www.narrativefood.com/admin/router.php#/newsletters-list/5 7 The key \"touch-action:\" is not recognized and ignored.">, #<Selenium::WebDriver::LogEntry:0x00007fb8bbb78ad8 @level="WARNING", @timestamp=1619025180197, @message="https://www.narrativefood.com/admin/router.php#/newsletters-list/5 7 The key \"-ms-touch-action:\" is not recognized and ignored.">]
Unsubscribers,1.6612651348114014,[#<Selenium::WebDriver::LogEntry:0x00007fb8db9c3970 @level="WARNING", @timestamp=1619025193210, @message="https://www.narrativefood.com/admin/unsubscribers 7 The key \"touch-action:\" is not recognized and ignored.">, #<Selenium::WebDriver::LogEntry:0x00007fb8db9c3948 @level="WARNING", @timestamp=1619025193210, @message="https://www.narrativefood.com/admin/unsubscribers 7 The key \"-ms-touch-action:\" is not recognized and ignored.">]
Edit Static Pages,1.6524131298065186,[#<Selenium::WebDriver::LogEntry:0x00007fb8db88c9d0 @level="WARNING", @timestamp=1619025197815, @message="https://www.narrativefood.com/admin/pages.php 7 The key \"touch-action:\" is not recognized and ignored.">, #<Selenium::WebDriver::LogEntry:0x00007fb8db88c840 @level="WARNING", @timestamp=1619025197816, @message="https://www.narrativefood.com/admin/pages.php 7 The key \"-ms-touch-action:\" is not recognized and ignored.">]
Manage Files,2.000922203063965,[#<Selenium::WebDriver::LogEntry:0x00007fb8bb96db80 @level="WARNING", @timestamp=1619025202515, @message="https://www.narrativefood.com/admin/files.php 7 The key \"touch-action:\" is not recognized and ignored.">, #<Selenium::WebDriver::LogEntry:0x00007fb8bb96db30 @level="WARNING", @timestamp=1619025202515, @message="https://www.narrativefood.com/admin/files.php 7 The key \"-ms-touch-action:\" is not recognized and ignored.">, #<Selenium::WebDriver::LogEntry:0x00007fb8bb96d950 @level="SEVERE", @timestamp=1619025204120, @message="https://ajax.googleapis.com/ajax/libs/jqueryui/1.8.18/themes/smoothness/images/ui-bg_highlight-soft_75_cccccc_1x100.png - Failed to load resource: net::ERR_CONNECTION_CLOSED">, #<Selenium::WebDriver::LogEntry:0x00007fb8bb96d838 @level="SEVERE", @timestamp=1619025204120, @message="https://ajax.googleapis.com/ajax/libs/jqueryui/1.8.18/themes/smoothness/images/ui-bg_glass_75_e6e6e6_1x400.png - Failed to load resource: net::ERR_CONNECTION_CLOSED">, #<Selenium::WebDriver::LogEntry:0x00007fb8bb96d7c0 @level="SEVERE", @timestamp=1619025204120, @message="https://ajax.googleapis.com/ajax/libs/jqueryui/1.8.18/themes/smoothness/images/ui-icons_222222_256x240.png - Failed to load resource: net::ERR_CONNECTION_CLOSED">]
301 Redirects,1.6894259452819824,[#<Selenium::WebDriver::LogEntry:0x00007fb8cbb0cb20 @level="WARNING", @timestamp=1619025211804, @message="https://www.narrativefood.com/admin/redirects 7 The key \"touch-action:\" is not recognized and ignored.">, #<Selenium::WebDriver::LogEntry:0x00007fb8cbb0caf8 @level="WARNING", @timestamp=1619025211804, @message="https://www.narrativefood.com/admin/redirects 7 The key \"-ms-touch-action:\" is not recognized and ignored.">]
FAQ,1.7249112129211426,[#<Selenium::WebDriver::LogEntry:0x00007fb8db8c49c0 @level="WARNING", @timestamp=1619025216395, @message="https://www.narrativefood.com/admin/faq 7 The key \"touch-action:\" is not recognized and ignored.">, #<Selenium::WebDriver::LogEntry:0x00007fb8db8c4970 @level="WARNING", @timestamp=1619025216395, @message="https://www.narrativefood.com/admin/faq 7 The key \"-ms-touch-action:\" is not recognized and ignored.">]
Company Settings,3.506960153579712,[#<Selenium::WebDriver::LogEntry:0x00007fb8ef081e48 @level="WARNING", @timestamp=1619025221154, @message="https://www.narrativefood.com/admin/company.php 7 The key \"touch-action:\" is not recognized and ignored.">, #<Selenium::WebDriver::LogEntry:0x00007fb8ef081e20 @level="WARNING", @timestamp=1619025221154, @message="https://www.narrativefood.com/admin/company.php 7 The key \"-ms-touch-action:\" is not recognized and ignored.">, #<Selenium::WebDriver::LogEntry:0x00007fb8ef081dd0 @level="SEVERE", @timestamp=1619025223215, @message="https://www.narrativefood.com/skin1/css/structure.css - Failed to load resource: the server responded with a status of 404 ()">, #<Selenium::WebDriver::LogEntry:0x00007fb8ef081da8 @level="SEVERE", @timestamp=1619025224221, @message="https://www.narrativefood.com/skin1/css/structure.css - Failed to load resource: the server responded with a status of 404 ()">, #<Selenium::WebDriver::LogEntry:0x00007fb8ef081d58 @level="SEVERE", @timestamp=1619025224221, @message="https://www.narrativefood.com/skin1/css/structure.css - Failed to load resource: the server responded with a status of 404 ()">, #<Selenium::WebDriver::LogEntry:0x00007fb8ef081d30 @level="SEVERE", @timestamp=1619025224221, @message="https://www.narrativefood.com/skin1/css/structure.css - Failed to load resource: the server responded with a status of 404 ()">, #<Selenium::WebDriver::LogEntry:0x00007fb8ef081d08 @level="SEVERE", @timestamp=1619025224221, @message="https://www.narrativefood.com/skin1/css/structure.css - Failed to load resource: the server responded with a status of 404 ()">, #<Selenium::WebDriver::LogEntry:0x00007fb8ef081ce0 @level="SEVERE", @timestamp=1619025224221, @message="https://www.narrativefood.com/skin1/css/structure.css - Failed to load resource: the server responded with a status of 404 ()">]
States/Counties,1.7180001735687256,[#<Selenium::WebDriver::LogEntry:0x00007fb8cbb7bc28 @level="WARNING", @timestamp=1619025227243, @message="https://maps.googleapis.com/maps-api-v3/api/js/44/10/util.js 228:26 \"Google Maps JavaScript API warning: NoApiKeys https://developers.google.com/maps/documentation/javascript/error-messages#no-api-keys\"">, #<Selenium::WebDriver::LogEntry:0x00007fb8cbb7bc00 @level="WARNING", @timestamp=1619025227243, @message="https://maps.googleapis.com/maps-api-v3/api/js/44/10/util.js 228:26 \"Google Maps JavaScript API warning: InvalidKey https://developers.google.com/maps/documentation/javascript/error-messages#invalid-key\"">, #<Selenium::WebDriver::LogEntry:0x00007fb8cbb7bbd8 @level="WARNING", @timestamp=1619025227723, @message="https://www.narrativefood.com/admin/states.php 7 The key \"touch-action:\" is not recognized and ignored.">, #<Selenium::WebDriver::LogEntry:0x00007fb8cbb7bbb0 @level="WARNING", @timestamp=1619025227723, @message="https://www.narrativefood.com/admin/states.php 7 The key \"-ms-touch-action:\" is not recognized and ignored.">]
Taxes,1.07381010055542,[]
Taxing Zones,1.5464577674865723,[#<Selenium::WebDriver::LogEntry:0x00007fb8cbc01710 @level="WARNING", @timestamp=1619025236489, @message="https://www.narrativefood.com/admin/zones.php 7 The key \"touch-action:\" is not recognized and ignored.">, #<Selenium::WebDriver::LogEntry:0x00007fb8cbc016e8 @level="WARNING", @timestamp=1619025236490, @message="https://www.narrativefood.com/admin/zones.php 7 The key \"-ms-touch-action:\" is not recognized and ignored.">]
Taxing System,1.5695879459381104,[#<Selenium::WebDriver::LogEntry:0x00007fb8ef086c40 @level="WARNING", @timestamp=1619025241106, @message="https://www.narrativefood.com/admin/taxes.php 7 The key \"touch-action:\" is not recognized and ignored.">, #<Selenium::WebDriver::LogEntry:0x00007fb8ef086c18 @level="WARNING", @timestamp=1619025241107, @message="https://www.narrativefood.com/admin/taxes.php 7 The key \"-ms-touch-action:\" is not recognized and ignored.">]
Minimum Orders Settings,1.6109189987182617,[#<Selenium::WebDriver::LogEntry:0x00007fb8ec217a58 @level="WARNING", @timestamp=1619025245704, @message="https://www.narrativefood.com/admin/min_orders_settings.php 7 The key \"touch-action:\" is not recognized and ignored.">, #<Selenium::WebDriver::LogEntry:0x00007fb8ec217a30 @level="WARNING", @timestamp=1619025245705, @message="https://www.narrativefood.com/admin/min_orders_settings.php 7 The key \"-ms-touch-action:\" is not recognized and ignored.">]
Zip Codes,1.5337657928466797,[#<Selenium::WebDriver::LogEntry:0x00007fb8bba907b0 @level="WARNING", @timestamp=1619025250368, @message="https://www.narrativefood.com/admin/zip_codes.php 7 The key \"touch-action:\" is not recognized and ignored.">, #<Selenium::WebDriver::LogEntry:0x00007fb8bba90788 @level="WARNING", @timestamp=1619025250369, @message="https://www.narrativefood.com/admin/zip_codes.php 7 The key \"-ms-touch-action:\" is not recognized and ignored.">, #<Selenium::WebDriver::LogEntry:0x00007fb8bba90760 @level="WARNING", @timestamp=1619025250463, @message="https://www.narrativefood.com/admin/zip_codes.php - [DOM] Found 2 elements with non-unique id #zip_delivery_type: (More info: https://goo.gl/9p2vKq) %o %o">]
Fees,1.0693349838256836,[]
Settings,1.0488536357879639,[]
Store Locations,2.0408332347869873,[#<Selenium::WebDriver::LogEntry:0x00007fb8ef0a0d48 @level="WARNING", @timestamp=1619025271475, @message="https://www.narrativefood.com/admin/stores.php 7 The key \"touch-action:\" is not recognized and ignored.">, #<Selenium::WebDriver::LogEntry:0x00007fb8ef0a0d20 @level="WARNING", @timestamp=1619025271477, @message="https://www.narrativefood.com/admin/stores.php 7 The key \"-ms-touch-action:\" is not recognized and ignored.">]
DBP Settings,2.341966152191162,[#<Selenium::WebDriver::LogEntry:0x00007fb8bbb2ba08 @level="WARNING", @timestamp=1619025276846, @message="https://www.narrativefood.com/admin/dbp_settings.php 7 The key \"touch-action:\" is not recognized and ignored.">, #<Selenium::WebDriver::LogEntry:0x00007fb8bbb2b9e0 @level="WARNING", @timestamp=1619025276846, @message="https://www.narrativefood.com/admin/dbp_settings.php 7 The key \"-ms-touch-action:\" is not recognized and ignored.">]
DBP Billing,3.2096402645111084,[#<Selenium::WebDriver::LogEntry:0x00007fb8ec23e7c0 @level="WARNING", @timestamp=1619025283281, @message="https://www.narrativefood.com/admin/dbp_billing.php 7 The key \"touch-action:\" is not recognized and ignored.">, #<Selenium::WebDriver::LogEntry:0x00007fb8ec23e798 @level="WARNING", @timestamp=1619025283282, @message="https://www.narrativefood.com/admin/dbp_billing.php 7 The key \"-ms-touch-action:\" is not recognized and ignored.">]
Countries,1.5140013694763184,[#<Selenium::WebDriver::LogEntry:0x00007fb8ef0bd128 @level="WARNING", @timestamp=1619025287965, @message="https://www.narrativefood.com/admin/countries.php 7 The key \"touch-action:\" is not recognized and ignored.">, #<Selenium::WebDriver::LogEntry:0x00007fb8ef0bd100 @level="WARNING", @timestamp=1619025287965, @message="https://www.narrativefood.com/admin/countries.php 7 The key \"-ms-touch-action:\" is not recognized and ignored.">]
States,1.768028974533081,[#<Selenium::WebDriver::LogEntry:0x00007fb8bbb6ad48 @level="WARNING", @timestamp=1619025292690, @message="https://www.narrativefood.com/admin/states.php 7 The key \"touch-action:\" is not recognized and ignored.">, #<Selenium::WebDriver::LogEntry:0x00007fb8bbb6ad20 @level="WARNING", @timestamp=1619025292690, @message="https://www.narrativefood.com/admin/states.php 7 The key \"-ms-touch-action:\" is not recognized and ignored.">]
Settings,1.0763068199157715,[]
Export/Import Cities,1.6068787574768066,[#<Selenium::WebDriver::LogEntry:0x00007fb8ec0e8650 @level="WARNING", @timestamp=1619025301502, @message="https://www.narrativefood.com/admin/cities_export_import.php 7 The key \"touch-action:\" is not recognized and ignored.">, #<Selenium::WebDriver::LogEntry:0x00007fb8ec0e8470 @level="WARNING", @timestamp=1619025301502, @message="https://www.narrativefood.com/admin/cities_export_import.php 7 The key \"-ms-touch-action:\" is not recognized and ignored.">]
Summary,1.7366199493408203,[#<Selenium::WebDriver::LogEntry:0x00007fb8cba5e2a0 @level="WARNING", @timestamp=1619025306296, @message="https://www.narrativefood.com/admin/general.php 7 The key \"touch-action:\" is not recognized and ignored.">, #<Selenium::WebDriver::LogEntry:0x00007fb8cba5e188 @level="WARNING", @timestamp=1619025306296, @message="https://www.narrativefood.com/admin/general.php 7 The key \"-ms-touch-action:\" is not recognized and ignored.">]
Credit card types,1.6142692565917969,[#<Selenium::WebDriver::LogEntry:0x00007fb8bb9cf240 @level="WARNING", @timestamp=1619025310969, @message="https://www.narrativefood.com/admin/card_types.php 7 The key \"touch-action:\" is not recognized and ignored.">, #<Selenium::WebDriver::LogEntry:0x00007fb8bb9cf1a0 @level="WARNING", @timestamp=1619025310969, @message="https://www.narrativefood.com/admin/card_types.php 7 The key \"-ms-touch-action:\" is not recognized and ignored.">]
General Settings,2.070511817932129,[#<Selenium::WebDriver::LogEntry:0x00007fb8cbb15ef0 @level="WARNING", @timestamp=1619025315596, @message="https://www.narrativefood.com/admin/configuration 7 The key \"touch-action:\" is not recognized and ignored.">, #<Selenium::WebDriver::LogEntry:0x00007fb8cbb15ec8 @level="WARNING", @timestamp=1619025315596, @message="https://www.narrativefood.com/admin/configuration 7 The key \"-ms-touch-action:\" is not recognized and ignored.">]
Languages,1.739820957183838,[#<Selenium::WebDriver::LogEntry:0x00007fb8cbb45f88 @level="WARNING", @timestamp=1619025320665, @message="https://www.narrativefood.com/admin/languages.php 7 The key \"touch-action:\" is not recognized and ignored.">, #<Selenium::WebDriver::LogEntry:0x00007fb8cbb45f60 @level="WARNING", @timestamp=1619025320665, @message="https://www.narrativefood.com/admin/languages.php 7 The key \"-ms-touch-action:\" is not recognized and ignored.">, #<Selenium::WebDriver::LogEntry:0x00007fb8cbb45f38 @level="SEVERE", @timestamp=1619025320866, @message="https://www.narrativefood.com/tinymce/tiny_mce.js - Failed to load resource: the server responded with a status of 404 ()">]
Modules,2.7102787494659424,[#<Selenium::WebDriver::LogEntry:0x00007fb8ef0802a0 @level="WARNING", @timestamp=1619025325795, @message="https://www.narrativefood.com/admin/modules.php 7 The key \"touch-action:\" is not recognized and ignored.">, #<Selenium::WebDriver::LogEntry:0x00007fb8ef080278 @level="WARNING", @timestamp=1619025325795, @message="https://www.narrativefood.com/admin/modules.php 7 The key \"-ms-touch-action:\" is not recognized and ignored.">]
Payment Methods,1.8915271759033203,[#<Selenium::WebDriver::LogEntry:0x00007fb8cbb7a648 @level="WARNING", @timestamp=1619025331214, @message="https://www.narrativefood.com/admin/payment_methods.php 7 The key \"touch-action:\" is not recognized and ignored.">, #<Selenium::WebDriver::LogEntry:0x00007fb8cbb7a620 @level="WARNING", @timestamp=1619025331214, @message="https://www.narrativefood.com/admin/payment_methods.php 7 The key \"-ms-touch-action:\" is not recognized and ignored.">]
Clear templates cache,2.5732600688934326,[#<Selenium::WebDriver::LogEntry:0x00007fb8db8ed168 @level="WARNING", @timestamp=1619025337075, @message="https://www.narrativefood.com/admin/general.php 7 The key \"touch-action:\" is not recognized and ignored.">, #<Selenium::WebDriver::LogEntry:0x00007fb8db8ed140 @level="WARNING", @timestamp=1619025337075, @message="https://www.narrativefood.com/admin/general.php 7 The key \"-ms-touch-action:\" is not recognized and ignored.">]
System Logs,1.0464870929718018,[]
DBP Overview,2.8353888988494873,[#<Selenium::WebDriver::LogEntry:0x00007fb8ef085200 @level="WARNING", @timestamp=1619025347105, @message="https://www.narrativefood.com/admin/dbp_overview.php 7 The key \"touch-action:\" is not recognized and ignored.">, #<Selenium::WebDriver::LogEntry:0x00007fb8ef0851d8 @level="WARNING", @timestamp=1619025347105, @message="https://www.narrativefood.com/admin/dbp_overview.php 7 The key \"-ms-touch-action:\" is not recognized and ignored.">]
Inventory,1.679152011871338,[#<Selenium::WebDriver::LogEntry:0x00007fb8ec216978 @level="WARNING", @timestamp=1619025351707, @message="https://www.narrativefood.com/admin/log_inventory.php 7 The key \"touch-action:\" is not recognized and ignored.">, #<Selenium::WebDriver::LogEntry:0x00007fb8ec216950 @level="WARNING", @timestamp=1619025351707, @message="https://www.narrativefood.com/admin/log_inventory.php 7 The key \"-ms-touch-action:\" is not recognized and ignored.">]
Tasks,1.7380578517913818,[#<Selenium::WebDriver::LogEntry:0x00007fb8bba9b840 @level="WARNING", @timestamp=1619025356470, @message="https://www.narrativefood.com/admin/router.php?r=bt-console#/bt-console 7 The key \"touch-action:\" is not recognized and ignored.">, #<Selenium::WebDriver::LogEntry:0x00007fb8bba9b818 @level="WARNING", @timestamp=1619025356470, @message="https://www.narrativefood.com/admin/router.php?r=bt-console#/bt-console 7 The key \"-ms-touch-action:\" is not recognized and ignored.">]
Periodic tasks,2.550356149673462,[#<Selenium::WebDriver::LogEntry:0x00007fb8ec22db78 @level="WARNING", @timestamp=1619025362102, @message="https://www.narrativefood.com/admin/periodicTasks 7 The key \"touch-action:\" is not recognized and ignored.">, #<Selenium::WebDriver::LogEntry:0x00007fb8ec22db50 @level="WARNING", @timestamp=1619025362102, @message="https://www.narrativefood.com/admin/periodicTasks 7 The key \"-ms-touch-action:\" is not recognized and ignored.">]
