Dashboard,1.8497741222381592,[#<Selenium::WebDriver::LogEntry:0x00007f865e27de68 @level="WARNING", @timestamp=1616618069991, @message="https://bikeables.client-staging.deliverybizpro.com/admin/login 7 The key \"touch-action:\" is not recognized and ignored.">, #<Selenium::WebDriver::LogEntry:0x00007f865e27ddc8 @level="WARNING", @timestamp=1616618069991, @message="https://bikeables.client-staging.deliverybizpro.com/admin/login 7 The key \"-ms-touch-action:\" is not recognized and ignored.">, #<Selenium::WebDriver::LogEntry:0x00007f865e27dda0 @level="WARNING", @timestamp=1616618076625, @message="https://bikeables.client-staging.deliverybizpro.com/admin/home.php 7 The key \"touch-action:\" is not recognized and ignored.">, #<Selenium::WebDriver::LogEntry:0x00007f865e27dd50 @level="WARNING", @timestamp=1616618076625, @message="https://bikeables.client-staging.deliverybizpro.com/admin/home.php 7 The key \"-ms-touch-action:\" is not recognized and ignored.">, #<Selenium::WebDriver::LogEntry:0x00007f865e27dcd8 @level="WARNING", @timestamp=1616618079035, @message="https://bikeables.client-staging.deliverybizpro.com/admin/home.php 7 The key \"touch-action:\" is not recognized and ignored.">, #<Selenium::WebDriver::LogEntry:0x00007f865e27dcb0 @level="WARNING", @timestamp=1616618079035, @message="https://bikeables.client-staging.deliverybizpro.com/admin/home.php 7 The key \"-ms-touch-action:\" is not recognized and ignored.">]
Customers,1.0598728656768799,[]
Search for Customers,2.014479875564575,[#<Selenium::WebDriver::LogEntry:0x00007f862e07d300 @level="WARNING", @timestamp=1616618100183, @message="https://bikeables.client-staging.deliverybizpro.com/admin/users.php?mode=search&usertype=C&refresh=1&sort=last_login&sort_direction=1 14 The key \"touch-action:\" is not recognized and ignored.">, #<Selenium::WebDriver::LogEntry:0x00007f862e07d2d8 @level="WARNING", @timestamp=1616618100183, @message="https://bikeables.client-staging.deliverybizpro.com/admin/users.php?mode=search&usertype=C&refresh=1&sort=last_login&sort_direction=1 14 The key \"-ms-touch-action:\" is not recognized and ignored.">, #<Selenium::WebDriver::LogEntry:0x00007f862e07d288 @level="WARNING", @timestamp=1616618100739, @message="https://bikeables.client-staging.deliverybizpro.com/admin/users.php?mode=search&usertype=C&refresh=1&sort=last_login&sort_direction=1 - [DOM] Found 2 elements with non-unique id #frm-users-search: (More info: https://goo.gl/9p2vKq) %o %o">, #<Selenium::WebDriver::LogEntry:0x00007f862e07d260 @level="WARNING", @timestamp=1616618100740, @message="https://bikeables.client-staging.deliverybizpro.com/admin/users.php?mode=search&usertype=C&refresh=1&sort=last_login&sort_direction=1 - [DOM] Found 2 elements with non-unique id #posted_data[orders_count_type]: (More info: https://goo.gl/9p2vKq) %o %o">]
Create Customer Profile,2.2542991638183594,[#<Selenium::WebDriver::LogEntry:0x00007f862e0ce908 @level="WARNING", @timestamp=1616618105268, @message="https://bikeables.client-staging.deliverybizpro.com/admin/user_add.php?usertype=C 7 The key \"touch-action:\" is not recognized and ignored.">, #<Selenium::WebDriver::LogEntry:0x00007f862e0ce8e0 @level="WARNING", @timestamp=1616618105268, @message="https://bikeables.client-staging.deliverybizpro.com/admin/user_add.php?usertype=C 7 The key \"-ms-touch-action:\" is not recognized and ignored.">]
Import Customers,2.1034390926361084,[#<Selenium::WebDriver::LogEntry:0x00007f862e10ca00 @level="WARNING", @timestamp=1616618110406, @message="https://bikeables.client-staging.deliverybizpro.com/admin/customers_import.php 7 The key \"touch-action:\" is not recognized and ignored.">, #<Selenium::WebDriver::LogEntry:0x00007f862e10c9d8 @level="WARNING", @timestamp=1616618110407, @message="https://bikeables.client-staging.deliverybizpro.com/admin/customers_import.php 7 The key \"-ms-touch-action:\" is not recognized and ignored.">]
Export Customers,2.0462520122528076,[#<Selenium::WebDriver::LogEntry:0x00007f862e154620 @level="WARNING", @timestamp=1616618115498, @message="https://bikeables.client-staging.deliverybizpro.com/admin/router.php?r=export-users#/export-users 7 The key \"touch-action:\" is not recognized and ignored.">, #<Selenium::WebDriver::LogEntry:0x00007f862e1545f8 @level="WARNING", @timestamp=1616618115498, @message="https://bikeables.client-staging.deliverybizpro.com/admin/router.php?r=export-users#/export-users 7 The key \"-ms-touch-action:\" is not recognized and ignored.">]
Export Customer Emails,1.331928014755249,[#<Selenium::WebDriver::LogEntry:0x00007f866e541a68 @level="WARNING", @timestamp=1616618120548, @message="https://bikeables.client-staging.deliverybizpro.com/admin/export_users_emails.php 7 The key \"touch-action:\" is not recognized and ignored.">, #<Selenium::WebDriver::LogEntry:0x00007f866e541388 @level="WARNING", @timestamp=1616618120548, @message="https://bikeables.client-staging.deliverybizpro.com/admin/export_users_emails.php 7 The key \"-ms-touch-action:\" is not recognized and ignored.">]
Edit/Create Membership Levels,1.7857427597045898,[#<Selenium::WebDriver::LogEntry:0x00007f866e6f3730 @level="WARNING", @timestamp=1616618125108, @message="https://bikeables.client-staging.deliverybizpro.com/admin/memberships.php?usertype=C 7 The key \"touch-action:\" is not recognized and ignored.">, #<Selenium::WebDriver::LogEntry:0x00007f866e6f3708 @level="WARNING", @timestamp=1616618125108, @message="https://bikeables.client-staging.deliverybizpro.com/admin/memberships.php?usertype=C 7 The key \"-ms-touch-action:\" is not recognized and ignored.">]
Customer Notes,1.6201016902923584,[#<Selenium::WebDriver::LogEntry:0x00007f865e044048 @level="WARNING", @timestamp=1616618129977, @message="https://bikeables.client-staging.deliverybizpro.com/admin/customer_notes.php 7 The key \"touch-action:\" is not recognized and ignored.">, #<Selenium::WebDriver::LogEntry:0x00007f865e044020 @level="WARNING", @timestamp=1616618129977, @message="https://bikeables.client-staging.deliverybizpro.com/admin/customer_notes.php 7 The key \"-ms-touch-action:\" is not recognized and ignored.">]
Administrators,1.0737199783325195,[]
Search for Admins,1.4023091793060303,[#<Selenium::WebDriver::LogEntry:0x00007f865e10ec58 @level="WARNING", @timestamp=1616618138532, @message="https://bikeables.client-staging.deliverybizpro.com/admin/users.php?mode=search&usertype=P&refresh=1 7 The key \"touch-action:\" is not recognized and ignored.">, #<Selenium::WebDriver::LogEntry:0x00007f865e10ec30 @level="WARNING", @timestamp=1616618138532, @message="https://bikeables.client-staging.deliverybizpro.com/admin/users.php?mode=search&usertype=P&refresh=1 7 The key \"-ms-touch-action:\" is not recognized and ignored.">, #<Selenium::WebDriver::LogEntry:0x00007f865e10ec08 @level="WARNING", @timestamp=1616618138678, @message="https://bikeables.client-staging.deliverybizpro.com/admin/users.php?mode=search&usertype=P&refresh=1 - [DOM] Found 2 elements with non-unique id #frm-users-search: (More info: https://goo.gl/9p2vKq) %o %o">]
Create Admin Profile,1.5241353511810303,[#<Selenium::WebDriver::LogEntry:0x00007f865e167e98 @level="WARNING", @timestamp=1616618143034, @message="https://bikeables.client-staging.deliverybizpro.com/admin/user_add.php?usertype=P 7 The key \"touch-action:\" is not recognized and ignored.">, #<Selenium::WebDriver::LogEntry:0x00007f865e167e20 @level="WARNING", @timestamp=1616618143034, @message="https://bikeables.client-staging.deliverybizpro.com/admin/user_add.php?usertype=P 7 The key \"-ms-touch-action:\" is not recognized and ignored.">]
Access Control,1.359178066253662,[#<Selenium::WebDriver::LogEntry:0x00007f865e1b7218 @level="WARNING", @timestamp=1616618147504, @message="https://bikeables.client-staging.deliverybizpro.com/admin/access_control.php 7 The key \"touch-action:\" is not recognized and ignored.">, #<Selenium::WebDriver::LogEntry:0x00007f865e1b71f0 @level="WARNING", @timestamp=1616618147504, @message="https://bikeables.client-staging.deliverybizpro.com/admin/access_control.php 7 The key \"-ms-touch-action:\" is not recognized and ignored.">]
Edit/Create Membership Levels,1.345616102218628,[#<Selenium::WebDriver::LogEntry:0x00007f865e205530 @level="WARNING", @timestamp=1616618151842, @message="https://bikeables.client-staging.deliverybizpro.com/admin/memberships.php?usertype=P 7 The key \"touch-action:\" is not recognized and ignored.">, #<Selenium::WebDriver::LogEntry:0x00007f865e205508 @level="WARNING", @timestamp=1616618151842, @message="https://bikeables.client-staging.deliverybizpro.com/admin/memberships.php?usertype=P 7 The key \"-ms-touch-action:\" is not recognized and ignored.">]
Drivers,1.0716049671173096,[]
Search for Drivers,1.4075419902801514,[#<Selenium::WebDriver::LogEntry:0x00007f862e035e88 @level="WARNING", @timestamp=1616618180459, @message="https://bikeables.client-staging.deliverybizpro.com/admin/users.php?mode=search&usertype=D&refresh=1 14 The key \"touch-action:\" is not recognized and ignored.">, #<Selenium::WebDriver::LogEntry:0x00007f862e035e60 @level="WARNING", @timestamp=1616618180459, @message="https://bikeables.client-staging.deliverybizpro.com/admin/users.php?mode=search&usertype=D&refresh=1 14 The key \"-ms-touch-action:\" is not recognized and ignored.">, #<Selenium::WebDriver::LogEntry:0x00007f862e035e38 @level="WARNING", @timestamp=1616618180617, @message="https://bikeables.client-staging.deliverybizpro.com/admin/users.php?mode=search&usertype=D&refresh=1 - [DOM] Found 2 elements with non-unique id #frm-users-search: (More info: https://goo.gl/9p2vKq) %o %o">]
Create Driver Profile,1.3809571266174316,[#<Selenium::WebDriver::LogEntry:0x00007f862e07ee08 @level="WARNING", @timestamp=1616618184892, @message="https://bikeables.client-staging.deliverybizpro.com/admin/user_add.php?usertype=D 7 The key \"touch-action:\" is not recognized and ignored.">, #<Selenium::WebDriver::LogEntry:0x00007f862e07ede0 @level="WARNING", @timestamp=1616618184892, @message="https://bikeables.client-staging.deliverybizpro.com/admin/user_add.php?usertype=D 7 The key \"-ms-touch-action:\" is not recognized and ignored.">]
Edit/Create Membership Levels,1.3510229587554932,[#<Selenium::WebDriver::LogEntry:0x00007f862e0c45c0 @level="WARNING", @timestamp=1616618189253, @message="https://bikeables.client-staging.deliverybizpro.com/admin/memberships.php?usertype=D 7 The key \"touch-action:\" is not recognized and ignored.">, #<Selenium::WebDriver::LogEntry:0x00007f862e0c4598 @level="WARNING", @timestamp=1616618189254, @message="https://bikeables.client-staging.deliverybizpro.com/admin/memberships.php?usertype=D 7 The key \"-ms-touch-action:\" is not recognized and ignored.">]
Suppliers,1.0717933177947998,[]
Search for Suppliers,1.699542760848999,[#<Selenium::WebDriver::LogEntry:0x00007f862e156880 @level="WARNING", @timestamp=1616618197799, @message="https://bikeables.client-staging.deliverybizpro.com/admin/users.php?mode=search&usertype=U&refresh=1 14 The key \"touch-action:\" is not recognized and ignored.">, #<Selenium::WebDriver::LogEntry:0x00007f862e156858 @level="WARNING", @timestamp=1616618197799, @message="https://bikeables.client-staging.deliverybizpro.com/admin/users.php?mode=search&usertype=U&refresh=1 14 The key \"-ms-touch-action:\" is not recognized and ignored.">, #<Selenium::WebDriver::LogEntry:0x00007f862e156830 @level="WARNING", @timestamp=1616618198150, @message="https://bikeables.client-staging.deliverybizpro.com/admin/users.php?mode=search&usertype=U&refresh=1 - [DOM] Found 2 elements with non-unique id #frm-users-search: (More info: https://goo.gl/9p2vKq) %o %o">]
Create Supplier Profile,1.5455999374389648,[#<Selenium::WebDriver::LogEntry:0x00007f866e522c80 @level="WARNING", @timestamp=1616618202521, @message="https://bikeables.client-staging.deliverybizpro.com/admin/user_add.php?usertype=U 7 The key \"touch-action:\" is not recognized and ignored.">, #<Selenium::WebDriver::LogEntry:0x00007f866e521ec0 @level="WARNING", @timestamp=1616618202521, @message="https://bikeables.client-staging.deliverybizpro.com/admin/user_add.php?usertype=U 7 The key \"-ms-touch-action:\" is not recognized and ignored.">]
Edit/Search Products,2.4943740367889404,[#<Selenium::WebDriver::LogEntry:0x00007f866e6daa28 @level="WARNING", @timestamp=1616618207341, @message="https://bikeables.client-staging.deliverybizpro.com/admin/products 7 The key \"touch-action:\" is not recognized and ignored.">, #<Selenium::WebDriver::LogEntry:0x00007f866e6da9d8 @level="WARNING", @timestamp=1616618207341, @message="https://bikeables.client-staging.deliverybizpro.com/admin/products 7 The key \"-ms-touch-action:\" is not recognized and ignored.">, #<Selenium::WebDriver::LogEntry:0x00007f866e6da938 @level="WARNING", @timestamp=1616618208216, @message="https://bikeables.client-staging.deliverybizpro.com/admin/products - [DOM] Found 2 elements with non-unique id #collapse-quantity: (More info: https://goo.gl/9p2vKq) %o %o">]
Add New Product,2.5214879512786865,[#<Selenium::WebDriver::LogEntry:0x00007f865e0465f0 @level="WARNING", @timestamp=1616618212704, @message="https://bikeables.client-staging.deliverybizpro.com/admin/products/create 7 The key \"touch-action:\" is not recognized and ignored.">, #<Selenium::WebDriver::LogEntry:0x00007f865e0465c8 @level="WARNING", @timestamp=1616618212704, @message="https://bikeables.client-staging.deliverybizpro.com/admin/products/create 7 The key \"-ms-touch-action:\" is not recognized and ignored.">, #<Selenium::WebDriver::LogEntry:0x00007f865e046550 @level="SEVERE", @timestamp=1616618213823, @message="https://bikeables.client-staging.deliverybizpro.com/skin1/css/structure.css - Failed to load resource: the server responded with a status of 404 ()">, #<Selenium::WebDriver::LogEntry:0x00007f865e0464d8 @level="SEVERE", @timestamp=1616618214842, @message="https://bikeables.client-staging.deliverybizpro.com/skin1/css/structure.css - Failed to load resource: the server responded with a status of 404 ()">]
Import products,2.215596914291382,[#<Selenium::WebDriver::LogEntry:0x00007f865e09f948 @level="WARNING", @timestamp=1616618218094, @message="https://bikeables.client-staging.deliverybizpro.com/admin/products/import 7 The key \"touch-action:\" is not recognized and ignored.">, #<Selenium::WebDriver::LogEntry:0x00007f865e09f920 @level="WARNING", @timestamp=1616618218094, @message="https://bikeables.client-staging.deliverybizpro.com/admin/products/import 7 The key \"-ms-touch-action:\" is not recognized and ignored.">, #<Selenium::WebDriver::LogEntry:0x00007f865e09f8f8 @level="WARNING", @timestamp=1616618218309, @message="https://bikeables.client-staging.deliverybizpro.com/admin/router.php?iframe=Y#/task-status 7 The key \"touch-action:\" is not recognized and ignored.">, #<Selenium::WebDriver::LogEntry:0x00007f865e09f8d0 @level="WARNING", @timestamp=1616618218309, @message="https://bikeables.client-staging.deliverybizpro.com/admin/router.php?iframe=Y#/task-status 7 The key \"-ms-touch-action:\" is not recognized and ignored.">]
Export products,1.3303518295288086,[#<Selenium::WebDriver::LogEntry:0x00007f865e1047a8 @level="WARNING", @timestamp=1616618223354, @message="https://bikeables.client-staging.deliverybizpro.com/admin/products/export 7 The key \"touch-action:\" is not recognized and ignored.">, #<Selenium::WebDriver::LogEntry:0x00007f865e104780 @level="WARNING", @timestamp=1616618223354, @message="https://bikeables.client-staging.deliverybizpro.com/admin/products/export 7 The key \"-ms-touch-action:\" is not recognized and ignored.">]
Product Categories,1.471858024597168,[#<Selenium::WebDriver::LogEntry:0x00007f865e15d8d0 @level="WARNING", @timestamp=1616618227754, @message="https://bikeables.client-staging.deliverybizpro.com/admin/categories.php 7 The key \"touch-action:\" is not recognized and ignored.">, #<Selenium::WebDriver::LogEntry:0x00007f865e15d8a8 @level="WARNING", @timestamp=1616618227754, @message="https://bikeables.client-staging.deliverybizpro.com/admin/categories.php 7 The key \"-ms-touch-action:\" is not recognized and ignored.">]
Extra fields,1.4954898357391357,[#<Selenium::WebDriver::LogEntry:0x00007f865e1acc78 @level="WARNING", @timestamp=1616618232205, @message="https://bikeables.client-staging.deliverybizpro.com/admin/extra-fields 7 The key \"touch-action:\" is not recognized and ignored.">, #<Selenium::WebDriver::LogEntry:0x00007f865e1acc50 @level="WARNING", @timestamp=1616618232205, @message="https://bikeables.client-staging.deliverybizpro.com/admin/extra-fields 7 The key \"-ms-touch-action:\" is not recognized and ignored.">]
Warehouse Locations,1.347240924835205,[#<Selenium::WebDriver::LogEntry:0x00007f865e2177f8 @level="WARNING", @timestamp=1616618240742, @message="https://bikeables.client-staging.deliverybizpro.com/admin/warehouse-locations 7 The key \"touch-action:\" is not recognized and ignored.">, #<Selenium::WebDriver::LogEntry:0x00007f865e217780 @level="WARNING", @timestamp=1616618240742, @message="https://bikeables.client-staging.deliverybizpro.com/admin/warehouse-locations 7 The key \"-ms-touch-action:\" is not recognized and ignored.">]
Change/Assign Routes,1.382279396057129,[#<Selenium::WebDriver::LogEntry:0x00007f865e2756c8 @level="WARNING", @timestamp=1616618249140, @message="https://bikeables.client-staging.deliverybizpro.com/admin/assign_route_users.php 7 The key \"touch-action:\" is not recognized and ignored.">, #<Selenium::WebDriver::LogEntry:0x00007f865e2756a0 @level="WARNING", @timestamp=1616618249140, @message="https://bikeables.client-staging.deliverybizpro.com/admin/assign_route_users.php 7 The key \"-ms-touch-action:\" is not recognized and ignored.">, #<Selenium::WebDriver::LogEntry:0x00007f865e275600 @level="WARNING", @timestamp=1616618249256, @message="https://bikeables.client-staging.deliverybizpro.com/admin/assign_route_users.php - [DOM] Found 2 elements with non-unique id #show_not_validated: (More info: https://goo.gl/9p2vKq) %o %o">]
Create/Edit Routes,2.160109758377075,[#<Selenium::WebDriver::LogEntry:0x00007f862e00f4e0 @level="WARNING", @timestamp=1616618253778, @message="https://bikeables.client-staging.deliverybizpro.com/admin/routes.php 7 The key \"touch-action:\" is not recognized and ignored.">, #<Selenium::WebDriver::LogEntry:0x00007f862e00f4b8 @level="WARNING", @timestamp=1616618253778, @message="https://bikeables.client-staging.deliverybizpro.com/admin/routes.php 7 The key \"-ms-touch-action:\" is not recognized and ignored.">, #<Selenium::WebDriver::LogEntry:0x00007f862e00f490 @level="SEVERE", @timestamp=1616618254466, @message="https://bikeables.client-staging.deliverybizpro.com/skin1/css/structure.css - Failed to load resource: the server responded with a status of 404 ()">]
GPS Import/Export,1.3428430557250977,[#<Selenium::WebDriver::LogEntry:0x00007f862e04cde0 @level="WARNING", @timestamp=1616618258744, @message="https://bikeables.client-staging.deliverybizpro.com/admin/gpx.php 7 The key \"touch-action:\" is not recognized and ignored.">, #<Selenium::WebDriver::LogEntry:0x00007f862e04cdb8 @level="WARNING", @timestamp=1616618258744, @message="https://bikeables.client-staging.deliverybizpro.com/admin/gpx.php 7 The key \"-ms-touch-action:\" is not recognized and ignored.">]
Organize Route Stops,1.5097267627716064,[#<Selenium::WebDriver::LogEntry:0x00007f862e0943c0 @level="WARNING", @timestamp=1616618263112, @message="https://bikeables.client-staging.deliverybizpro.com/admin/router.php?r=organize_route_stops#/organize_route_stops 7 The key \"touch-action:\" is not recognized and ignored.">, #<Selenium::WebDriver::LogEntry:0x00007f862e094398 @level="WARNING", @timestamp=1616618263112, @message="https://bikeables.client-staging.deliverybizpro.com/admin/router.php?r=organize_route_stops#/organize_route_stops 7 The key \"-ms-touch-action:\" is not recognized and ignored.">]
Pickup Locations,1.5820040702819824,[#<Selenium::WebDriver::LogEntry:0x00007f862e0e6328 @level="WARNING", @timestamp=1616618267671, @message="https://bikeables.client-staging.deliverybizpro.com/admin/pickup_locations.php 7 The key \"touch-action:\" is not recognized and ignored.">, #<Selenium::WebDriver::LogEntry:0x00007f862e0e6300 @level="WARNING", @timestamp=1616618267672, @message="https://bikeables.client-staging.deliverybizpro.com/admin/pickup_locations.php 7 The key \"-ms-touch-action:\" is not recognized and ignored.">, #<Selenium::WebDriver::LogEntry:0x00007f862e0e62b0 @level="WARNING", @timestamp=1616618267978, @message="https://bikeables.client-staging.deliverybizpro.com/admin/pickup_locations.php - [DOM] Found 5 elements with non-unique id #move_route_button: (More info: https://goo.gl/9p2vKq) %o %o %o %o %o">]
Organize Pickup Locations,1.3420217037200928,[#<Selenium::WebDriver::LogEntry:0x00007f862e12ff00 @level="WARNING", @timestamp=1616618272260, @message="https://bikeables.client-staging.deliverybizpro.com/admin/route_pickup_locations.php 7 The key \"touch-action:\" is not recognized and ignored.">, #<Selenium::WebDriver::LogEntry:0x00007f862e12fed8 @level="WARNING", @timestamp=1616618272260, @message="https://bikeables.client-staging.deliverybizpro.com/admin/route_pickup_locations.php 7 The key \"-ms-touch-action:\" is not recognized and ignored.">]
Manage KML File,1.4959948062896729,[#<Selenium::WebDriver::LogEntry:0x00007f866e3a0308 @level="WARNING", @timestamp=1616618276629, @message="https://bikeables.client-staging.deliverybizpro.com/admin/router.php?r=kml#/kml 7 The key \"touch-action:\" is not recognized and ignored.">, #<Selenium::WebDriver::LogEntry:0x00007f866e3a0268 @level="WARNING", @timestamp=1616618276629, @message="https://bikeables.client-staging.deliverybizpro.com/admin/router.php?r=kml#/kml 7 The key \"-ms-touch-action:\" is not recognized and ignored.">]
Display Route/KML Issues,1.3465518951416016,[#<Selenium::WebDriver::LogEntry:0x00007f866e5e8f98 @level="WARNING", @timestamp=1616618281203, @message="https://bikeables.client-staging.deliverybizpro.com/admin/route_kml_issues.php 7 The key \"touch-action:\" is not recognized and ignored.">, #<Selenium::WebDriver::LogEntry:0x00007f866e5e8f48 @level="WARNING", @timestamp=1616618281203, @message="https://bikeables.client-staging.deliverybizpro.com/admin/route_kml_issues.php 7 The key \"-ms-touch-action:\" is not recognized and ignored.">]
Organize Load Sheet,2.4266340732574463,[#<Selenium::WebDriver::LogEntry:0x00007f866e7828b8 @level="WARNING", @timestamp=1616618286558, @message="https://bikeables.client-staging.deliverybizpro.com/admin/order_routes_products.php 7 The key \"touch-action:\" is not recognized and ignored.">, #<Selenium::WebDriver::LogEntry:0x00007f866e782840 @level="WARNING", @timestamp=1616618286558, @message="https://bikeables.client-staging.deliverybizpro.com/admin/order_routes_products.php 7 The key \"-ms-touch-action:\" is not recognized and ignored.">]
Print Route Sheets,1.5988280773162842,[#<Selenium::WebDriver::LogEntry:0x00007f865e09c7e8 @level="WARNING", @timestamp=1616618292102, @message="https://bikeables.client-staging.deliverybizpro.com/admin/driving_dir.php 7 The key \"touch-action:\" is not recognized and ignored.">, #<Selenium::WebDriver::LogEntry:0x00007f865e09c7c0 @level="WARNING", @timestamp=1616618292102, @message="https://bikeables.client-staging.deliverybizpro.com/admin/driving_dir.php 7 The key \"-ms-touch-action:\" is not recognized and ignored.">, #<Selenium::WebDriver::LogEntry:0x00007f865e09c770 @level="WARNING", @timestamp=1616618292352, @message="https://bikeables.client-staging.deliverybizpro.com/admin/driving_dir.php - [DOM] Found 2 elements with non-unique id #custom-range-input-multiple: (More info: https://goo.gl/9p2vKq) %o %o">, #<Selenium::WebDriver::LogEntry:0x00007f865e09c748 @level="WARNING", @timestamp=1616618292352, @message="https://bikeables.client-staging.deliverybizpro.com/admin/driving_dir.php - [DOM] Found 2 elements with non-unique id #mult-route-id: (More info: https://goo.gl/9p2vKq) %o %o">]
Print Route Sheets - Export to Excel,1.5049309730529785,[#<Selenium::WebDriver::LogEntry:0x00007f865e1450a0 @level="WARNING", @timestamp=1616618293697, @message="https://bikeables.client-staging.deliverybizpro.com/admin/driving_dir.php 7 The key \"touch-action:\" is not recognized and ignored.">, #<Selenium::WebDriver::LogEntry:0x00007f865e145050 @level="WARNING", @timestamp=1616618293698, @message="https://bikeables.client-staging.deliverybizpro.com/admin/driving_dir.php 7 The key \"-ms-touch-action:\" is not recognized and ignored.">, #<Selenium::WebDriver::LogEntry:0x00007f865e145028 @level="WARNING", @timestamp=1616618293876, @message="https://bikeables.client-staging.deliverybizpro.com/admin/driving_dir.php - [DOM] Found 2 elements with non-unique id #custom-range-input-multiple: (More info: https://goo.gl/9p2vKq) %o %o">, #<Selenium::WebDriver::LogEntry:0x00007f865e145000 @level="WARNING", @timestamp=1616618293876, @message="https://bikeables.client-staging.deliverybizpro.com/admin/driving_dir.php - [DOM] Found 2 elements with non-unique id #mult-route-id: (More info: https://goo.gl/9p2vKq) %o %o">]
Print Bag Labels,1.4602081775665283,[#<Selenium::WebDriver::LogEntry:0x00007f865e17cc08 @level="WARNING", @timestamp=1616618296205, @message="https://bikeables.client-staging.deliverybizpro.com/admin/driving_dir.php?bag_label=1 7 The key \"touch-action:\" is not recognized and ignored.">, #<Selenium::WebDriver::LogEntry:0x00007f865e17cbe0 @level="WARNING", @timestamp=1616618296205, @message="https://bikeables.client-staging.deliverybizpro.com/admin/driving_dir.php?bag_label=1 7 The key \"-ms-touch-action:\" is not recognized and ignored.">, #<Selenium::WebDriver::LogEntry:0x00007f865e17cbb8 @level="WARNING", @timestamp=1616618296361, @message="https://bikeables.client-staging.deliverybizpro.com/admin/driving_dir.php?bag_label=1 - [DOM] Found 2 elements with non-unique id #custom-range-input-multiple: (More info: https://goo.gl/9p2vKq) %o %o">, #<Selenium::WebDriver::LogEntry:0x00007f865e17cb68 @level="WARNING", @timestamp=1616618296361, @message="https://bikeables.client-staging.deliverybizpro.com/admin/driving_dir.php?bag_label=1 - [DOM] Found 2 elements with non-unique id #mult-route-id: (More info: https://goo.gl/9p2vKq) %o %o">]
Print Bag Labels - Export to Excel,1.4833300113677979,[#<Selenium::WebDriver::LogEntry:0x00007f865e204860 @level="WARNING", @timestamp=1616618297670, @message="https://bikeables.client-staging.deliverybizpro.com/admin/driving_dir.php?bag_label=1 7 The key \"touch-action:\" is not recognized and ignored.">, #<Selenium::WebDriver::LogEntry:0x00007f865e204838 @level="WARNING", @timestamp=1616618297670, @message="https://bikeables.client-staging.deliverybizpro.com/admin/driving_dir.php?bag_label=1 7 The key \"-ms-touch-action:\" is not recognized and ignored.">, #<Selenium::WebDriver::LogEntry:0x00007f865e2047c0 @level="WARNING", @timestamp=1616618297834, @message="https://bikeables.client-staging.deliverybizpro.com/admin/driving_dir.php?bag_label=1 - [DOM] Found 2 elements with non-unique id #custom-range-input-multiple: (More info: https://goo.gl/9p2vKq) %o %o">, #<Selenium::WebDriver::LogEntry:0x00007f865e204798 @level="WARNING", @timestamp=1616618297834, @message="https://bikeables.client-staging.deliverybizpro.com/admin/driving_dir.php?bag_label=1 - [DOM] Found 2 elements with non-unique id #mult-route-id: (More info: https://goo.gl/9p2vKq) %o %o">]
Show Invalid Addresses,11.251175880432129,[#<Selenium::WebDriver::LogEntry:0x00007f865e23c1e8 @level="WARNING", @timestamp=1616618309991, @message="https://bikeables.client-staging.deliverybizpro.com/admin/users_invalid_zips.php 7 The key \"touch-action:\" is not recognized and ignored.">, #<Selenium::WebDriver::LogEntry:0x00007f865e23c198 @level="WARNING", @timestamp=1616618309991, @message="https://bikeables.client-staging.deliverybizpro.com/admin/users_invalid_zips.php 7 The key \"-ms-touch-action:\" is not recognized and ignored.">]
Billing,1.073070764541626,[]
Paper/Email Billing,1.6797428131103516,[#<Selenium::WebDriver::LogEntry:0x00007f862e026af0 @level="WARNING", @timestamp=1616618318826, @message="https://bikeables.client-staging.deliverybizpro.com/admin/customer_billing.php 7 The key \"touch-action:\" is not recognized and ignored.">, #<Selenium::WebDriver::LogEntry:0x00007f862e026ac8 @level="WARNING", @timestamp=1616618318826, @message="https://bikeables.client-staging.deliverybizpro.com/admin/customer_billing.php 7 The key \"-ms-touch-action:\" is not recognized and ignored.">]
Electronic Billing,1.6242780685424805,[#<Selenium::WebDriver::LogEntry:0x00007f862e065048 @level="WARNING", @timestamp=1616618323292, @message="https://bikeables.client-staging.deliverybizpro.com/admin/billing.php 7 The key \"touch-action:\" is not recognized and ignored.">, #<Selenium::WebDriver::LogEntry:0x00007f862e065020 @level="WARNING", @timestamp=1616618323293, @message="https://bikeables.client-staging.deliverybizpro.com/admin/billing.php 7 The key \"-ms-touch-action:\" is not recognized and ignored.">]
Mass Update Payments,1.477729082107544,[#<Selenium::WebDriver::LogEntry:0x00007f862e0b7500 @level="WARNING", @timestamp=1616618327929, @message="https://bikeables.client-staging.deliverybizpro.com/admin/mass_update_payments.php 7 The key \"touch-action:\" is not recognized and ignored.">, #<Selenium::WebDriver::LogEntry:0x00007f862e0b74d8 @level="WARNING", @timestamp=1616618327929, @message="https://bikeables.client-staging.deliverybizpro.com/admin/mass_update_payments.php 7 The key \"-ms-touch-action:\" is not recognized and ignored.">]
Mass Deposit Returns/Charges,1.3338618278503418,[#<Selenium::WebDriver::LogEntry:0x00007f862e0fdf00 @level="WARNING", @timestamp=1616618332405, @message="https://bikeables.client-staging.deliverybizpro.com/admin/bottle_deposits.php 7 The key \"touch-action:\" is not recognized and ignored.">, #<Selenium::WebDriver::LogEntry:0x00007f862e0fdeb0 @level="WARNING", @timestamp=1616618332405, @message="https://bikeables.client-staging.deliverybizpro.com/admin/bottle_deposits.php 7 The key \"-ms-touch-action:\" is not recognized and ignored.">]
Global Invoice Notes,1.5587210655212402,[#<Selenium::WebDriver::LogEntry:0x00007f862e13c7f0 @level="WARNING", @timestamp=1616618336771, @message="https://bikeables.client-staging.deliverybizpro.com/admin/global_notes.php 7 The key \"touch-action:\" is not recognized and ignored.">, #<Selenium::WebDriver::LogEntry:0x00007f862e13c7a0 @level="WARNING", @timestamp=1616618336771, @message="https://bikeables.client-staging.deliverybizpro.com/admin/global_notes.php 7 The key \"-ms-touch-action:\" is not recognized and ignored.">, #<Selenium::WebDriver::LogEntry:0x00007f862e13c750 @level="SEVERE", @timestamp=1616618338103, @message="https://bikeables.client-staging.deliverybizpro.com/skin1/css/structure.css - Failed to load resource: the server responded with a status of 404 ()">]
View GC Purchase Log,1.3690998554229736,[#<Selenium::WebDriver::LogEntry:0x00007f866e492f90 @level="WARNING", @timestamp=1616618341361, @message="https://bikeables.client-staging.deliverybizpro.com/admin/giftcerts_purchase_log.php 7 The key \"touch-action:\" is not recognized and ignored.">, #<Selenium::WebDriver::LogEntry:0x00007f866e492ef0 @level="WARNING", @timestamp=1616618341361, @message="https://bikeables.client-staging.deliverybizpro.com/admin/giftcerts_purchase_log.php 7 The key \"-ms-touch-action:\" is not recognized and ignored.">]
Sales Reporting,1.0654349327087402,[]
Countdown Sales Report,1.4973139762878418,[#<Selenium::WebDriver::LogEntry:0x00007f865e03c7a8 @level="WARNING", @timestamp=1616618353941, @message="https://bikeables.client-staging.deliverybizpro.com/admin/reports.php?report_type=countdown 7 The key \"touch-action:\" is not recognized and ignored.">, #<Selenium::WebDriver::LogEntry:0x00007f865e03c730 @level="WARNING", @timestamp=1616618353941, @message="https://bikeables.client-staging.deliverybizpro.com/admin/reports.php?report_type=countdown 7 The key \"-ms-touch-action:\" is not recognized and ignored.">]
Countdown Sales Report - Export to Excel,1.2148759365081787,[]
Cross-Selling Report,1.3575010299682617,[#<Selenium::WebDriver::LogEntry:0x00007f865e11d528 @level="WARNING", @timestamp=1616618357612, @message="https://bikeables.client-staging.deliverybizpro.com/admin/reports.php?report_type=cross_selling 7 The key \"touch-action:\" is not recognized and ignored.">, #<Selenium::WebDriver::LogEntry:0x00007f865e11d4d8 @level="WARNING", @timestamp=1616618357612, @message="https://bikeables.client-staging.deliverybizpro.com/admin/reports.php?report_type=cross_selling 7 The key \"-ms-touch-action:\" is not recognized and ignored.">]
Cross-Selling Report - Export to Excel,1.0950391292572021,[#<Selenium::WebDriver::LogEntry:0x00007f865e1a58b0 @level="WARNING", @timestamp=1616618359859, @message="https://bikeables.client-staging.deliverybizpro.com/admin/reports.php?report_type=cross_selling - [DOM] Found 2 elements with non-unique id #action_value: (More info: https://goo.gl/9p2vKq) %o %o">]
Discount Coupon Report,1.370685338973999,[#<Selenium::WebDriver::LogEntry:0x00007f865e1dde40 @level="WARNING", @timestamp=1616618361104, @message="https://bikeables.client-staging.deliverybizpro.com/admin/reports.php?report_type=discount_coupon 7 The key \"touch-action:\" is not recognized and ignored.">, #<Selenium::WebDriver::LogEntry:0x00007f865e1dde18 @level="WARNING", @timestamp=1616618361104, @message="https://bikeables.client-staging.deliverybizpro.com/admin/reports.php?report_type=discount_coupon 7 The key \"-ms-touch-action:\" is not recognized and ignored.">]
Discount Coupon Report - Export to Excel,1.076887845993042,[]
Manage Cross-Selling,1.3120341300964355,[#<Selenium::WebDriver::LogEntry:0x00007f865e29d3a8 @level="WARNING", @timestamp=1616618364541, @message="https://bikeables.client-staging.deliverybizpro.com/admin/reports.php?report_type=upselling 7 The key \"touch-action:\" is not recognized and ignored.">, #<Selenium::WebDriver::LogEntry:0x00007f865e29d380 @level="WARNING", @timestamp=1616618364542, @message="https://bikeables.client-staging.deliverybizpro.com/admin/reports.php?report_type=upselling 7 The key \"-ms-touch-action:\" is not recognized and ignored.">]
Manage Cross-Selling - Export to Excel,1.0721209049224854,[]
Ordered Products Reports,1.540369987487793,[#<Selenium::WebDriver::LogEntry:0x00007f862e0842e0 @level="WARNING", @timestamp=1616618368028, @message="https://bikeables.client-staging.deliverybizpro.com/admin/reports.php?report_type=product 7 The key \"touch-action:\" is not recognized and ignored.">, #<Selenium::WebDriver::LogEntry:0x00007f862e0842b8 @level="WARNING", @timestamp=1616618368028, @message="https://bikeables.client-staging.deliverybizpro.com/admin/reports.php?report_type=product 7 The key \"-ms-touch-action:\" is not recognized and ignored.">]
Ordered Products Reports - Export to Excel,5.683432340621948,[]
Overall Sales,1.652148962020874,[#<Selenium::WebDriver::LogEntry:0x00007f862e12cf80 @level="WARNING", @timestamp=1616618376236, @message="https://bikeables.client-staging.deliverybizpro.com/admin/reports.php?report_type=over_sales 7 The key \"touch-action:\" is not recognized and ignored.">, #<Selenium::WebDriver::LogEntry:0x00007f862e12cdf0 @level="WARNING", @timestamp=1616618376236, @message="https://bikeables.client-staging.deliverybizpro.com/admin/reports.php?report_type=over_sales 7 The key \"-ms-touch-action:\" is not recognized and ignored.">]
Overall Sales - Export to Excel,1.3015596866607666,[]
Sales By Route,1.5642468929290771,[#<Selenium::WebDriver::LogEntry:0x00007f866e69bd00 @level="WARNING", @timestamp=1616618380183, @message="https://bikeables.client-staging.deliverybizpro.com/admin/reports.php?report_type=sales_by_route 7 The key \"touch-action:\" is not recognized and ignored.">, #<Selenium::WebDriver::LogEntry:0x00007f866e69bc38 @level="WARNING", @timestamp=1616618380183, @message="https://bikeables.client-staging.deliverybizpro.com/admin/reports.php?report_type=sales_by_route 7 The key \"-ms-touch-action:\" is not recognized and ignored.">]
Sales By Route - Export to Excel,1.302119255065918,[]
Financials Reporting,1.0596230030059814,[]
Average Order Report,1.3712151050567627,[#<Selenium::WebDriver::LogEntry:0x00007f865e0f66a8 @level="WARNING", @timestamp=1616618386077, @message="https://bikeables.client-staging.deliverybizpro.com/admin/reports.php?report_type=average_order 7 The key \"touch-action:\" is not recognized and ignored.">, #<Selenium::WebDriver::LogEntry:0x00007f865e0f6680 @level="WARNING", @timestamp=1616618386077, @message="https://bikeables.client-staging.deliverybizpro.com/admin/reports.php?report_type=average_order 7 The key \"-ms-touch-action:\" is not recognized and ignored.">]
Average Order Report - Export to Excel,1.065742015838623,[#<Selenium::WebDriver::LogEntry:0x00007f865e17c280 @level="WARNING", @timestamp=1616618388301, @message="https://bikeables.client-staging.deliverybizpro.com/admin/reports.php?report_type=average_order - [DOM] Found 2 elements with non-unique id #action_value: (More info: https://goo.gl/9p2vKq) %o %o">]
Credits Report,1.3628489971160889,[#<Selenium::WebDriver::LogEntry:0x00007f865e1b4c70 @level="WARNING", @timestamp=1616618389526, @message="https://bikeables.client-staging.deliverybizpro.com/admin/reports.php?report_type=credits 7 The key \"touch-action:\" is not recognized and ignored.">, #<Selenium::WebDriver::LogEntry:0x00007f865e1b4bf8 @level="WARNING", @timestamp=1616618389526, @message="https://bikeables.client-staging.deliverybizpro.com/admin/reports.php?report_type=credits 7 The key \"-ms-touch-action:\" is not recognized and ignored.">]
Credits Report - Export to Excel,1.0760362148284912,[#<Selenium::WebDriver::LogEntry:0x00007f865e23c4e0 @level="WARNING", @timestamp=1616618391748, @message="https://bikeables.client-staging.deliverybizpro.com/admin/reports.php?report_type=credits - [DOM] Found 2 elements with non-unique id #action_value: (More info: https://goo.gl/9p2vKq) %o %o">]
Effective Margin Report,1.3440330028533936,[#<Selenium::WebDriver::LogEntry:0x00007f865e274110 @level="WARNING", @timestamp=1616618393000, @message="https://bikeables.client-staging.deliverybizpro.com/admin/reports.php?report_type=effective_margin 7 The key \"touch-action:\" is not recognized and ignored.">, #<Selenium::WebDriver::LogEntry:0x00007f865e2740e8 @level="WARNING", @timestamp=1616618393000, @message="https://bikeables.client-staging.deliverybizpro.com/admin/reports.php?report_type=effective_margin 7 The key \"-ms-touch-action:\" is not recognized and ignored.">]
Effective Margin Report - Export to Excel,4.135450124740601,[]
Financials Export,1.283750295639038,[#<Selenium::WebDriver::LogEntry:0x00007f862e0657f0 @level="WARNING", @timestamp=1616618399468, @message="https://bikeables.client-staging.deliverybizpro.com/admin/reports.php?report_type=financials 7 The key \"touch-action:\" is not recognized and ignored.">, #<Selenium::WebDriver::LogEntry:0x00007f862e0657c8 @level="WARNING", @timestamp=1616618399468, @message="https://bikeables.client-staging.deliverybizpro.com/admin/reports.php?report_type=financials 7 The key \"-ms-touch-action:\" is not recognized and ignored.">]
Financials Export - Export to Excel,1.205754041671753,[]
No Payment Customers,2.958156108856201,[#<Selenium::WebDriver::LogEntry:0x00007f862e10cac8 @level="WARNING", @timestamp=1616618404573, @message="https://bikeables.client-staging.deliverybizpro.com/admin/reports.php?report_type=not_paid 7 The key \"touch-action:\" is not recognized and ignored.">, #<Selenium::WebDriver::LogEntry:0x00007f862e10caa0 @level="WARNING", @timestamp=1616618404573, @message="https://bikeables.client-staging.deliverybizpro.com/admin/reports.php?report_type=not_paid 7 The key \"-ms-touch-action:\" is not recognized and ignored.">]
No Payment Customers - Export to Excel,2.898961067199707,[]
Past Due Customers,1.3763270378112793,[#<Selenium::WebDriver::LogEntry:0x00007f866e5e3f98 @level="WARNING", @timestamp=1616618409917, @message="https://bikeables.client-staging.deliverybizpro.com/admin/reports.php?report_type=due 7 The key \"touch-action:\" is not recognized and ignored.">, #<Selenium::WebDriver::LogEntry:0x00007f866e5e3f48 @level="WARNING", @timestamp=1616618409917, @message="https://bikeables.client-staging.deliverybizpro.com/admin/reports.php?report_type=due 7 The key \"-ms-touch-action:\" is not recognized and ignored.">]
Past Due Customers - Export to Excel,1.3157670497894287,[]
Payments On Review,1.3704190254211426,[#<Selenium::WebDriver::LogEntry:0x00007f865e07d2a8 @level="WARNING", @timestamp=1616618413588, @message="https://bikeables.client-staging.deliverybizpro.com/admin/reports.php?report_type=review_payments 7 The key \"touch-action:\" is not recognized and ignored.">, #<Selenium::WebDriver::LogEntry:0x00007f865e07d280 @level="WARNING", @timestamp=1616618413588, @message="https://bikeables.client-staging.deliverybizpro.com/admin/reports.php?report_type=review_payments 7 The key \"-ms-touch-action:\" is not recognized and ignored.">, #<Selenium::WebDriver::LogEntry:0x00007f865e07d208 @level="SEVERE", @timestamp=1616618413708, @message="https://bikeables.client-staging.deliverybizpro.com/admin/skin1/admin/admin-modal.css - Failed to load resource: the server responded with a status of 404 ()">]
Payments On Review - Export to Excel,1.195826768875122,[]
Payments Posted Report,1.3761751651763916,[#<Selenium::WebDriver::LogEntry:0x00007f865e15eb40 @level="WARNING", @timestamp=1616618417192, @message="https://bikeables.client-staging.deliverybizpro.com/admin/reports.php?report_type=checks_posted 7 The key \"touch-action:\" is not recognized and ignored.">, #<Selenium::WebDriver::LogEntry:0x00007f865e15eb18 @level="WARNING", @timestamp=1616618417192, @message="https://bikeables.client-staging.deliverybizpro.com/admin/reports.php?report_type=checks_posted 7 The key \"-ms-touch-action:\" is not recognized and ignored.">]
Payments Posted Report - Export to Excel,1.3305590152740479,[]
Profit Report,1.5047340393066406,[#<Selenium::WebDriver::LogEntry:0x00007f865e21f958 @level="WARNING", @timestamp=1616618420934, @message="https://bikeables.client-staging.deliverybizpro.com/admin/reports.php?report_type=profit 7 The key \"touch-action:\" is not recognized and ignored.">, #<Selenium::WebDriver::LogEntry:0x00007f865e21f930 @level="WARNING", @timestamp=1616618420934, @message="https://bikeables.client-staging.deliverybizpro.com/admin/reports.php?report_type=profit 7 The key \"-ms-touch-action:\" is not recognized and ignored.">]
Profit Report - Export to Excel,1.347355842590332,[]
Recent Payments Report,1.3498921394348145,[#<Selenium::WebDriver::LogEntry:0x00007f862e0140a8 @level="WARNING", @timestamp=1616618424775, @message="https://bikeables.client-staging.deliverybizpro.com/admin/reports.php?report_type=delivery_payment 7 The key \"touch-action:\" is not recognized and ignored.">, #<Selenium::WebDriver::LogEntry:0x00007f862e014080 @level="WARNING", @timestamp=1616618424776, @message="https://bikeables.client-staging.deliverybizpro.com/admin/reports.php?report_type=delivery_payment 7 The key \"-ms-touch-action:\" is not recognized and ignored.">]
Recent Payments Report - Export to Excel,1.0819687843322754,[]
Show Currently Owed,2.132388114929199,[#<Selenium::WebDriver::LogEntry:0x00007f862e0bd798 @level="WARNING", @timestamp=1616618428659, @message="https://bikeables.client-staging.deliverybizpro.com/admin/reports.php?report_type=owed 7 The key \"touch-action:\" is not recognized and ignored.">, #<Selenium::WebDriver::LogEntry:0x00007f862e0bd748 @level="WARNING", @timestamp=1616618428659, @message="https://bikeables.client-staging.deliverybizpro.com/admin/reports.php?report_type=owed 7 The key \"-ms-touch-action:\" is not recognized and ignored.">]
Show Currently Owed - Export to Excel,1.6900861263275146,[]
Taxes Report,1.3944408893585205,[#<Selenium::WebDriver::LogEntry:0x00007f866e1caf38 @level="WARNING", @timestamp=1616618433071, @message="https://bikeables.client-staging.deliverybizpro.com/admin/reports.php?report_type=taxes 7 The key \"touch-action:\" is not recognized and ignored.">, #<Selenium::WebDriver::LogEntry:0x00007f866e1cae20 @level="WARNING", @timestamp=1616618433072, @message="https://bikeables.client-staging.deliverybizpro.com/admin/reports.php?report_type=taxes 7 The key \"-ms-touch-action:\" is not recognized and ignored.">]
Taxes Report - Export to Excel,1.1836910247802734,[]
Product Reporting,1.0628039836883545,[]
Bagged Items Report,1.466831922531128,[#<Selenium::WebDriver::LogEntry:0x00007f865e055e38 @level="WARNING", @timestamp=1616618438730, @message="https://bikeables.client-staging.deliverybizpro.com/admin/reports.php?report_type=bagged_items 7 The key \"touch-action:\" is not recognized and ignored.">, #<Selenium::WebDriver::LogEntry:0x00007f865e055dc0 @level="WARNING", @timestamp=1616618438730, @message="https://bikeables.client-staging.deliverybizpro.com/admin/reports.php?report_type=bagged_items 7 The key \"-ms-touch-action:\" is not recognized and ignored.">]
Bagged Items Report - Export to Excel,2.5793771743774414,[]
Customized Products,1.4195671081542969,[#<Selenium::WebDriver::LogEntry:0x00007f865e1367d0 @level="WARNING", @timestamp=1616618443763, @message="https://bikeables.client-staging.deliverybizpro.com/admin/reports.php?report_type=customized_products 7 The key \"touch-action:\" is not recognized and ignored.">, #<Selenium::WebDriver::LogEntry:0x00007f865e1367a8 @level="WARNING", @timestamp=1616618443763, @message="https://bikeables.client-staging.deliverybizpro.com/admin/reports.php?report_type=customized_products 7 The key \"-ms-touch-action:\" is not recognized and ignored.">, #<Selenium::WebDriver::LogEntry:0x00007f865e136758 @level="SEVERE", @timestamp=1616618443880, @message="https://bikeables.client-staging.deliverybizpro.com/admin/skin1/admin/admin-modal.css - Failed to load resource: the server responded with a status of 404 ()">]
Customized Products - Export to Excel,1.1662070751190186,[]
Forecast,1.4664030075073242,[#<Selenium::WebDriver::LogEntry:0x00007f865e2073a8 @level="WARNING", @timestamp=1616618469449, @message="https://bikeables.client-staging.deliverybizpro.com/admin/reports.php?report_type=forecast 7 The key \"touch-action:\" is not recognized and ignored.">, #<Selenium::WebDriver::LogEntry:0x00007f865e207380 @level="WARNING", @timestamp=1616618469449, @message="https://bikeables.client-staging.deliverybizpro.com/admin/reports.php?report_type=forecast 7 The key \"-ms-touch-action:\" is not recognized and ignored.">]
Inventory,1.4326436519622803,[#<Selenium::WebDriver::LogEntry:0x00007f865e255288 @level="WARNING", @timestamp=1616618473995, @message="https://bikeables.client-staging.deliverybizpro.com/admin/reports.php?report_type=inventory&hide_disabled_inventory=Y 7 The key \"touch-action:\" is not recognized and ignored.">, #<Selenium::WebDriver::LogEntry:0x00007f865e255210 @level="WARNING", @timestamp=1616618473996, @message="https://bikeables.client-staging.deliverybizpro.com/admin/reports.php?report_type=inventory&hide_disabled_inventory=Y 7 The key \"-ms-touch-action:\" is not recognized and ignored.">]
Inventory - Export to Excel,1.2413749694824219,[]
Product Reporting,1.0538711547851562,[]
Load Sheet Report,1.3597989082336426,[#<Selenium::WebDriver::LogEntry:0x00007f862e07edb8 @level="WARNING", @timestamp=1616618479649, @message="https://bikeables.client-staging.deliverybizpro.com/admin/reports.php?report_type=load_sheet 7 The key \"touch-action:\" is not recognized and ignored.">, #<Selenium::WebDriver::LogEntry:0x00007f862e07ed90 @level="WARNING", @timestamp=1616618479649, @message="https://bikeables.client-staging.deliverybizpro.com/admin/reports.php?report_type=load_sheet 7 The key \"-ms-touch-action:\" is not recognized and ignored.">]
Load Sheet Report - Export to Excel,1.0930438041687012,[]
Out Of Stock Report,1.4315986633300781,[#<Selenium::WebDriver::LogEntry:0x00007f862e127df0 @level="WARNING", @timestamp=1616618483175, @message="https://bikeables.client-staging.deliverybizpro.com/admin/reports.php?report_type=out_of_stock 7 The key \"touch-action:\" is not recognized and ignored.">, #<Selenium::WebDriver::LogEntry:0x00007f862e127dc8 @level="WARNING", @timestamp=1616618483176, @message="https://bikeables.client-staging.deliverybizpro.com/admin/reports.php?report_type=out_of_stock 7 The key \"-ms-touch-action:\" is not recognized and ignored.">, #<Selenium::WebDriver::LogEntry:0x00007f862e127d78 @level="SEVERE", @timestamp=1616618483293, @message="https://bikeables.client-staging.deliverybizpro.com/admin/skin1/admin/admin-modal.css - Failed to load resource: the server responded with a status of 404 ()">]
Out Of Stock Report - Export to Excel,1.0645089149475098,[]
Customer Reporting,1.056993007659912,[]
Customer Count Report,1.4129810333251953,[#<Selenium::WebDriver::LogEntry:0x00007f866e7da068 @level="WARNING", @timestamp=1616618532808, @message="https://bikeables.client-staging.deliverybizpro.com/admin/reports.php?report_type=customer_count 7 The key \"touch-action:\" is not recognized and ignored.">, #<Selenium::WebDriver::LogEntry:0x00007f866e7d9fa0 @level="WARNING", @timestamp=1616618532808, @message="https://bikeables.client-staging.deliverybizpro.com/admin/reports.php?report_type=customer_count 7 The key \"-ms-touch-action:\" is not recognized and ignored.">]
Customer Count Report - Export to Excel,1.1091110706329346,[#<Selenium::WebDriver::LogEntry:0x00007f865e0b6f30 @level="WARNING", @timestamp=1616618535056, @message="https://bikeables.client-staging.deliverybizpro.com/admin/reports.php?report_type=customer_count - [DOM] Found 2 elements with non-unique id #action_value: (More info: https://goo.gl/9p2vKq) %o %o">]
Customer Orders Count,1.3820161819458008,[#<Selenium::WebDriver::LogEntry:0x00007f865e106878 @level="WARNING", @timestamp=1616618536341, @message="https://bikeables.client-staging.deliverybizpro.com/admin/reports.php?report_type=customer_orders 7 The key \"touch-action:\" is not recognized and ignored.">, #<Selenium::WebDriver::LogEntry:0x00007f865e106850 @level="WARNING", @timestamp=1616618536341, @message="https://bikeables.client-staging.deliverybizpro.com/admin/reports.php?report_type=customer_orders 7 The key \"-ms-touch-action:\" is not recognized and ignored.">]
Customer Orders Count - Export to Excel,1.077666997909546,[]
Deposit Report,1.3974740505218506,[#<Selenium::WebDriver::LogEntry:0x00007f865e1c5e58 @level="WARNING", @timestamp=1616618539828, @message="https://bikeables.client-staging.deliverybizpro.com/admin/reports.php?report_type=bottle_deposit 7 The key \"touch-action:\" is not recognized and ignored.">, #<Selenium::WebDriver::LogEntry:0x00007f865e1c5e30 @level="WARNING", @timestamp=1616618539828, @message="https://bikeables.client-staging.deliverybizpro.com/admin/reports.php?report_type=bottle_deposit 7 The key \"-ms-touch-action:\" is not recognized and ignored.">]
Deposit Report - Export to Excel,1.2765870094299316,[]
Followup Report,1.4382798671722412,[#<Selenium::WebDriver::LogEntry:0x00007f865e285168 @level="WARNING", @timestamp=1616618543510, @message="https://bikeables.client-staging.deliverybizpro.com/admin/reports.php?report_type=followup 7 The key \"touch-action:\" is not recognized and ignored.">, #<Selenium::WebDriver::LogEntry:0x00007f865e285140 @level="WARNING", @timestamp=1616618543510, @message="https://bikeables.client-staging.deliverybizpro.com/admin/reports.php?report_type=followup 7 The key \"-ms-touch-action:\" is not recognized and ignored.">]
Followup Report - Export to Excel,1.0676538944244385,[#<Selenium::WebDriver::LogEntry:0x00007f862e046530 @level="WARNING", @timestamp=1616618545785, @message="https://bikeables.client-staging.deliverybizpro.com/admin/reports.php?report_type=followup - [DOM] Found 2 elements with non-unique id #action_value: (More info: https://goo.gl/9p2vKq) %o %o">]
Friend Referral Report,1.3645191192626953,[#<Selenium::WebDriver::LogEntry:0x00007f862e075bf0 @level="WARNING", @timestamp=1616618547021, @message="https://bikeables.client-staging.deliverybizpro.com/admin/reports.php?report_type=refer_friend 7 The key \"touch-action:\" is not recognized and ignored.">, #<Selenium::WebDriver::LogEntry:0x00007f862e075bc8 @level="WARNING", @timestamp=1616618547021, @message="https://bikeables.client-staging.deliverybizpro.com/admin/reports.php?report_type=refer_friend 7 The key \"-ms-touch-action:\" is not recognized and ignored.">]
Friend Referral Report - Export to Excel,1.1599068641662598,[]
Minimum Order Report,1.3344011306762695,[#<Selenium::WebDriver::LogEntry:0x00007f862e11ed40 @level="WARNING", @timestamp=1616618550544, @message="https://bikeables.client-staging.deliverybizpro.com/admin/reports.php?report_type=min_order_report 7 The key \"touch-action:\" is not recognized and ignored.">, #<Selenium::WebDriver::LogEntry:0x00007f862e11ed18 @level="WARNING", @timestamp=1616618550544, @message="https://bikeables.client-staging.deliverybizpro.com/admin/reports.php?report_type=min_order_report 7 The key \"-ms-touch-action:\" is not recognized and ignored.">]
Minimum Order Report - Export to Excel,1.0582849979400635,[]
Negative Balances,1.6537039279937744,[#<Selenium::WebDriver::LogEntry:0x00007f866f01a3e0 @level="WARNING", @timestamp=1616618554290, @message="https://bikeables.client-staging.deliverybizpro.com/admin/reports.php?report_type=balance 7 The key \"touch-action:\" is not recognized and ignored.">, #<Selenium::WebDriver::LogEntry:0x00007f866f01a2c8 @level="WARNING", @timestamp=1616618554290, @message="https://bikeables.client-staging.deliverybizpro.com/admin/reports.php?report_type=balance 7 The key \"-ms-touch-action:\" is not recognized and ignored.">]
New Customers,1.4000840187072754,[#<Selenium::WebDriver::LogEntry:0x00007f866e722b20 @level="WARNING", @timestamp=1616618556622, @message="https://bikeables.client-staging.deliverybizpro.com/admin/reports.php?report_type=new 7 The key \"touch-action:\" is not recognized and ignored.">, #<Selenium::WebDriver::LogEntry:0x00007f866e722a80 @level="WARNING", @timestamp=1616618556622, @message="https://bikeables.client-staging.deliverybizpro.com/admin/reports.php?report_type=new 7 The key \"-ms-touch-action:\" is not recognized and ignored.">]
No Order Customers Report,1.4428460597991943,[#<Selenium::WebDriver::LogEntry:0x00007f865e055640 @level="WARNING", @timestamp=1616618561078, @message="https://bikeables.client-staging.deliverybizpro.com/admin/reports.php?report_type=no_orders 7 The key \"touch-action:\" is not recognized and ignored.">, #<Selenium::WebDriver::LogEntry:0x00007f865e055618 @level="WARNING", @timestamp=1616618561078, @message="https://bikeables.client-staging.deliverybizpro.com/admin/reports.php?report_type=no_orders 7 The key \"-ms-touch-action:\" is not recognized and ignored.">]
No Order Customers Report - Export to Excel,1.7246179580688477,[#<Selenium::WebDriver::LogEntry:0x00007f865e0ffa00 @level="WARNING", @timestamp=1616618563338, @message="https://bikeables.client-staging.deliverybizpro.com/admin/reports.php?report_type=no_orders - [DOM] Found 2 elements with non-unique id #action_value: (More info: https://goo.gl/9p2vKq) %o %o">]
No Payment Customers,2.9682559967041016,[#<Selenium::WebDriver::LogEntry:0x00007f865e135c68 @level="WARNING", @timestamp=1616618566817, @message="https://bikeables.client-staging.deliverybizpro.com/admin/reports.php?report_type=not_paid 7 The key \"touch-action:\" is not recognized and ignored.">, #<Selenium::WebDriver::LogEntry:0x00007f865e135c40 @level="WARNING", @timestamp=1616618566817, @message="https://bikeables.client-staging.deliverybizpro.com/admin/reports.php?report_type=not_paid 7 The key \"-ms-touch-action:\" is not recognized and ignored.">]
No Payment Customers - Export to Excel,2.901656150817871,[]
Customer Reporting,1.0922751426696777,[]
On Hold Report,1.3456180095672607,[#<Selenium::WebDriver::LogEntry:0x00007f865e22eb60 @level="WARNING", @timestamp=1616618574230, @message="https://bikeables.client-staging.deliverybizpro.com/admin/reports.php?report_type=on_hold 7 The key \"touch-action:\" is not recognized and ignored.">, #<Selenium::WebDriver::LogEntry:0x00007f865e22eb38 @level="WARNING", @timestamp=1616618574230, @message="https://bikeables.client-staging.deliverybizpro.com/admin/reports.php?report_type=on_hold 7 The key \"-ms-touch-action:\" is not recognized and ignored.">]
On Hold Report - Export to Excel,1.1504559516906738,[]
Past Due Customers,1.358994960784912,[#<Selenium::WebDriver::LogEntry:0x00007f862e024660 @level="WARNING", @timestamp=1616618577728, @message="https://bikeables.client-staging.deliverybizpro.com/admin/reports.php?report_type=due 7 The key \"touch-action:\" is not recognized and ignored.">, #<Selenium::WebDriver::LogEntry:0x00007f862e024638 @level="WARNING", @timestamp=1616618577728, @message="https://bikeables.client-staging.deliverybizpro.com/admin/reports.php?report_type=due 7 The key \"-ms-touch-action:\" is not recognized and ignored.">]
Past Due Customers - Export to Excel,1.3021090030670166,[]
Customer Reporting,1.056218147277832,[]
Recurring Order Report,1.3865201473236084,[#<Selenium::WebDriver::LogEntry:0x00007f862e0fc7e0 @level="WARNING", @timestamp=1616618583465, @message="https://bikeables.client-staging.deliverybizpro.com/admin/reports.php?report_type=recurring_orders 7 The key \"touch-action:\" is not recognized and ignored.">, #<Selenium::WebDriver::LogEntry:0x00007f862e0fc7b8 @level="WARNING", @timestamp=1616618583465, @message="https://bikeables.client-staging.deliverybizpro.com/admin/reports.php?report_type=recurring_orders 7 The key \"-ms-touch-action:\" is not recognized and ignored.">]
Recurring Order Report - Export to Excel,1.563960075378418,[]
Retention Report,2.440274953842163,[#<Selenium::WebDriver::LogEntry:0x00007f866e5616b0 @level="WARNING", @timestamp=1616618588488, @message="https://bikeables.client-staging.deliverybizpro.com/admin/reports.php?report_type=customer_retention 7 The key \"touch-action:\" is not recognized and ignored.">, #<Selenium::WebDriver::LogEntry:0x00007f866e561610 @level="WARNING", @timestamp=1616618588488, @message="https://bikeables.client-staging.deliverybizpro.com/admin/reports.php?report_type=customer_retention 7 The key \"-ms-touch-action:\" is not recognized and ignored.">]
Show Inactive Customers,1.3400750160217285,[#<Selenium::WebDriver::LogEntry:0x00007f866e7028c0 @level="WARNING", @timestamp=1616618592897, @message="https://bikeables.client-staging.deliverybizpro.com/admin/reports.php?report_type=inactive_customers 7 The key \"touch-action:\" is not recognized and ignored.">, #<Selenium::WebDriver::LogEntry:0x00007f866e702898 @level="WARNING", @timestamp=1616618592897, @message="https://bikeables.client-staging.deliverybizpro.com/admin/reports.php?report_type=inactive_customers 7 The key \"-ms-touch-action:\" is not recognized and ignored.">]
Show Inactive Customers - Export to Excel,1.3396649360656738,[]
Total Customers Report,1.4551379680633545,[#<Selenium::WebDriver::LogEntry:0x00007f865e0e7518 @level="WARNING", @timestamp=1616618618733, @message="https://bikeables.client-staging.deliverybizpro.com/admin/reports.php?report_type=total_customers 7 The key \"touch-action:\" is not recognized and ignored.">, #<Selenium::WebDriver::LogEntry:0x00007f865e0e74a0 @level="WARNING", @timestamp=1616618618733, @message="https://bikeables.client-staging.deliverybizpro.com/admin/reports.php?report_type=total_customers 7 The key \"-ms-touch-action:\" is not recognized and ignored.">]
Total Customers Report - Export to Excel,1.0699269771575928,[]
Vacation Report,1.3301622867584229,[#<Selenium::WebDriver::LogEntry:0x00007f865e1a4cf8 @level="WARNING", @timestamp=1616618622222, @message="https://bikeables.client-staging.deliverybizpro.com/admin/reports.php?report_type=vacation 7 The key \"touch-action:\" is not recognized and ignored.">, #<Selenium::WebDriver::LogEntry:0x00007f865e1a4c80 @level="WARNING", @timestamp=1616618622222, @message="https://bikeables.client-staging.deliverybizpro.com/admin/reports.php?report_type=vacation 7 The key \"-ms-touch-action:\" is not recognized and ignored.">]
Vacation Report - Export to Excel,1.0834777355194092,[#<Selenium::WebDriver::LogEntry:0x00007f865e22c9f0 @level="WARNING", @timestamp=1616618624409, @message="https://bikeables.client-staging.deliverybizpro.com/admin/reports.php?report_type=vacation - [DOM] Found 2 elements with non-unique id #action_value: (More info: https://goo.gl/9p2vKq) %o %o">]
Misc. Reporting,1.0543079376220703,[]
Contact Us Report,1.407505989074707,[#<Selenium::WebDriver::LogEntry:0x00007f8668032078 @level="WARNING", @timestamp=1616618649700, @message="https://bikeables.client-staging.deliverybizpro.com/admin/reports.php?report_type=contact_us 7 The key \"touch-action:\" is not recognized and ignored.">, #<Selenium::WebDriver::LogEntry:0x00007f8668032050 @level="WARNING", @timestamp=1616618649701, @message="https://bikeables.client-staging.deliverybizpro.com/admin/reports.php?report_type=contact_us 7 The key \"-ms-touch-action:\" is not recognized and ignored.">]
Contact Us Report - Export to Excel,1.072678804397583,[]
Coupon Usage,1.379694938659668,[#<Selenium::WebDriver::LogEntry:0x00007f862e0947d0 @level="WARNING", @timestamp=1616618653210, @message="https://bikeables.client-staging.deliverybizpro.com/admin/reports.php?report_type=coupons 7 The key \"touch-action:\" is not recognized and ignored.">, #<Selenium::WebDriver::LogEntry:0x00007f862e0947a8 @level="WARNING", @timestamp=1616618653210, @message="https://bikeables.client-staging.deliverybizpro.com/admin/reports.php?report_type=coupons 7 The key \"-ms-touch-action:\" is not recognized and ignored.">]
Coupon Usage - Export to Excel,1.0861670970916748,[#<Selenium::WebDriver::LogEntry:0x00007f862e10ce10 @level="WARNING", @timestamp=1616618655452, @message="https://bikeables.client-staging.deliverybizpro.com/admin/reports.php?report_type=coupons - [DOM] Found 2 elements with non-unique id #action_value: (More info: https://goo.gl/9p2vKq) %o %o">]
Missing Orders,1.5053989887237549,[#<Selenium::WebDriver::LogEntry:0x00007f862e14df78 @level="WARNING", @timestamp=1616618678725, @message="https://bikeables.client-staging.deliverybizpro.com/admin/reports.php?report_type=missing_orders 7 The key \"touch-action:\" is not recognized and ignored.">, #<Selenium::WebDriver::LogEntry:0x00007f862e14df50 @level="WARNING", @timestamp=1616618678725, @message="https://bikeables.client-staging.deliverybizpro.com/admin/reports.php?report_type=missing_orders 7 The key \"-ms-touch-action:\" is not recognized and ignored.">, #<Selenium::WebDriver::LogEntry:0x00007f862e14df28 @level="SEVERE", @timestamp=1616618678858, @message="https://bikeables.client-staging.deliverybizpro.com/admin/skin1/admin/admin-modal.css - Failed to load resource: the server responded with a status of 404 ()">, #<Selenium::WebDriver::LogEntry:0x00007f862e14df00 @level="SEVERE", @timestamp=1616618678927, @message="https://bikeables.client-staging.deliverybizpro.com/admin/skin1/admin/admin-modal.css - Failed to load resource: the server responded with a status of 404 ()">]
Coupons,1.3342719078063965,[#<Selenium::WebDriver::LogEntry:0x00007f866e5610c0 @level="WARNING", @timestamp=1616618687304, @message="https://bikeables.client-staging.deliverybizpro.com/admin/discount_coupons.php 7 The key \"touch-action:\" is not recognized and ignored.">, #<Selenium::WebDriver::LogEntry:0x00007f866e560f08 @level="WARNING", @timestamp=1616618687304, @message="https://bikeables.client-staging.deliverybizpro.com/admin/discount_coupons.php 7 The key \"-ms-touch-action:\" is not recognized and ignored.">]
Coupon Events,1.350959062576294,[#<Selenium::WebDriver::LogEntry:0x00007f866e702708 @level="WARNING", @timestamp=1616618691659, @message="https://bikeables.client-staging.deliverybizpro.com/admin/coupon_events.php 7 The key \"touch-action:\" is not recognized and ignored.">, #<Selenium::WebDriver::LogEntry:0x00007f866e702690 @level="WARNING", @timestamp=1616618691659, @message="https://bikeables.client-staging.deliverybizpro.com/admin/coupon_events.php 7 The key \"-ms-touch-action:\" is not recognized and ignored.">]
Countdown Products,1.3269760608673096,[#<Selenium::WebDriver::LogEntry:0x00007f865e04d878 @level="WARNING", @timestamp=1616618696033, @message="https://bikeables.client-staging.deliverybizpro.com/admin/reports.php?report_type=countdown_mgmt 7 The key \"touch-action:\" is not recognized and ignored.">, #<Selenium::WebDriver::LogEntry:0x00007f865e04d850 @level="WARNING", @timestamp=1616618696034, @message="https://bikeables.client-staging.deliverybizpro.com/admin/reports.php?report_type=countdown_mgmt 7 The key \"-ms-touch-action:\" is not recognized and ignored.">]
Countdown Products - Export to Excel,1.0716221332550049,[]
Global Discounts,1.4401438236236572,[#<Selenium::WebDriver::LogEntry:0x00007f865e12e300 @level="WARNING", @timestamp=1616618699495, @message="https://bikeables.client-staging.deliverybizpro.com/provider/discounts.php 7 The key \"touch-action:\" is not recognized and ignored.">, #<Selenium::WebDriver::LogEntry:0x00007f865e12e2d8 @level="WARNING", @timestamp=1616618699495, @message="https://bikeables.client-staging.deliverybizpro.com/provider/discounts.php 7 The key \"-ms-touch-action:\" is not recognized and ignored.">]
Featured Products,2.158071994781494,[#<Selenium::WebDriver::LogEntry:0x00007f865e17c988 @level="WARNING", @timestamp=1616618703996, @message="https://bikeables.client-staging.deliverybizpro.com/admin/products?search_criteria=featured_product 7 The key \"touch-action:\" is not recognized and ignored.">, #<Selenium::WebDriver::LogEntry:0x00007f865e17c960 @level="WARNING", @timestamp=1616618703996, @message="https://bikeables.client-staging.deliverybizpro.com/admin/products?search_criteria=featured_product 7 The key \"-ms-touch-action:\" is not recognized and ignored.">, #<Selenium::WebDriver::LogEntry:0x00007f865e17c8e8 @level="WARNING", @timestamp=1616618704802, @message="https://bikeables.client-staging.deliverybizpro.com/admin/products?search_criteria=featured_product - [DOM] Found 2 elements with non-unique id #collapse-quantity: (More info: https://goo.gl/9p2vKq) %o %o">]
Sale Items,1.6644790172576904,[#<Selenium::WebDriver::LogEntry:0x00007f865e1d7978 @level="WARNING", @timestamp=1616618709211, @message="https://bikeables.client-staging.deliverybizpro.com/admin/products?search_criteria=sale_item 7 The key \"touch-action:\" is not recognized and ignored.">, #<Selenium::WebDriver::LogEntry:0x00007f865e1d7950 @level="WARNING", @timestamp=1616618709211, @message="https://bikeables.client-staging.deliverybizpro.com/admin/products?search_criteria=sale_item 7 The key \"-ms-touch-action:\" is not recognized and ignored.">, #<Selenium::WebDriver::LogEntry:0x00007f865e1d7928 @level="WARNING", @timestamp=1616618709519, @message="https://bikeables.client-staging.deliverybizpro.com/admin/products?search_criteria=sale_item - [DOM] Found 2 elements with non-unique id #collapse-quantity: (More info: https://goo.gl/9p2vKq) %o %o">]
Manage Cross-Selling,1.3678967952728271,[#<Selenium::WebDriver::LogEntry:0x00007f865e225b50 @level="WARNING", @timestamp=1616618713846, @message="https://bikeables.client-staging.deliverybizpro.com/admin/reports.php?report_type=upselling 7 The key \"touch-action:\" is not recognized and ignored.">, #<Selenium::WebDriver::LogEntry:0x00007f865e225b28 @level="WARNING", @timestamp=1616618713846, @message="https://bikeables.client-staging.deliverybizpro.com/admin/reports.php?report_type=upselling 7 The key \"-ms-touch-action:\" is not recognized and ignored.">]
Manage Cross-Selling - Export to Excel,1.0743889808654785,[]
First Time Order Specials,1.420267105102539,[#<Selenium::WebDriver::LogEntry:0x00007f862e026aa0 @level="WARNING", @timestamp=1616618717315, @message="https://bikeables.client-staging.deliverybizpro.com/admin/products?search_criteria=first_time_order 7 The key \"touch-action:\" is not recognized and ignored.">, #<Selenium::WebDriver::LogEntry:0x00007f862e026a78 @level="WARNING", @timestamp=1616618717315, @message="https://bikeables.client-staging.deliverybizpro.com/admin/products?search_criteria=first_time_order 7 The key \"-ms-touch-action:\" is not recognized and ignored.">, #<Selenium::WebDriver::LogEntry:0x00007f862e026a50 @level="WARNING", @timestamp=1616618717454, @message="https://bikeables.client-staging.deliverybizpro.com/admin/products?search_criteria=first_time_order - [DOM] Found 2 elements with non-unique id #collapse-quantity: (More info: https://goo.gl/9p2vKq) %o %o">]
Search Orders,2.3954222202301025,[#<Selenium::WebDriver::LogEntry:0x00007f862e064e68 @level="WARNING", @timestamp=1616618722231, @message="https://bikeables.client-staging.deliverybizpro.com/admin/orders.php 7 The key \"touch-action:\" is not recognized and ignored.">, #<Selenium::WebDriver::LogEntry:0x00007f862e064e40 @level="WARNING", @timestamp=1616618722231, @message="https://bikeables.client-staging.deliverybizpro.com/admin/orders.php 7 The key \"-ms-touch-action:\" is not recognized and ignored.">]
This Week's Orders,1.7267241477966309,[#<Selenium::WebDriver::LogEntry:0x00007f862e0c6d48 @level="WARNING", @timestamp=1616618731363, @message="https://bikeables.client-staging.deliverybizpro.com/admin/orders.php?mode=search 7 The key \"touch-action:\" is not recognized and ignored.">, #<Selenium::WebDriver::LogEntry:0x00007f862e0c6c58 @level="WARNING", @timestamp=1616618731363, @message="https://bikeables.client-staging.deliverybizpro.com/admin/orders.php?mode=search 7 The key \"-ms-touch-action:\" is not recognized and ignored.">]
Next Week's Orders,1.716583251953125,[#<Selenium::WebDriver::LogEntry:0x00007f862e10fdb8 @level="WARNING", @timestamp=1616618736169, @message="https://bikeables.client-staging.deliverybizpro.com/admin/orders.php?mode=search 7 The key \"touch-action:\" is not recognized and ignored.">, #<Selenium::WebDriver::LogEntry:0x00007f862e10fd90 @level="WARNING", @timestamp=1616618736169, @message="https://bikeables.client-staging.deliverybizpro.com/admin/orders.php?mode=search 7 The key \"-ms-touch-action:\" is not recognized and ignored.">]
Create Purchase Order,1.5611240863800049,[#<Selenium::WebDriver::LogEntry:0x00007f862e14c268 @level="WARNING", @timestamp=1616618740801, @message="https://bikeables.client-staging.deliverybizpro.com/admin/router.php#/adv-purchase-order/create 7 The key \"touch-action:\" is not recognized and ignored.">, #<Selenium::WebDriver::LogEntry:0x00007f862e14c240 @level="WARNING", @timestamp=1616618740801, @message="https://bikeables.client-staging.deliverybizpro.com/admin/router.php#/adv-purchase-order/create 7 The key \"-ms-touch-action:\" is not recognized and ignored.">]
View Purchase Orders,1.0685369968414307,[]
Autoresponders,1.4602563381195068,[#<Selenium::WebDriver::LogEntry:0x00007f866e6c8530 @level="WARNING", @timestamp=1616618749536, @message="https://bikeables.client-staging.deliverybizpro.com/admin/news.php?mode=messages&targetlist=2 7 The key \"touch-action:\" is not recognized and ignored.">, #<Selenium::WebDriver::LogEntry:0x00007f866e6c8490 @level="WARNING", @timestamp=1616618749536, @message="https://bikeables.client-staging.deliverybizpro.com/admin/news.php?mode=messages&targetlist=2 7 The key \"-ms-touch-action:\" is not recognized and ignored.">]
General News List,1.5218241214752197,[#<Selenium::WebDriver::LogEntry:0x00007f865e03c320 @level="WARNING", @timestamp=1616618754028, @message="https://bikeables.client-staging.deliverybizpro.com/admin/router.php#/newsletters-list/3 7 The key \"touch-action:\" is not recognized and ignored.">, #<Selenium::WebDriver::LogEntry:0x00007f865e03c2f8 @level="WARNING", @timestamp=1616618754028, @message="https://bikeables.client-staging.deliverybizpro.com/admin/router.php#/newsletters-list/3 7 The key \"-ms-touch-action:\" is not recognized and ignored.">]
Unsubscribers,1.4795339107513428,[#<Selenium::WebDriver::LogEntry:0x00007f865e0b4708 @level="WARNING", @timestamp=1616618766668, @message="https://bikeables.client-staging.deliverybizpro.com/admin/unsubscribers 7 The key \"touch-action:\" is not recognized and ignored.">, #<Selenium::WebDriver::LogEntry:0x00007f865e0b4578 @level="WARNING", @timestamp=1616618766668, @message="https://bikeables.client-staging.deliverybizpro.com/admin/unsubscribers 7 The key \"-ms-touch-action:\" is not recognized and ignored.">]
Edit Static Pages,1.4590308666229248,[#<Selenium::WebDriver::LogEntry:0x00007f865e126100 @level="WARNING", @timestamp=1616618771187, @message="https://bikeables.client-staging.deliverybizpro.com/admin/pages.php 7 The key \"touch-action:\" is not recognized and ignored.">, #<Selenium::WebDriver::LogEntry:0x00007f865e1260d8 @level="WARNING", @timestamp=1616618771187, @message="https://bikeables.client-staging.deliverybizpro.com/admin/pages.php 7 The key \"-ms-touch-action:\" is not recognized and ignored.">]
Manage Files,1.588973045349121,[#<Selenium::WebDriver::LogEntry:0x00007f865e174a08 @level="WARNING", @timestamp=1616618775666, @message="https://bikeables.client-staging.deliverybizpro.com/admin/files.php 7 The key \"touch-action:\" is not recognized and ignored.">, #<Selenium::WebDriver::LogEntry:0x00007f865e1749e0 @level="WARNING", @timestamp=1616618775666, @message="https://bikeables.client-staging.deliverybizpro.com/admin/files.php 7 The key \"-ms-touch-action:\" is not recognized and ignored.">]
301 Redirects,1.3584768772125244,[#<Selenium::WebDriver::LogEntry:0x00007f865e1d4020 @level="WARNING", @timestamp=1616618784344, @message="https://bikeables.client-staging.deliverybizpro.com/admin/redirects 7 The key \"touch-action:\" is not recognized and ignored.">, #<Selenium::WebDriver::LogEntry:0x00007f865e1d7450 @level="WARNING", @timestamp=1616618784344, @message="https://bikeables.client-staging.deliverybizpro.com/admin/redirects 7 The key \"-ms-touch-action:\" is not recognized and ignored.">]
FAQ,1.4281160831451416,[#<Selenium::WebDriver::LogEntry:0x00007f865e22e3e0 @level="WARNING", @timestamp=1616618788760, @message="https://bikeables.client-staging.deliverybizpro.com/admin/faq 7 The key \"touch-action:\" is not recognized and ignored.">, #<Selenium::WebDriver::LogEntry:0x00007f865e22e390 @level="WARNING", @timestamp=1616618788760, @message="https://bikeables.client-staging.deliverybizpro.com/admin/faq 7 The key \"-ms-touch-action:\" is not recognized and ignored.">]
Company Settings,2.100924015045166,[#<Selenium::WebDriver::LogEntry:0x00007f865e287440 @level="WARNING", @timestamp=1616618793231, @message="https://bikeables.client-staging.deliverybizpro.com/admin/company.php 7 The key \"touch-action:\" is not recognized and ignored.">, #<Selenium::WebDriver::LogEntry:0x00007f865e2873f0 @level="WARNING", @timestamp=1616618793231, @message="https://bikeables.client-staging.deliverybizpro.com/admin/company.php 7 The key \"-ms-touch-action:\" is not recognized and ignored.">, #<Selenium::WebDriver::LogEntry:0x00007f865e287378 @level="SEVERE", @timestamp=1616618793959, @message="https://bikeables.client-staging.deliverybizpro.com/skin1/css/structure.css - Failed to load resource: the server responded with a status of 404 ()">, #<Selenium::WebDriver::LogEntry:0x00007f865e287350 @level="SEVERE", @timestamp=1616618794050, @message="https://bikeables.client-staging.deliverybizpro.com/skin1/css/structure.css - Failed to load resource: the server responded with a status of 404 ()">, #<Selenium::WebDriver::LogEntry:0x00007f865e287328 @level="SEVERE", @timestamp=1616618795054, @message="https://bikeables.client-staging.deliverybizpro.com/skin1/css/structure.css - Failed to load resource: the server responded with a status of 404 ()">, #<Selenium::WebDriver::LogEntry:0x00007f865e287300 @level="SEVERE", @timestamp=1616618795054, @message="https://bikeables.client-staging.deliverybizpro.com/skin1/css/structure.css - Failed to load resource: the server responded with a status of 404 ()">, #<Selenium::WebDriver::LogEntry:0x00007f865e2872b0 @level="SEVERE", @timestamp=1616618795054, @message="https://bikeables.client-staging.deliverybizpro.com/skin1/css/structure.css - Failed to load resource: the server responded with a status of 404 ()">, #<Selenium::WebDriver::LogEntry:0x00007f865e287288 @level="SEVERE", @timestamp=1616618795054, @message="https://bikeables.client-staging.deliverybizpro.com/skin1/css/structure.css - Failed to load resource: the server responded with a status of 404 ()">]
States/Counties,1.3808770179748535,[#<Selenium::WebDriver::LogEntry:0x00007f862e015c00 @level="WARNING", @timestamp=1616618798378, @message="https://bikeables.client-staging.deliverybizpro.com/admin/states.php 7 The key \"touch-action:\" is not recognized and ignored.">, #<Selenium::WebDriver::LogEntry:0x00007f862e015bd8 @level="WARNING", @timestamp=1616618798378, @message="https://bikeables.client-staging.deliverybizpro.com/admin/states.php 7 The key \"-ms-touch-action:\" is not recognized and ignored.">]
Taxes,1.0809249877929688,[]
Taxing Zones,1.3582580089569092,[#<Selenium::WebDriver::LogEntry:0x00007f862e0a6cf0 @level="WARNING", @timestamp=1616618806885, @message="https://bikeables.client-staging.deliverybizpro.com/admin/zones.php 7 The key \"touch-action:\" is not recognized and ignored.">, #<Selenium::WebDriver::LogEntry:0x00007f862e0a6cc8 @level="WARNING", @timestamp=1616618806885, @message="https://bikeables.client-staging.deliverybizpro.com/admin/zones.php 7 The key \"-ms-touch-action:\" is not recognized and ignored.">]
Taxing System,1.3982608318328857,[#<Selenium::WebDriver::LogEntry:0x00007f862e0ed1a0 @level="WARNING", @timestamp=1616618811295, @message="https://bikeables.client-staging.deliverybizpro.com/admin/taxes.php 7 The key \"touch-action:\" is not recognized and ignored.">, #<Selenium::WebDriver::LogEntry:0x00007f862e0ed178 @level="WARNING", @timestamp=1616618811295, @message="https://bikeables.client-staging.deliverybizpro.com/admin/taxes.php 7 The key \"-ms-touch-action:\" is not recognized and ignored.">]
Minimum Orders Settings,1.4771311283111572,[#<Selenium::WebDriver::LogEntry:0x00007f862e137688 @level="WARNING", @timestamp=1616618815704, @message="https://bikeables.client-staging.deliverybizpro.com/admin/min_orders_settings.php 7 The key \"touch-action:\" is not recognized and ignored.">, #<Selenium::WebDriver::LogEntry:0x00007f862e137638 @level="WARNING", @timestamp=1616618815704, @message="https://bikeables.client-staging.deliverybizpro.com/admin/min_orders_settings.php 7 The key \"-ms-touch-action:\" is not recognized and ignored.">]
Zip Codes,1.3992502689361572,[#<Selenium::WebDriver::LogEntry:0x00007f866e270320 @level="WARNING", @timestamp=1616618820238, @message="https://bikeables.client-staging.deliverybizpro.com/admin/zip_codes.php 7 The key \"touch-action:\" is not recognized and ignored.">, #<Selenium::WebDriver::LogEntry:0x00007f866e270050 @level="WARNING", @timestamp=1616618820239, @message="https://bikeables.client-staging.deliverybizpro.com/admin/zip_codes.php 7 The key \"-ms-touch-action:\" is not recognized and ignored.">, #<Selenium::WebDriver::LogEntry:0x00007f866e270028 @level="WARNING", @timestamp=1616618820367, @message="https://bikeables.client-staging.deliverybizpro.com/admin/zip_codes.php - [DOM] Found 2 elements with non-unique id #zip_delivery_type: (More info: https://goo.gl/9p2vKq) %o %o">]
Fees,1.0514159202575684,[]
Settings,1.0796396732330322,[]
Store Locations,1.5228168964385986,[#<Selenium::WebDriver::LogEntry:0x00007f865e096fc8 @level="WARNING", @timestamp=1616618840917, @message="https://bikeables.client-staging.deliverybizpro.com/admin/stores.php 7 The key \"touch-action:\" is not recognized and ignored.">, #<Selenium::WebDriver::LogEntry:0x00007f865e096fa0 @level="WARNING", @timestamp=1616618840917, @message="https://bikeables.client-staging.deliverybizpro.com/admin/stores.php 7 The key \"-ms-touch-action:\" is not recognized and ignored.">]
DBP Settings,1.695159673690796,[#<Selenium::WebDriver::LogEntry:0x00007f865e0fc738 @level="WARNING", @timestamp=1616618845545, @message="https://bikeables.client-staging.deliverybizpro.com/admin/dbp_settings.php 7 The key \"touch-action:\" is not recognized and ignored.">, #<Selenium::WebDriver::LogEntry:0x00007f865e0fc6e8 @level="WARNING", @timestamp=1616618845545, @message="https://bikeables.client-staging.deliverybizpro.com/admin/dbp_settings.php 7 The key \"-ms-touch-action:\" is not recognized and ignored.">]
DBP Billing,1.5826008319854736,[#<Selenium::WebDriver::LogEntry:0x00007f865e155338 @level="WARNING", @timestamp=1616618850271, @message="https://bikeables.client-staging.deliverybizpro.com/admin/dbp_billing.php 7 The key \"touch-action:\" is not recognized and ignored.">, #<Selenium::WebDriver::LogEntry:0x00007f865e155310 @level="WARNING", @timestamp=1616618850271, @message="https://bikeables.client-staging.deliverybizpro.com/admin/dbp_billing.php 7 The key \"-ms-touch-action:\" is not recognized and ignored.">]
Countries,1.3822450637817383,[#<Selenium::WebDriver::LogEntry:0x00007f865e1a42a8 @level="WARNING", @timestamp=1616618854848, @message="https://bikeables.client-staging.deliverybizpro.com/admin/countries.php 7 The key \"touch-action:\" is not recognized and ignored.">, #<Selenium::WebDriver::LogEntry:0x00007f865e1a4258 @level="WARNING", @timestamp=1616618854848, @message="https://bikeables.client-staging.deliverybizpro.com/admin/countries.php 7 The key \"-ms-touch-action:\" is not recognized and ignored.">]
States,1.373661994934082,[#<Selenium::WebDriver::LogEntry:0x00007f865e1fe7a8 @level="WARNING", @timestamp=1616618859238, @message="https://bikeables.client-staging.deliverybizpro.com/admin/states.php 7 The key \"touch-action:\" is not recognized and ignored.">, #<Selenium::WebDriver::LogEntry:0x00007f865e1fe780 @level="WARNING", @timestamp=1616618859238, @message="https://bikeables.client-staging.deliverybizpro.com/admin/states.php 7 The key \"-ms-touch-action:\" is not recognized and ignored.">]
Settings,1.069289207458496,[]
Export/Import Cities,1.3618290424346924,[#<Selenium::WebDriver::LogEntry:0x00007f865e2af8a0 @level="WARNING", @timestamp=1616618867739, @message="https://bikeables.client-staging.deliverybizpro.com/admin/cities_export_import.php 7 The key \"touch-action:\" is not recognized and ignored.">, #<Selenium::WebDriver::LogEntry:0x00007f865e2af878 @level="WARNING", @timestamp=1616618867739, @message="https://bikeables.client-staging.deliverybizpro.com/admin/cities_export_import.php 7 The key \"-ms-touch-action:\" is not recognized and ignored.">]
Summary,1.4048960208892822,[#<Selenium::WebDriver::LogEntry:0x00007f862e037dc8 @level="WARNING", @timestamp=1616618872152, @message="https://bikeables.client-staging.deliverybizpro.com/admin/general.php 7 The key \"touch-action:\" is not recognized and ignored.">, #<Selenium::WebDriver::LogEntry:0x00007f862e037da0 @level="WARNING", @timestamp=1616618872152, @message="https://bikeables.client-staging.deliverybizpro.com/admin/general.php 7 The key \"-ms-touch-action:\" is not recognized and ignored.">]
Credit card types,1.3706459999084473,[#<Selenium::WebDriver::LogEntry:0x00007f862e0750b0 @level="WARNING", @timestamp=1616618876578, @message="https://bikeables.client-staging.deliverybizpro.com/admin/card_types.php 7 The key \"touch-action:\" is not recognized and ignored.">, #<Selenium::WebDriver::LogEntry:0x00007f862e075088 @level="WARNING", @timestamp=1616618876578, @message="https://bikeables.client-staging.deliverybizpro.com/admin/card_types.php 7 The key \"-ms-touch-action:\" is not recognized and ignored.">]
General Settings,1.7777740955352783,[#<Selenium::WebDriver::LogEntry:0x00007f862e0c7bd0 @level="WARNING", @timestamp=1616618881000, @message="https://bikeables.client-staging.deliverybizpro.com/admin/configuration 7 The key \"touch-action:\" is not recognized and ignored.">, #<Selenium::WebDriver::LogEntry:0x00007f862e0c7ba8 @level="WARNING", @timestamp=1616618881000, @message="https://bikeables.client-staging.deliverybizpro.com/admin/configuration 7 The key \"-ms-touch-action:\" is not recognized and ignored.">]
Languages,1.4540767669677734,[#<Selenium::WebDriver::LogEntry:0x00007f862e104288 @level="WARNING", @timestamp=1616618885801, @message="https://bikeables.client-staging.deliverybizpro.com/admin/languages.php 7 The key \"touch-action:\" is not recognized and ignored.">, #<Selenium::WebDriver::LogEntry:0x00007f862e104260 @level="WARNING", @timestamp=1616618885801, @message="https://bikeables.client-staging.deliverybizpro.com/admin/languages.php 7 The key \"-ms-touch-action:\" is not recognized and ignored.">, #<Selenium::WebDriver::LogEntry:0x00007f862e104238 @level="SEVERE", @timestamp=1616618885920, @message="https://bikeables.client-staging.deliverybizpro.com/tinymce/tiny_mce.js - Failed to load resource: the server responded with a status of 404 ()">]
Modules,2.885608196258545,[#<Selenium::WebDriver::LogEntry:0x00007f862e14c380 @level="WARNING", @timestamp=1616618890381, @message="https://bikeables.client-staging.deliverybizpro.com/admin/modules.php 7 The key \"touch-action:\" is not recognized and ignored.">, #<Selenium::WebDriver::LogEntry:0x00007f862e14c358 @level="WARNING", @timestamp=1616618890381, @message="https://bikeables.client-staging.deliverybizpro.com/admin/modules.php 7 The key \"-ms-touch-action:\" is not recognized and ignored.">]
Payment Methods,1.5934269428253174,[#<Selenium::WebDriver::LogEntry:0x00007f866e508678 @level="WARNING", @timestamp=1616618896215, @message="https://bikeables.client-staging.deliverybizpro.com/admin/payment_methods.php 7 The key \"touch-action:\" is not recognized and ignored.">, #<Selenium::WebDriver::LogEntry:0x00007f866e5085d8 @level="WARNING", @timestamp=1616618896215, @message="https://bikeables.client-staging.deliverybizpro.com/admin/payment_methods.php 7 The key \"-ms-touch-action:\" is not recognized and ignored.">]
Clear templates cache,1.5631320476531982,[#<Selenium::WebDriver::LogEntry:0x00007f866e6d35c0 @level="WARNING", @timestamp=1616618901015, @message="https://bikeables.client-staging.deliverybizpro.com/admin/general.php 7 The key \"touch-action:\" is not recognized and ignored.">, #<Selenium::WebDriver::LogEntry:0x00007f866e6d3598 @level="WARNING", @timestamp=1616618901015, @message="https://bikeables.client-staging.deliverybizpro.com/admin/general.php 7 The key \"-ms-touch-action:\" is not recognized and ignored.">]
System Logs,1.051677942276001,[]
DBP Overview,1.3963680267333984,[#<Selenium::WebDriver::LogEntry:0x00007f865e095c90 @level="WARNING", @timestamp=1616618909467, @message="https://bikeables.client-staging.deliverybizpro.com/admin/dbp_overview.php 7 The key \"touch-action:\" is not recognized and ignored.">, #<Selenium::WebDriver::LogEntry:0x00007f865e095c68 @level="WARNING", @timestamp=1616618909468, @message="https://bikeables.client-staging.deliverybizpro.com/admin/dbp_overview.php 7 The key \"-ms-touch-action:\" is not recognized and ignored.">]
Inventory,1.4736359119415283,[#<Selenium::WebDriver::LogEntry:0x00007f865e107098 @level="WARNING", @timestamp=1616618913972, @message="https://bikeables.client-staging.deliverybizpro.com/admin/log_inventory.php 7 The key \"touch-action:\" is not recognized and ignored.">, #<Selenium::WebDriver::LogEntry:0x00007f865e107048 @level="WARNING", @timestamp=1616618913972, @message="https://bikeables.client-staging.deliverybizpro.com/admin/log_inventory.php 7 The key \"-ms-touch-action:\" is not recognized and ignored.">]
Tasks,1.9494240283966064,[#<Selenium::WebDriver::LogEntry:0x00007f865e15fe50 @level="WARNING", @timestamp=1616618918576, @message="https://bikeables.client-staging.deliverybizpro.com/admin/router.php?r=bt-console#/bt-console 7 The key \"touch-action:\" is not recognized and ignored.">, #<Selenium::WebDriver::LogEntry:0x00007f865e15fe00 @level="WARNING", @timestamp=1616618918576, @message="https://bikeables.client-staging.deliverybizpro.com/admin/router.php?r=bt-console#/bt-console 7 The key \"-ms-touch-action:\" is not recognized and ignored.">]
Periodic tasks,4.103234767913818,[#<Selenium::WebDriver::LogEntry:0x00007f865e1aef78 @level="WARNING", @timestamp=1616618926097, @message="https://bikeables.client-staging.deliverybizpro.com/admin/periodicTasks 7 The key \"touch-action:\" is not recognized and ignored.">, #<Selenium::WebDriver::LogEntry:0x00007f865e1aef50 @level="WARNING", @timestamp=1616618926097, @message="https://bikeables.client-staging.deliverybizpro.com/admin/periodicTasks 7 The key \"-ms-touch-action:\" is not recognized and ignored.">]
