Dashboard,2.816025972366333,[#<Selenium::WebDriver::LogEntry:0x00007ffa4899be30 @level="WARNING", @timestamp=1616615119080, @message="https://cowichanmilk.client-staging.deliverybizpro.com/admin/login 7 The key \"touch-action:\" is not recognized and ignored.">, #<Selenium::WebDriver::LogEntry:0x00007ffa4899be08 @level="WARNING", @timestamp=1616615119080, @message="https://cowichanmilk.client-staging.deliverybizpro.com/admin/login 7 The key \"-ms-touch-action:\" is not recognized and ignored.">, #<Selenium::WebDriver::LogEntry:0x00007ffa4899bdb8 @level="WARNING", @timestamp=1616615125593, @message="https://cowichanmilk.client-staging.deliverybizpro.com/admin/home.php 7 The key \"touch-action:\" is not recognized and ignored.">, #<Selenium::WebDriver::LogEntry:0x00007ffa4899bd90 @level="WARNING", @timestamp=1616615125593, @message="https://cowichanmilk.client-staging.deliverybizpro.com/admin/home.php 7 The key \"-ms-touch-action:\" is not recognized and ignored.">, #<Selenium::WebDriver::LogEntry:0x00007ffa4899bd68 @level="WARNING", @timestamp=1616615159505, @message="https://cowichanmilk.client-staging.deliverybizpro.com/admin/home.php 7 The key \"touch-action:\" is not recognized and ignored.">, #<Selenium::WebDriver::LogEntry:0x00007ffa4899bd40 @level="WARNING", @timestamp=1616615159505, @message="https://cowichanmilk.client-staging.deliverybizpro.com/admin/home.php 7 The key \"-ms-touch-action:\" is not recognized and ignored.">]
Customers,1.0667979717254639,[]
Search for Customers,2.260050058364868,[#<Selenium::WebDriver::LogEntry:0x00007ffa48a69178 @level="WARNING", @timestamp=1616615182010, @message="https://cowichanmilk.client-staging.deliverybizpro.com/admin/users.php?mode=search&usertype=C&refresh=1&sort=last_login&sort_direction=1 14 The key \"touch-action:\" is not recognized and ignored.">, #<Selenium::WebDriver::LogEntry:0x00007ffa48a69150 @level="WARNING", @timestamp=1616615182011, @message="https://cowichanmilk.client-staging.deliverybizpro.com/admin/users.php?mode=search&usertype=C&refresh=1&sort=last_login&sort_direction=1 14 The key \"-ms-touch-action:\" is not recognized and ignored.">, #<Selenium::WebDriver::LogEntry:0x00007ffa48a69128 @level="WARNING", @timestamp=1616615182556, @message="https://cowichanmilk.client-staging.deliverybizpro.com/admin/users.php?mode=search&usertype=C&refresh=1&sort=last_login&sort_direction=1 - [DOM] Found 2 elements with non-unique id #frm-users-search: (More info: https://goo.gl/9p2vKq) %o %o">, #<Selenium::WebDriver::LogEntry:0x00007ffa48a69100 @level="WARNING", @timestamp=1616615182556, @message="https://cowichanmilk.client-staging.deliverybizpro.com/admin/users.php?mode=search&usertype=C&refresh=1&sort=last_login&sort_direction=1 - [DOM] Found 2 elements with non-unique id #posted_data[orders_count_type]: (More info: https://goo.gl/9p2vKq) %o %o">]
Create Customer Profile,1.767052173614502,[#<Selenium::WebDriver::LogEntry:0x00007ffa48aba578 @level="WARNING", @timestamp=1616615187047, @message="https://cowichanmilk.client-staging.deliverybizpro.com/admin/user_add.php?usertype=C 7 The key \"touch-action:\" is not recognized and ignored.">, #<Selenium::WebDriver::LogEntry:0x00007ffa48aba550 @level="WARNING", @timestamp=1616615187047, @message="https://cowichanmilk.client-staging.deliverybizpro.com/admin/user_add.php?usertype=C 7 The key \"-ms-touch-action:\" is not recognized and ignored.">]
Import Customers,1.6766693592071533,[#<Selenium::WebDriver::LogEntry:0x00007ffa48af8eb8 @level="WARNING", @timestamp=1616615191713, @message="https://cowichanmilk.client-staging.deliverybizpro.com/admin/customers_import.php 7 The key \"touch-action:\" is not recognized and ignored.">, #<Selenium::WebDriver::LogEntry:0x00007ffa48af8e90 @level="WARNING", @timestamp=1616615191713, @message="https://cowichanmilk.client-staging.deliverybizpro.com/admin/customers_import.php 7 The key \"-ms-touch-action:\" is not recognized and ignored.">]
Export Customers,1.8949530124664307,[#<Selenium::WebDriver::LogEntry:0x00007ffa4784e240 @level="WARNING", @timestamp=1616615196509, @message="https://cowichanmilk.client-staging.deliverybizpro.com/admin/router.php?r=export-users#/export-users 7 The key \"touch-action:\" is not recognized and ignored.">, #<Selenium::WebDriver::LogEntry:0x00007ffa4784d458 @level="WARNING", @timestamp=1616615196510, @message="https://cowichanmilk.client-staging.deliverybizpro.com/admin/router.php?r=export-users#/export-users 7 The key \"-ms-touch-action:\" is not recognized and ignored.">]
Export Customer Emails,1.334162950515747,[#<Selenium::WebDriver::LogEntry:0x00007ffa07970500 @level="WARNING", @timestamp=1616615201298, @message="https://cowichanmilk.client-staging.deliverybizpro.com/admin/export_users_emails.php 7 The key \"touch-action:\" is not recognized and ignored.">, #<Selenium::WebDriver::LogEntry:0x00007ffa07970438 @level="WARNING", @timestamp=1616615201298, @message="https://cowichanmilk.client-staging.deliverybizpro.com/admin/export_users_emails.php 7 The key \"-ms-touch-action:\" is not recognized and ignored.">]
Edit/Create Membership Levels,1.5501708984375,[#<Selenium::WebDriver::LogEntry:0x00007ffa07a3a558 @level="WARNING", @timestamp=1616615205656, @message="https://cowichanmilk.client-staging.deliverybizpro.com/admin/memberships.php?usertype=C 7 The key \"touch-action:\" is not recognized and ignored.">, #<Selenium::WebDriver::LogEntry:0x00007ffa07a3a2d8 @level="WARNING", @timestamp=1616615205656, @message="https://cowichanmilk.client-staging.deliverybizpro.com/admin/memberships.php?usertype=C 7 The key \"-ms-touch-action:\" is not recognized and ignored.">]
Customer Notes,1.412842035293579,[#<Selenium::WebDriver::LogEntry:0x00007ffa378ae5b0 @level="WARNING", @timestamp=1616615210283, @message="https://cowichanmilk.client-staging.deliverybizpro.com/admin/customer_notes.php 7 The key \"touch-action:\" is not recognized and ignored.">, #<Selenium::WebDriver::LogEntry:0x00007ffa378ae588 @level="WARNING", @timestamp=1616615210283, @message="https://cowichanmilk.client-staging.deliverybizpro.com/admin/customer_notes.php 7 The key \"-ms-touch-action:\" is not recognized and ignored.">]
Administrators,1.077913761138916,[]
Search for Admins,1.3937151432037354,[#<Selenium::WebDriver::LogEntry:0x00007ffa3796c8a8 @level="WARNING", @timestamp=1616615218787, @message="https://cowichanmilk.client-staging.deliverybizpro.com/admin/users.php?mode=search&usertype=P&refresh=1 7 The key \"touch-action:\" is not recognized and ignored.">, #<Selenium::WebDriver::LogEntry:0x00007ffa3796c830 @level="WARNING", @timestamp=1616615218787, @message="https://cowichanmilk.client-staging.deliverybizpro.com/admin/users.php?mode=search&usertype=P&refresh=1 7 The key \"-ms-touch-action:\" is not recognized and ignored.">, #<Selenium::WebDriver::LogEntry:0x00007ffa3796c808 @level="WARNING", @timestamp=1616615218930, @message="https://cowichanmilk.client-staging.deliverybizpro.com/admin/users.php?mode=search&usertype=P&refresh=1 - [DOM] Found 2 elements with non-unique id #frm-users-search: (More info: https://goo.gl/9p2vKq) %o %o">]
Create Admin Profile,1.4230520725250244,[#<Selenium::WebDriver::LogEntry:0x00007ffa379ce8f0 @level="WARNING", @timestamp=1616615223282, @message="https://cowichanmilk.client-staging.deliverybizpro.com/admin/user_add.php?usertype=P 7 The key \"touch-action:\" is not recognized and ignored.">, #<Selenium::WebDriver::LogEntry:0x00007ffa379ce8c8 @level="WARNING", @timestamp=1616615223282, @message="https://cowichanmilk.client-staging.deliverybizpro.com/admin/user_add.php?usertype=P 7 The key \"-ms-touch-action:\" is not recognized and ignored.">]
Access Control,1.3514881134033203,[#<Selenium::WebDriver::LogEntry:0x00007ffa48903bd0 @level="WARNING", @timestamp=1616615227658, @message="https://cowichanmilk.client-staging.deliverybizpro.com/admin/access_control.php 7 The key \"touch-action:\" is not recognized and ignored.">, #<Selenium::WebDriver::LogEntry:0x00007ffa48903b58 @level="WARNING", @timestamp=1616615227658, @message="https://cowichanmilk.client-staging.deliverybizpro.com/admin/access_control.php 7 The key \"-ms-touch-action:\" is not recognized and ignored.">]
Edit/Create Membership Levels,1.3453080654144287,[#<Selenium::WebDriver::LogEntry:0x00007ffa48950868 @level="WARNING", @timestamp=1616615232038, @message="https://cowichanmilk.client-staging.deliverybizpro.com/admin/memberships.php?usertype=P 7 The key \"touch-action:\" is not recognized and ignored.">, #<Selenium::WebDriver::LogEntry:0x00007ffa48950840 @level="WARNING", @timestamp=1616615232038, @message="https://cowichanmilk.client-staging.deliverybizpro.com/admin/memberships.php?usertype=P 7 The key \"-ms-touch-action:\" is not recognized and ignored.">]
Drivers,1.0866742134094238,[]
Search for Drivers,1.4164690971374512,[#<Selenium::WebDriver::LogEntry:0x00007ffa48a3b688 @level="WARNING", @timestamp=1616615260649, @message="https://cowichanmilk.client-staging.deliverybizpro.com/admin/users.php?mode=search&usertype=D&refresh=1 14 The key \"touch-action:\" is not recognized and ignored.">, #<Selenium::WebDriver::LogEntry:0x00007ffa48a3b660 @level="WARNING", @timestamp=1616615260649, @message="https://cowichanmilk.client-staging.deliverybizpro.com/admin/users.php?mode=search&usertype=D&refresh=1 14 The key \"-ms-touch-action:\" is not recognized and ignored.">, #<Selenium::WebDriver::LogEntry:0x00007ffa48a3b638 @level="WARNING", @timestamp=1616615260814, @message="https://cowichanmilk.client-staging.deliverybizpro.com/admin/users.php?mode=search&usertype=D&refresh=1 - [DOM] Found 2 elements with non-unique id #frm-users-search: (More info: https://goo.gl/9p2vKq) %o %o">]
Create Driver Profile,1.4016270637512207,[#<Selenium::WebDriver::LogEntry:0x00007ffa48a82880 @level="WARNING", @timestamp=1616615265122, @message="https://cowichanmilk.client-staging.deliverybizpro.com/admin/user_add.php?usertype=D 7 The key \"touch-action:\" is not recognized and ignored.">, #<Selenium::WebDriver::LogEntry:0x00007ffa48a82858 @level="WARNING", @timestamp=1616615265122, @message="https://cowichanmilk.client-staging.deliverybizpro.com/admin/user_add.php?usertype=D 7 The key \"-ms-touch-action:\" is not recognized and ignored.">]
Edit/Create Membership Levels,1.333233118057251,[#<Selenium::WebDriver::LogEntry:0x00007ffa48ac83f8 @level="WARNING", @timestamp=1616615269501, @message="https://cowichanmilk.client-staging.deliverybizpro.com/admin/memberships.php?usertype=D 7 The key \"touch-action:\" is not recognized and ignored.">, #<Selenium::WebDriver::LogEntry:0x00007ffa48ac83d0 @level="WARNING", @timestamp=1616615269501, @message="https://cowichanmilk.client-staging.deliverybizpro.com/admin/memberships.php?usertype=D 7 The key \"-ms-touch-action:\" is not recognized and ignored.">]
Suppliers,1.07169771194458,[]
Search for Suppliers,1.4995248317718506,[#<Selenium::WebDriver::LogEntry:0x00007ffa47a72b20 @level="WARNING", @timestamp=1616615277991, @message="https://cowichanmilk.client-staging.deliverybizpro.com/admin/users.php?mode=search&usertype=U&refresh=1 14 The key \"touch-action:\" is not recognized and ignored.">, #<Selenium::WebDriver::LogEntry:0x00007ffa47a72af8 @level="WARNING", @timestamp=1616615277991, @message="https://cowichanmilk.client-staging.deliverybizpro.com/admin/users.php?mode=search&usertype=U&refresh=1 14 The key \"-ms-touch-action:\" is not recognized and ignored.">, #<Selenium::WebDriver::LogEntry:0x00007ffa47a72828 @level="WARNING", @timestamp=1616615278223, @message="https://cowichanmilk.client-staging.deliverybizpro.com/admin/users.php?mode=search&usertype=U&refresh=1 - [DOM] Found 2 elements with non-unique id #frm-users-search: (More info: https://goo.gl/9p2vKq) %o %o">]
Create Supplier Profile,1.4716219902038574,[#<Selenium::WebDriver::LogEntry:0x00007ffa278d0170 @level="WARNING", @timestamp=1616615282539, @message="https://cowichanmilk.client-staging.deliverybizpro.com/admin/user_add.php?usertype=U 7 The key \"touch-action:\" is not recognized and ignored.">, #<Selenium::WebDriver::LogEntry:0x00007ffa278d00f8 @level="WARNING", @timestamp=1616615282539, @message="https://cowichanmilk.client-staging.deliverybizpro.com/admin/user_add.php?usertype=U 7 The key \"-ms-touch-action:\" is not recognized and ignored.">]
Edit/Search Products,2.3992462158203125,[#<Selenium::WebDriver::LogEntry:0x00007ffa07ab3250 @level="WARNING", @timestamp=1616615287356, @message="https://cowichanmilk.client-staging.deliverybizpro.com/admin/products 7 The key \"touch-action:\" is not recognized and ignored.">, #<Selenium::WebDriver::LogEntry:0x00007ffa07ab3110 @level="WARNING", @timestamp=1616615287357, @message="https://cowichanmilk.client-staging.deliverybizpro.com/admin/products 7 The key \"-ms-touch-action:\" is not recognized and ignored.">, #<Selenium::WebDriver::LogEntry:0x00007ffa07ab3020 @level="WARNING", @timestamp=1616615288159, @message="https://cowichanmilk.client-staging.deliverybizpro.com/admin/products - [DOM] Found 2 elements with non-unique id #collapse-quantity: (More info: https://goo.gl/9p2vKq) %o %o">]
Add New Product,2.2713918685913086,[#<Selenium::WebDriver::LogEntry:0x00007ffa378c5af8 @level="WARNING", @timestamp=1616615292564, @message="https://cowichanmilk.client-staging.deliverybizpro.com/admin/products/create 7 The key \"touch-action:\" is not recognized and ignored.">, #<Selenium::WebDriver::LogEntry:0x00007ffa378c5ad0 @level="WARNING", @timestamp=1616615292564, @message="https://cowichanmilk.client-staging.deliverybizpro.com/admin/products/create 7 The key \"-ms-touch-action:\" is not recognized and ignored.">, #<Selenium::WebDriver::LogEntry:0x00007ffa378c59e0 @level="SEVERE", @timestamp=1616615294509, @message="https://cowichanmilk.client-staging.deliverybizpro.com/skin1/css/structure.css - Failed to load resource: the server responded with a status of 404 ()">, #<Selenium::WebDriver::LogEntry:0x00007ffa378c5990 @level="SEVERE", @timestamp=1616615294509, @message="https://cowichanmilk.client-staging.deliverybizpro.com/skin1/css/structure.css - Failed to load resource: the server responded with a status of 404 ()">]
Import products,1.9685351848602295,[#<Selenium::WebDriver::LogEntry:0x00007ffa3792fed0 @level="WARNING", @timestamp=1616615297773, @message="https://cowichanmilk.client-staging.deliverybizpro.com/admin/products/import 7 The key \"touch-action:\" is not recognized and ignored.">, #<Selenium::WebDriver::LogEntry:0x00007ffa3792fd68 @level="WARNING", @timestamp=1616615297773, @message="https://cowichanmilk.client-staging.deliverybizpro.com/admin/products/import 7 The key \"-ms-touch-action:\" is not recognized and ignored.">, #<Selenium::WebDriver::LogEntry:0x00007ffa3792fd40 @level="WARNING", @timestamp=1616615297983, @message="https://cowichanmilk.client-staging.deliverybizpro.com/admin/router.php?iframe=Y#/task-status 7 The key \"touch-action:\" is not recognized and ignored.">, #<Selenium::WebDriver::LogEntry:0x00007ffa3792fcc8 @level="WARNING", @timestamp=1616615297983, @message="https://cowichanmilk.client-staging.deliverybizpro.com/admin/router.php?iframe=Y#/task-status 7 The key \"-ms-touch-action:\" is not recognized and ignored.">]
Export products,1.3890881538391113,[#<Selenium::WebDriver::LogEntry:0x00007ffa3798f678 @level="WARNING", @timestamp=1616615302767, @message="https://cowichanmilk.client-staging.deliverybizpro.com/admin/products/export 7 The key \"touch-action:\" is not recognized and ignored.">, #<Selenium::WebDriver::LogEntry:0x00007ffa3798f650 @level="WARNING", @timestamp=1616615302767, @message="https://cowichanmilk.client-staging.deliverybizpro.com/admin/products/export 7 The key \"-ms-touch-action:\" is not recognized and ignored.">]
Product Categories,1.4167370796203613,[#<Selenium::WebDriver::LogEntry:0x00007ffa379eee70 @level="WARNING", @timestamp=1616615307172, @message="https://cowichanmilk.client-staging.deliverybizpro.com/admin/categories.php 7 The key \"touch-action:\" is not recognized and ignored.">, #<Selenium::WebDriver::LogEntry:0x00007ffa379eee48 @level="WARNING", @timestamp=1616615307172, @message="https://cowichanmilk.client-staging.deliverybizpro.com/admin/categories.php 7 The key \"-ms-touch-action:\" is not recognized and ignored.">]
Extra fields,1.4066622257232666,[#<Selenium::WebDriver::LogEntry:0x00007ffa48919700 @level="WARNING", @timestamp=1616615311617, @message="https://cowichanmilk.client-staging.deliverybizpro.com/admin/extra-fields 7 The key \"touch-action:\" is not recognized and ignored.">, #<Selenium::WebDriver::LogEntry:0x00007ffa489196d8 @level="WARNING", @timestamp=1616615311617, @message="https://cowichanmilk.client-staging.deliverybizpro.com/admin/extra-fields 7 The key \"-ms-touch-action:\" is not recognized and ignored.">]
Warehouse Locations,1.450300931930542,[#<Selenium::WebDriver::LogEntry:0x00007ffa48982548 @level="WARNING", @timestamp=1616615320104, @message="https://cowichanmilk.client-staging.deliverybizpro.com/admin/warehouse-locations 7 The key \"touch-action:\" is not recognized and ignored.">, #<Selenium::WebDriver::LogEntry:0x00007ffa489824f8 @level="WARNING", @timestamp=1616615320104, @message="https://cowichanmilk.client-staging.deliverybizpro.com/admin/warehouse-locations 7 The key \"-ms-touch-action:\" is not recognized and ignored.">]
Change/Assign Routes,1.383924961090088,[#<Selenium::WebDriver::LogEntry:0x00007ffa489e1f70 @level="WARNING", @timestamp=1616615328556, @message="https://cowichanmilk.client-staging.deliverybizpro.com/admin/assign_route_users.php 7 The key \"touch-action:\" is not recognized and ignored.">, #<Selenium::WebDriver::LogEntry:0x00007ffa489e1f48 @level="WARNING", @timestamp=1616615328557, @message="https://cowichanmilk.client-staging.deliverybizpro.com/admin/assign_route_users.php 7 The key \"-ms-touch-action:\" is not recognized and ignored.">, #<Selenium::WebDriver::LogEntry:0x00007ffa489e1f20 @level="WARNING", @timestamp=1616615328680, @message="https://cowichanmilk.client-staging.deliverybizpro.com/admin/assign_route_users.php - [DOM] Found 2 elements with non-unique id #show_not_validated: (More info: https://goo.gl/9p2vKq) %o %o">]
Create/Edit Routes,2.0794570446014404,[#<Selenium::WebDriver::LogEntry:0x00007ffa48a2b2d8 @level="WARNING", @timestamp=1616615333019, @message="https://cowichanmilk.client-staging.deliverybizpro.com/admin/routes.php 7 The key \"touch-action:\" is not recognized and ignored.">, #<Selenium::WebDriver::LogEntry:0x00007ffa48a2b2b0 @level="WARNING", @timestamp=1616615333019, @message="https://cowichanmilk.client-staging.deliverybizpro.com/admin/routes.php 7 The key \"-ms-touch-action:\" is not recognized and ignored.">, #<Selenium::WebDriver::LogEntry:0x00007ffa48a2b260 @level="SEVERE", @timestamp=1616615333788, @message="https://cowichanmilk.client-staging.deliverybizpro.com/skin1/css/structure.css - Failed to load resource: the server responded with a status of 404 ()">]
GPS Import/Export,1.3957278728485107,[#<Selenium::WebDriver::LogEntry:0x00007ffa48a73a60 @level="WARNING", @timestamp=1616615338099, @message="https://cowichanmilk.client-staging.deliverybizpro.com/admin/gpx.php 7 The key \"touch-action:\" is not recognized and ignored.">, #<Selenium::WebDriver::LogEntry:0x00007ffa48a73a38 @level="WARNING", @timestamp=1616615338100, @message="https://cowichanmilk.client-staging.deliverybizpro.com/admin/gpx.php 7 The key \"-ms-touch-action:\" is not recognized and ignored.">]
Organize Route Stops,1.5738530158996582,[#<Selenium::WebDriver::LogEntry:0x00007ffa48ab9100 @level="WARNING", @timestamp=1616615342518, @message="https://cowichanmilk.client-staging.deliverybizpro.com/admin/router.php?r=organize_route_stops#/organize_route_stops 7 The key \"touch-action:\" is not recognized and ignored.">, #<Selenium::WebDriver::LogEntry:0x00007ffa48ab90b0 @level="WARNING", @timestamp=1616615342518, @message="https://cowichanmilk.client-staging.deliverybizpro.com/admin/router.php?r=organize_route_stops#/organize_route_stops 7 The key \"-ms-touch-action:\" is not recognized and ignored.">]
Manage KML File,1.4676320552825928,[#<Selenium::WebDriver::LogEntry:0x00007ffa48b1a478 @level="WARNING", @timestamp=1616615355198, @message="https://cowichanmilk.client-staging.deliverybizpro.com/admin/router.php?r=kml#/kml 7 The key \"touch-action:\" is not recognized and ignored.">, #<Selenium::WebDriver::LogEntry:0x00007ffa48b1a450 @level="WARNING", @timestamp=1616615355198, @message="https://cowichanmilk.client-staging.deliverybizpro.com/admin/router.php?r=kml#/kml 7 The key \"-ms-touch-action:\" is not recognized and ignored.">]
Display Route/KML Issues,1.3334879875183105,[#<Selenium::WebDriver::LogEntry:0x00007ffa20048630 @level="WARNING", @timestamp=1616615359682, @message="https://cowichanmilk.client-staging.deliverybizpro.com/admin/route_kml_issues.php 7 The key \"touch-action:\" is not recognized and ignored.">, #<Selenium::WebDriver::LogEntry:0x00007ffa200485e0 @level="WARNING", @timestamp=1616615359683, @message="https://cowichanmilk.client-staging.deliverybizpro.com/admin/route_kml_issues.php 7 The key \"-ms-touch-action:\" is not recognized and ignored.">]
Organize Load Sheet,1.449754238128662,[#<Selenium::WebDriver::LogEntry:0x00007ffa20098928 @level="WARNING", @timestamp=1616615364064, @message="https://cowichanmilk.client-staging.deliverybizpro.com/admin/order_routes_products.php 7 The key \"touch-action:\" is not recognized and ignored.">, #<Selenium::WebDriver::LogEntry:0x00007ffa200988b0 @level="WARNING", @timestamp=1616615364064, @message="https://cowichanmilk.client-staging.deliverybizpro.com/admin/order_routes_products.php 7 The key \"-ms-touch-action:\" is not recognized and ignored.">]
Print Route Sheets,1.5952339172363281,[#<Selenium::WebDriver::LogEntry:0x00007ffa378b7520 @level="WARNING", @timestamp=1616615369641, @message="https://cowichanmilk.client-staging.deliverybizpro.com/admin/driving_dir.php 7 The key \"touch-action:\" is not recognized and ignored.">, #<Selenium::WebDriver::LogEntry:0x00007ffa378b74f8 @level="WARNING", @timestamp=1616615369641, @message="https://cowichanmilk.client-staging.deliverybizpro.com/admin/driving_dir.php 7 The key \"-ms-touch-action:\" is not recognized and ignored.">, #<Selenium::WebDriver::LogEntry:0x00007ffa378b7480 @level="WARNING", @timestamp=1616615369923, @message="https://cowichanmilk.client-staging.deliverybizpro.com/admin/driving_dir.php - [DOM] Found 2 elements with non-unique id #custom-range-input-multiple: (More info: https://goo.gl/9p2vKq) %o %o">, #<Selenium::WebDriver::LogEntry:0x00007ffa378b7458 @level="WARNING", @timestamp=1616615369923, @message="https://cowichanmilk.client-staging.deliverybizpro.com/admin/driving_dir.php - [DOM] Found 2 elements with non-unique id #mult-route-id: (More info: https://goo.gl/9p2vKq) %o %o">]
Print Route Sheets - Export to Excel,1.5085728168487549,[#<Selenium::WebDriver::LogEntry:0x00007ffa37954d70 @level="WARNING", @timestamp=1616615371241, @message="https://cowichanmilk.client-staging.deliverybizpro.com/admin/driving_dir.php 7 The key \"touch-action:\" is not recognized and ignored.">, #<Selenium::WebDriver::LogEntry:0x00007ffa37954d48 @level="WARNING", @timestamp=1616615371241, @message="https://cowichanmilk.client-staging.deliverybizpro.com/admin/driving_dir.php 7 The key \"-ms-touch-action:\" is not recognized and ignored.">, #<Selenium::WebDriver::LogEntry:0x00007ffa37954cf8 @level="WARNING", @timestamp=1616615371435, @message="https://cowichanmilk.client-staging.deliverybizpro.com/admin/driving_dir.php - [DOM] Found 2 elements with non-unique id #custom-range-input-multiple: (More info: https://goo.gl/9p2vKq) %o %o">, #<Selenium::WebDriver::LogEntry:0x00007ffa37954cd0 @level="WARNING", @timestamp=1616615371435, @message="https://cowichanmilk.client-staging.deliverybizpro.com/admin/driving_dir.php - [DOM] Found 2 elements with non-unique id #mult-route-id: (More info: https://goo.gl/9p2vKq) %o %o">]
Print Bag Labels,1.477748155593872,[#<Selenium::WebDriver::LogEntry:0x00007ffa37996978 @level="WARNING", @timestamp=1616615373725, @message="https://cowichanmilk.client-staging.deliverybizpro.com/admin/driving_dir.php?bag_label=1 7 The key \"touch-action:\" is not recognized and ignored.">, #<Selenium::WebDriver::LogEntry:0x00007ffa37996950 @level="WARNING", @timestamp=1616615373725, @message="https://cowichanmilk.client-staging.deliverybizpro.com/admin/driving_dir.php?bag_label=1 7 The key \"-ms-touch-action:\" is not recognized and ignored.">, #<Selenium::WebDriver::LogEntry:0x00007ffa37996928 @level="WARNING", @timestamp=1616615373915, @message="https://cowichanmilk.client-staging.deliverybizpro.com/admin/driving_dir.php?bag_label=1 - [DOM] Found 2 elements with non-unique id #custom-range-input-multiple: (More info: https://goo.gl/9p2vKq) %o %o">, #<Selenium::WebDriver::LogEntry:0x00007ffa37996900 @level="WARNING", @timestamp=1616615373915, @message="https://cowichanmilk.client-staging.deliverybizpro.com/admin/driving_dir.php?bag_label=1 - [DOM] Found 2 elements with non-unique id #mult-route-id: (More info: https://goo.gl/9p2vKq) %o %o">]
Print Bag Labels - Export to Excel,1.4750282764434814,[#<Selenium::WebDriver::LogEntry:0x00007ffa48900c28 @level="WARNING", @timestamp=1616615375224, @message="https://cowichanmilk.client-staging.deliverybizpro.com/admin/driving_dir.php?bag_label=1 7 The key \"touch-action:\" is not recognized and ignored.">, #<Selenium::WebDriver::LogEntry:0x00007ffa48900b88 @level="WARNING", @timestamp=1616615375224, @message="https://cowichanmilk.client-staging.deliverybizpro.com/admin/driving_dir.php?bag_label=1 7 The key \"-ms-touch-action:\" is not recognized and ignored.">, #<Selenium::WebDriver::LogEntry:0x00007ffa48900b60 @level="WARNING", @timestamp=1616615375393, @message="https://cowichanmilk.client-staging.deliverybizpro.com/admin/driving_dir.php?bag_label=1 - [DOM] Found 2 elements with non-unique id #custom-range-input-multiple: (More info: https://goo.gl/9p2vKq) %o %o">, #<Selenium::WebDriver::LogEntry:0x00007ffa48900b38 @level="WARNING", @timestamp=1616615375393, @message="https://cowichanmilk.client-staging.deliverybizpro.com/admin/driving_dir.php?bag_label=1 - [DOM] Found 2 elements with non-unique id #mult-route-id: (More info: https://goo.gl/9p2vKq) %o %o">]
Show Invalid Addresses,11.944808006286621,[#<Selenium::WebDriver::LogEntry:0x00007ffa48943618 @level="WARNING", @timestamp=1616615388246, @message="https://cowichanmilk.client-staging.deliverybizpro.com/admin/users_invalid_zips.php 7 The key \"touch-action:\" is not recognized and ignored.">, #<Selenium::WebDriver::LogEntry:0x00007ffa489435f0 @level="WARNING", @timestamp=1616615388246, @message="https://cowichanmilk.client-staging.deliverybizpro.com/admin/users_invalid_zips.php 7 The key \"-ms-touch-action:\" is not recognized and ignored.">]
Billing,1.0593509674072266,[]
Paper/Email Billing,1.423590898513794,[#<Selenium::WebDriver::LogEntry:0x00007ffa489e02d8 @level="WARNING", @timestamp=1616615396752, @message="https://cowichanmilk.client-staging.deliverybizpro.com/admin/customer_billing.php 7 The key \"touch-action:\" is not recognized and ignored.">, #<Selenium::WebDriver::LogEntry:0x00007ffa489e02b0 @level="WARNING", @timestamp=1616615396752, @message="https://cowichanmilk.client-staging.deliverybizpro.com/admin/customer_billing.php 7 The key \"-ms-touch-action:\" is not recognized and ignored.">]
Electronic Billing,1.6322541236877441,[#<Selenium::WebDriver::LogEntry:0x00007ffa48a297d0 @level="WARNING", @timestamp=1616615401216, @message="https://cowichanmilk.client-staging.deliverybizpro.com/admin/billing.php 7 The key \"touch-action:\" is not recognized and ignored.">, #<Selenium::WebDriver::LogEntry:0x00007ffa48a297a8 @level="WARNING", @timestamp=1616615401216, @message="https://cowichanmilk.client-staging.deliverybizpro.com/admin/billing.php 7 The key \"-ms-touch-action:\" is not recognized and ignored.">]
Mass Update Payments,1.4386637210845947,[#<Selenium::WebDriver::LogEntry:0x00007ffa48a721d8 @level="WARNING", @timestamp=1616615405833, @message="https://cowichanmilk.client-staging.deliverybizpro.com/admin/mass_update_payments.php 7 The key \"touch-action:\" is not recognized and ignored.">, #<Selenium::WebDriver::LogEntry:0x00007ffa48a721b0 @level="WARNING", @timestamp=1616615405833, @message="https://cowichanmilk.client-staging.deliverybizpro.com/admin/mass_update_payments.php 7 The key \"-ms-touch-action:\" is not recognized and ignored.">]
Mass Deposit Returns/Charges,1.3402831554412842,[#<Selenium::WebDriver::LogEntry:0x00007ffa48ac3330 @level="WARNING", @timestamp=1616615410289, @message="https://cowichanmilk.client-staging.deliverybizpro.com/admin/bottle_deposits.php 7 The key \"touch-action:\" is not recognized and ignored.">, #<Selenium::WebDriver::LogEntry:0x00007ffa48ac3308 @level="WARNING", @timestamp=1616615410290, @message="https://cowichanmilk.client-staging.deliverybizpro.com/admin/bottle_deposits.php 7 The key \"-ms-touch-action:\" is not recognized and ignored.">]
Global Invoice Notes,1.4810740947723389,[#<Selenium::WebDriver::LogEntry:0x00007ffa48b01130 @level="WARNING", @timestamp=1616615414639, @message="https://cowichanmilk.client-staging.deliverybizpro.com/admin/global_notes.php 7 The key \"touch-action:\" is not recognized and ignored.">, #<Selenium::WebDriver::LogEntry:0x00007ffa48b01108 @level="WARNING", @timestamp=1616615414639, @message="https://cowichanmilk.client-staging.deliverybizpro.com/admin/global_notes.php 7 The key \"-ms-touch-action:\" is not recognized and ignored.">, #<Selenium::WebDriver::LogEntry:0x00007ffa48b010e0 @level="SEVERE", @timestamp=1616615415901, @message="https://cowichanmilk.client-staging.deliverybizpro.com/skin1/css/structure.css - Failed to load resource: the server responded with a status of 404 ()">]
View GC Purchase Log,1.3521502017974854,[#<Selenium::WebDriver::LogEntry:0x00007ffa47918d38 @level="WARNING", @timestamp=1616615419149, @message="https://cowichanmilk.client-staging.deliverybizpro.com/admin/giftcerts_purchase_log.php 7 The key \"touch-action:\" is not recognized and ignored.">, #<Selenium::WebDriver::LogEntry:0x00007ffa479232b0 @level="WARNING", @timestamp=1616615419149, @message="https://cowichanmilk.client-staging.deliverybizpro.com/admin/giftcerts_purchase_log.php 7 The key \"-ms-touch-action:\" is not recognized and ignored.">]
Sales Reporting,1.0836198329925537,[]
Countdown Sales Report,1.4817850589752197,[#<Selenium::WebDriver::LogEntry:0x00007ffa07aa83f0 @level="WARNING", @timestamp=1616615431658, @message="https://cowichanmilk.client-staging.deliverybizpro.com/admin/reports.php?report_type=countdown 7 The key \"touch-action:\" is not recognized and ignored.">, #<Selenium::WebDriver::LogEntry:0x00007ffa07aa83a0 @level="WARNING", @timestamp=1616615431658, @message="https://cowichanmilk.client-staging.deliverybizpro.com/admin/reports.php?report_type=countdown 7 The key \"-ms-touch-action:\" is not recognized and ignored.">]
Countdown Sales Report - Export to Excel,1.075110912322998,[]
Cross-Selling Report,1.4049170017242432,[#<Selenium::WebDriver::LogEntry:0x00007ffa3794f848 @level="WARNING", @timestamp=1616615435202, @message="https://cowichanmilk.client-staging.deliverybizpro.com/admin/reports.php?report_type=cross_selling 7 The key \"touch-action:\" is not recognized and ignored.">, #<Selenium::WebDriver::LogEntry:0x00007ffa3794f7f8 @level="WARNING", @timestamp=1616615435202, @message="https://cowichanmilk.client-staging.deliverybizpro.com/admin/reports.php?report_type=cross_selling 7 The key \"-ms-touch-action:\" is not recognized and ignored.">]
Cross-Selling Report - Export to Excel,1.0826427936553955,[#<Selenium::WebDriver::LogEntry:0x00007ffa379e6608 @level="WARNING", @timestamp=1616615437469, @message="https://cowichanmilk.client-staging.deliverybizpro.com/admin/reports.php?report_type=cross_selling - [DOM] Found 2 elements with non-unique id #action_value: (More info: https://goo.gl/9p2vKq) %o %o">]
Discount Coupon Report,1.429197072982788,[#<Selenium::WebDriver::LogEntry:0x00007ffa488f0288 @level="WARNING", @timestamp=1616615438753, @message="https://cowichanmilk.client-staging.deliverybizpro.com/admin/reports.php?report_type=discount_coupon 7 The key \"touch-action:\" is not recognized and ignored.">, #<Selenium::WebDriver::LogEntry:0x00007ffa488f03c8 @level="WARNING", @timestamp=1616615438753, @message="https://cowichanmilk.client-staging.deliverybizpro.com/admin/reports.php?report_type=discount_coupon 7 The key \"-ms-touch-action:\" is not recognized and ignored.">]
Discount Coupon Report - Export to Excel,1.0787320137023926,[]
Manage Cross-Selling,1.3218190670013428,[#<Selenium::WebDriver::LogEntry:0x00007ffa489b88a0 @level="WARNING", @timestamp=1616615442215, @message="https://cowichanmilk.client-staging.deliverybizpro.com/admin/reports.php?report_type=upselling 7 The key \"touch-action:\" is not recognized and ignored.">, #<Selenium::WebDriver::LogEntry:0x00007ffa489b8878 @level="WARNING", @timestamp=1616615442215, @message="https://cowichanmilk.client-staging.deliverybizpro.com/admin/reports.php?report_type=upselling 7 The key \"-ms-touch-action:\" is not recognized and ignored.">]
Manage Cross-Selling - Export to Excel,1.0737097263336182,[]
Ordered Products Reports,1.5862820148468018,[#<Selenium::WebDriver::LogEntry:0x00007ffa48a618b0 @level="WARNING", @timestamp=1616615445672, @message="https://cowichanmilk.client-staging.deliverybizpro.com/admin/reports.php?report_type=product 7 The key \"touch-action:\" is not recognized and ignored.">, #<Selenium::WebDriver::LogEntry:0x00007ffa48a61888 @level="WARNING", @timestamp=1616615445672, @message="https://cowichanmilk.client-staging.deliverybizpro.com/admin/reports.php?report_type=product 7 The key \"-ms-touch-action:\" is not recognized and ignored.">]
Ordered Products Reports - Export to Excel,12.204308986663818,[]
Overall Sales,1.6747081279754639,[#<Selenium::WebDriver::LogEntry:0x00007ffa48b0a460 @level="WARNING", @timestamp=1616615460484, @message="https://cowichanmilk.client-staging.deliverybizpro.com/admin/reports.php?report_type=over_sales 7 The key \"touch-action:\" is not recognized and ignored.">, #<Selenium::WebDriver::LogEntry:0x00007ffa48b0a410 @level="WARNING", @timestamp=1616615460484, @message="https://cowichanmilk.client-staging.deliverybizpro.com/admin/reports.php?report_type=over_sales 7 The key \"-ms-touch-action:\" is not recognized and ignored.">]
Overall Sales - Export to Excel,1.335359811782837,[]
Sales By Route,1.571544885635376,[#<Selenium::WebDriver::LogEntry:0x00007ffa200a92c8 @level="WARNING", @timestamp=1616615464499, @message="https://cowichanmilk.client-staging.deliverybizpro.com/admin/reports.php?report_type=sales_by_route 7 The key \"touch-action:\" is not recognized and ignored.">, #<Selenium::WebDriver::LogEntry:0x00007ffa200a9250 @level="WARNING", @timestamp=1616615464499, @message="https://cowichanmilk.client-staging.deliverybizpro.com/admin/reports.php?report_type=sales_by_route 7 The key \"-ms-touch-action:\" is not recognized and ignored.">]
Sales By Route - Export to Excel,1.2691349983215332,[]
Financials Reporting,1.066065788269043,[]
Average Order Report,1.5067870616912842,[#<Selenium::WebDriver::LogEntry:0x00007ffa3793d7d8 @level="WARNING", @timestamp=1616615470487, @message="https://cowichanmilk.client-staging.deliverybizpro.com/admin/reports.php?report_type=average_order 7 The key \"touch-action:\" is not recognized and ignored.">, #<Selenium::WebDriver::LogEntry:0x00007ffa3793d738 @level="WARNING", @timestamp=1616615470487, @message="https://cowichanmilk.client-staging.deliverybizpro.com/admin/reports.php?report_type=average_order 7 The key \"-ms-touch-action:\" is not recognized and ignored.">]
Average Order Report - Export to Excel,1.0748789310455322,[#<Selenium::WebDriver::LogEntry:0x00007ffa379d5ee8 @level="WARNING", @timestamp=1616615472737, @message="https://cowichanmilk.client-staging.deliverybizpro.com/admin/reports.php?report_type=average_order - [DOM] Found 2 elements with non-unique id #action_value: (More info: https://goo.gl/9p2vKq) %o %o">]
Credits Report,1.3825709819793701,[#<Selenium::WebDriver::LogEntry:0x00007ffa37a151d8 @level="WARNING", @timestamp=1616615473969, @message="https://cowichanmilk.client-staging.deliverybizpro.com/admin/reports.php?report_type=credits 7 The key \"touch-action:\" is not recognized and ignored.">, #<Selenium::WebDriver::LogEntry:0x00007ffa37a151b0 @level="WARNING", @timestamp=1616615473969, @message="https://cowichanmilk.client-staging.deliverybizpro.com/admin/reports.php?report_type=credits 7 The key \"-ms-touch-action:\" is not recognized and ignored.">]
Credits Report - Export to Excel,2.5795230865478516,[#<Selenium::WebDriver::LogEntry:0x00007ffa48979d58 @level="WARNING", @timestamp=1616615476264, @message="https://cowichanmilk.client-staging.deliverybizpro.com/admin/reports.php?report_type=credits - [DOM] Found 2 elements with non-unique id #action_value: (More info: https://goo.gl/9p2vKq) %o %o">]
Effective Margin Report,1.3075430393218994,[#<Selenium::WebDriver::LogEntry:0x00007ffa489b15c8 @level="WARNING", @timestamp=1616615478916, @message="https://cowichanmilk.client-staging.deliverybizpro.com/admin/reports.php?report_type=effective_margin 7 The key \"touch-action:\" is not recognized and ignored.">, #<Selenium::WebDriver::LogEntry:0x00007ffa489b15a0 @level="WARNING", @timestamp=1616615478916, @message="https://cowichanmilk.client-staging.deliverybizpro.com/admin/reports.php?report_type=effective_margin 7 The key \"-ms-touch-action:\" is not recognized and ignored.">]
Effective Margin Report - Export to Excel,1.89292311668396,[]
Financials Export,1.2949678897857666,[#<Selenium::WebDriver::LogEntry:0x00007ffa48a59750 @level="WARNING", @timestamp=1616615483143, @message="https://cowichanmilk.client-staging.deliverybizpro.com/admin/reports.php?report_type=financials 7 The key \"touch-action:\" is not recognized and ignored.">, #<Selenium::WebDriver::LogEntry:0x00007ffa48a59728 @level="WARNING", @timestamp=1616615483143, @message="https://cowichanmilk.client-staging.deliverybizpro.com/admin/reports.php?report_type=financials 7 The key \"-ms-touch-action:\" is not recognized and ignored.">]
Financials Export - Export to Excel,1.4311270713806152,[]
No Payment Customers,1.7859079837799072,[#<Selenium::WebDriver::LogEntry:0x00007ffa48b02670 @level="WARNING", @timestamp=1616615487302, @message="https://cowichanmilk.client-staging.deliverybizpro.com/admin/reports.php?report_type=not_paid 7 The key \"touch-action:\" is not recognized and ignored.">, #<Selenium::WebDriver::LogEntry:0x00007ffa48b02648 @level="WARNING", @timestamp=1616615487302, @message="https://cowichanmilk.client-staging.deliverybizpro.com/admin/reports.php?report_type=not_paid 7 The key \"-ms-touch-action:\" is not recognized and ignored.">]
No Payment Customers - Export to Excel,1.547757863998413,[]
Past Due Customers,1.4088680744171143,[#<Selenium::WebDriver::LogEntry:0x00007ffa278e8400 @level="WARNING", @timestamp=1616615491323, @message="https://cowichanmilk.client-staging.deliverybizpro.com/admin/reports.php?report_type=due 7 The key \"touch-action:\" is not recognized and ignored.">, #<Selenium::WebDriver::LogEntry:0x00007ffa278e83b0 @level="WARNING", @timestamp=1616615491323, @message="https://cowichanmilk.client-staging.deliverybizpro.com/admin/reports.php?report_type=due 7 The key \"-ms-touch-action:\" is not recognized and ignored.">]
Past Due Customers - Export to Excel,1.4498569965362549,[]
Payments On Review,1.3805811405181885,[#<Selenium::WebDriver::LogEntry:0x00007ffa378e58f8 @level="WARNING", @timestamp=1616615495165, @message="https://cowichanmilk.client-staging.deliverybizpro.com/admin/reports.php?report_type=review_payments 7 The key \"touch-action:\" is not recognized and ignored.">, #<Selenium::WebDriver::LogEntry:0x00007ffa378e58d0 @level="WARNING", @timestamp=1616615495165, @message="https://cowichanmilk.client-staging.deliverybizpro.com/admin/reports.php?report_type=review_payments 7 The key \"-ms-touch-action:\" is not recognized and ignored.">, #<Selenium::WebDriver::LogEntry:0x00007ffa378e5858 @level="SEVERE", @timestamp=1616615495280, @message="https://cowichanmilk.client-staging.deliverybizpro.com/admin/skin1/admin/admin-modal.css - Failed to load resource: the server responded with a status of 404 ()">]
Payments On Review - Export to Excel,1.226743221282959,[]
Payments Posted Report,1.378248929977417,[#<Selenium::WebDriver::LogEntry:0x00007ffa379cf598 @level="WARNING", @timestamp=1616615498788, @message="https://cowichanmilk.client-staging.deliverybizpro.com/admin/reports.php?report_type=checks_posted 7 The key \"touch-action:\" is not recognized and ignored.">, #<Selenium::WebDriver::LogEntry:0x00007ffa379cf548 @level="WARNING", @timestamp=1616615498788, @message="https://cowichanmilk.client-staging.deliverybizpro.com/admin/reports.php?report_type=checks_posted 7 The key \"-ms-touch-action:\" is not recognized and ignored.">]
Payments Posted Report - Export to Excel,1.5475521087646484,[]
Profit Report,1.581277847290039,[#<Selenium::WebDriver::LogEntry:0x00007ffa48968350 @level="WARNING", @timestamp=1616615502770, @message="https://cowichanmilk.client-staging.deliverybizpro.com/admin/reports.php?report_type=profit 7 The key \"touch-action:\" is not recognized and ignored.">, #<Selenium::WebDriver::LogEntry:0x00007ffa48968328 @level="WARNING", @timestamp=1616615502770, @message="https://cowichanmilk.client-staging.deliverybizpro.com/admin/reports.php?report_type=profit 7 The key \"-ms-touch-action:\" is not recognized and ignored.">]
Profit Report - Export to Excel,1.278639793395996,[]
Recent Payments Report,1.3321092128753662,[#<Selenium::WebDriver::LogEntry:0x00007ffa48a21cb0 @level="WARNING", @timestamp=1616615506585, @message="https://cowichanmilk.client-staging.deliverybizpro.com/admin/reports.php?report_type=delivery_payment 7 The key \"touch-action:\" is not recognized and ignored.">, #<Selenium::WebDriver::LogEntry:0x00007ffa48a21c88 @level="WARNING", @timestamp=1616615506585, @message="https://cowichanmilk.client-staging.deliverybizpro.com/admin/reports.php?report_type=delivery_payment 7 The key \"-ms-touch-action:\" is not recognized and ignored.">]
Recent Payments Report - Export to Excel,2.730193853378296,[]
Show Currently Owed,3.8577961921691895,[#<Selenium::WebDriver::LogEntry:0x00007ffa48ac93e8 @level="WARNING", @timestamp=1616615512823, @message="https://cowichanmilk.client-staging.deliverybizpro.com/admin/reports.php?report_type=owed 7 The key \"touch-action:\" is not recognized and ignored.">, #<Selenium::WebDriver::LogEntry:0x00007ffa48ac93c0 @level="WARNING", @timestamp=1616615512823, @message="https://cowichanmilk.client-staging.deliverybizpro.com/admin/reports.php?report_type=owed 7 The key \"-ms-touch-action:\" is not recognized and ignored.">]
Show Currently Owed - Export to Excel,2.3496131896972656,[]
Taxes Report,1.4525458812713623,[#<Selenium::WebDriver::LogEntry:0x00007ffa488db950 @level="WARNING", @timestamp=1616615518957, @message="https://cowichanmilk.client-staging.deliverybizpro.com/admin/reports.php?report_type=taxes 7 The key \"touch-action:\" is not recognized and ignored.">, #<Selenium::WebDriver::LogEntry:0x00007ffa488db478 @level="WARNING", @timestamp=1616615518957, @message="https://cowichanmilk.client-staging.deliverybizpro.com/admin/reports.php?report_type=taxes 7 The key \"-ms-touch-action:\" is not recognized and ignored.">]
Taxes Report - Export to Excel,1.1777701377868652,[]
Product Reporting,1.0648927688598633,[]
Bagged Items Report,1.4712750911712646,[#<Selenium::WebDriver::LogEntry:0x00007ffa378df5e8 @level="WARNING", @timestamp=1616615524668, @message="https://cowichanmilk.client-staging.deliverybizpro.com/admin/reports.php?report_type=bagged_items 7 The key \"touch-action:\" is not recognized and ignored.">, #<Selenium::WebDriver::LogEntry:0x00007ffa378df570 @level="WARNING", @timestamp=1616615524668, @message="https://cowichanmilk.client-staging.deliverybizpro.com/admin/reports.php?report_type=bagged_items 7 The key \"-ms-touch-action:\" is not recognized and ignored.">]
Bagged Items Report - Export to Excel,1.8514301776885986,[]
Customized Products,1.4371109008789062,[#<Selenium::WebDriver::LogEntry:0x00007ffa379bdf50 @level="WARNING", @timestamp=1616615528970, @message="https://cowichanmilk.client-staging.deliverybizpro.com/admin/reports.php?report_type=customized_products 7 The key \"touch-action:\" is not recognized and ignored.">, #<Selenium::WebDriver::LogEntry:0x00007ffa379bded8 @level="WARNING", @timestamp=1616615528970, @message="https://cowichanmilk.client-staging.deliverybizpro.com/admin/reports.php?report_type=customized_products 7 The key \"-ms-touch-action:\" is not recognized and ignored.">, #<Selenium::WebDriver::LogEntry:0x00007ffa379bdeb0 @level="SEVERE", @timestamp=1616615529089, @message="https://cowichanmilk.client-staging.deliverybizpro.com/admin/skin1/admin/admin-modal.css - Failed to load resource: the server responded with a status of 404 ()">]
Customized Products - Export to Excel,1.1589019298553467,[]
Forecast,1.469918966293335,[#<Selenium::WebDriver::LogEntry:0x00007ffa48972300 @level="WARNING", @timestamp=1616615554646, @message="https://cowichanmilk.client-staging.deliverybizpro.com/admin/reports.php?report_type=forecast 7 The key \"touch-action:\" is not recognized and ignored.">, #<Selenium::WebDriver::LogEntry:0x00007ffa489722d8 @level="WARNING", @timestamp=1616615554646, @message="https://cowichanmilk.client-staging.deliverybizpro.com/admin/reports.php?report_type=forecast 7 The key \"-ms-touch-action:\" is not recognized and ignored.">]
Inventory,2.207103967666626,[#<Selenium::WebDriver::LogEntry:0x00007ffa489ca230 @level="WARNING", @timestamp=1616615559613, @message="https://cowichanmilk.client-staging.deliverybizpro.com/admin/reports.php?report_type=inventory&hide_disabled_inventory=Y 7 The key \"touch-action:\" is not recognized and ignored.">, #<Selenium::WebDriver::LogEntry:0x00007ffa489ca208 @level="WARNING", @timestamp=1616615559613, @message="https://cowichanmilk.client-staging.deliverybizpro.com/admin/reports.php?report_type=inventory&hide_disabled_inventory=Y 7 The key \"-ms-touch-action:\" is not recognized and ignored.">]
Inventory - Export to Excel,1.6913857460021973,[]
Product Reporting,1.0714607238769531,[]
Load Sheet Report,1.3778131008148193,[#<Selenium::WebDriver::LogEntry:0x00007ffa48a98388 @level="WARNING", @timestamp=1616615566112, @message="https://cowichanmilk.client-staging.deliverybizpro.com/admin/reports.php?report_type=load_sheet 7 The key \"touch-action:\" is not recognized and ignored.">, #<Selenium::WebDriver::LogEntry:0x00007ffa48a98360 @level="WARNING", @timestamp=1616615566112, @message="https://cowichanmilk.client-staging.deliverybizpro.com/admin/reports.php?report_type=load_sheet 7 The key \"-ms-touch-action:\" is not recognized and ignored.">]
Load Sheet Report - Export to Excel,1.0744829177856445,[]
Out Of Stock Report,1.3829760551452637,[#<Selenium::WebDriver::LogEntry:0x00007ffa48851700 @level="WARNING", @timestamp=1616615569571, @message="https://cowichanmilk.client-staging.deliverybizpro.com/admin/reports.php?report_type=out_of_stock 7 The key \"touch-action:\" is not recognized and ignored.">, #<Selenium::WebDriver::LogEntry:0x00007ffa48862fc8 @level="WARNING", @timestamp=1616615569571, @message="https://cowichanmilk.client-staging.deliverybizpro.com/admin/reports.php?report_type=out_of_stock 7 The key \"-ms-touch-action:\" is not recognized and ignored.">, #<Selenium::WebDriver::LogEntry:0x00007ffa4781ba70 @level="SEVERE", @timestamp=1616615569684, @message="https://cowichanmilk.client-staging.deliverybizpro.com/admin/skin1/admin/admin-modal.css - Failed to load resource: the server responded with a status of 404 ()">]
Out Of Stock Report - Export to Excel,1.0757298469543457,[]
Customer Reporting,1.0649478435516357,[]
Customer Count Report,1.4227330684661865,[#<Selenium::WebDriver::LogEntry:0x00007ffa378cf990 @level="WARNING", @timestamp=1616615619208, @message="https://cowichanmilk.client-staging.deliverybizpro.com/admin/reports.php?report_type=customer_count 7 The key \"touch-action:\" is not recognized and ignored.">, #<Selenium::WebDriver::LogEntry:0x00007ffa378cf968 @level="WARNING", @timestamp=1616615619208, @message="https://cowichanmilk.client-staging.deliverybizpro.com/admin/reports.php?report_type=customer_count 7 The key \"-ms-touch-action:\" is not recognized and ignored.">]
Customer Count Report - Export to Excel,1.1223881244659424,[#<Selenium::WebDriver::LogEntry:0x00007ffa3796d870 @level="WARNING", @timestamp=1616615621484, @message="https://cowichanmilk.client-staging.deliverybizpro.com/admin/reports.php?report_type=customer_count - [DOM] Found 2 elements with non-unique id #action_value: (More info: https://goo.gl/9p2vKq) %o %o">]
Customer Orders Count,1.445255994796753,[#<Selenium::WebDriver::LogEntry:0x00007ffa379aee38 @level="WARNING", @timestamp=1616615622786, @message="https://cowichanmilk.client-staging.deliverybizpro.com/admin/reports.php?report_type=customer_orders 7 The key \"touch-action:\" is not recognized and ignored.">, #<Selenium::WebDriver::LogEntry:0x00007ffa379aedc0 @level="WARNING", @timestamp=1616615622786, @message="https://cowichanmilk.client-staging.deliverybizpro.com/admin/reports.php?report_type=customer_orders 7 The key \"-ms-touch-action:\" is not recognized and ignored.">]
Customer Orders Count - Export to Excel,1.12811279296875,[]
Deposit Report,1.444748878479004,[#<Selenium::WebDriver::LogEntry:0x00007ffa48952898 @level="WARNING", @timestamp=1616615626388, @message="https://cowichanmilk.client-staging.deliverybizpro.com/admin/reports.php?report_type=bottle_deposit 7 The key \"touch-action:\" is not recognized and ignored.">, #<Selenium::WebDriver::LogEntry:0x00007ffa48952870 @level="WARNING", @timestamp=1616615626388, @message="https://cowichanmilk.client-staging.deliverybizpro.com/admin/reports.php?report_type=bottle_deposit 7 The key \"-ms-touch-action:\" is not recognized and ignored.">]
Deposit Report - Export to Excel,1.75386381149292,[]
Followup Report,1.4378809928894043,[#<Selenium::WebDriver::LogEntry:0x00007ffa48a096d8 @level="WARNING", @timestamp=1616615630604, @message="https://cowichanmilk.client-staging.deliverybizpro.com/admin/reports.php?report_type=followup 7 The key \"touch-action:\" is not recognized and ignored.">, #<Selenium::WebDriver::LogEntry:0x00007ffa48a096b0 @level="WARNING", @timestamp=1616615630604, @message="https://cowichanmilk.client-staging.deliverybizpro.com/admin/reports.php?report_type=followup 7 The key \"-ms-touch-action:\" is not recognized and ignored.">]
Followup Report - Export to Excel,1.0738589763641357,[#<Selenium::WebDriver::LogEntry:0x00007ffa48a837a8 @level="WARNING", @timestamp=1616615632884, @message="https://cowichanmilk.client-staging.deliverybizpro.com/admin/reports.php?report_type=followup - [DOM] Found 2 elements with non-unique id #action_value: (More info: https://goo.gl/9p2vKq) %o %o">]
Friend Referral Report,1.3878381252288818,[#<Selenium::WebDriver::LogEntry:0x00007ffa48ab0ac8 @level="WARNING", @timestamp=1616615634130, @message="https://cowichanmilk.client-staging.deliverybizpro.com/admin/reports.php?report_type=refer_friend 7 The key \"touch-action:\" is not recognized and ignored.">, #<Selenium::WebDriver::LogEntry:0x00007ffa48ab0aa0 @level="WARNING", @timestamp=1616615634130, @message="https://cowichanmilk.client-staging.deliverybizpro.com/admin/reports.php?report_type=refer_friend 7 The key \"-ms-touch-action:\" is not recognized and ignored.">]
Friend Referral Report - Export to Excel,1.1755802631378174,[]
Minimum Order Report,1.3517560958862305,[#<Selenium::WebDriver::LogEntry:0x00007ffa47a38420 @level="WARNING", @timestamp=1616615637676, @message="https://cowichanmilk.client-staging.deliverybizpro.com/admin/reports.php?report_type=min_order_report 7 The key \"touch-action:\" is not recognized and ignored.">, #<Selenium::WebDriver::LogEntry:0x00007ffa47a38380 @level="WARNING", @timestamp=1616615637676, @message="https://cowichanmilk.client-staging.deliverybizpro.com/admin/reports.php?report_type=min_order_report 7 The key \"-ms-touch-action:\" is not recognized and ignored.">]
Minimum Order Report - Export to Excel,1.0707969665527344,[#<Selenium::WebDriver::LogEntry:0x00007ffa07a112c0 @level="WARNING", @timestamp=1616615639897, @message="https://cowichanmilk.client-staging.deliverybizpro.com/admin/reports.php?report_type=min_order_report - [DOM] Found 2 elements with non-unique id #action_value: (More info: https://goo.gl/9p2vKq) %o %o">]
Negative Balances,2.025454044342041,[#<Selenium::WebDriver::LogEntry:0x00007ffa378852f0 @level="WARNING", @timestamp=1616615641808, @message="https://cowichanmilk.client-staging.deliverybizpro.com/admin/reports.php?report_type=balance 7 The key \"touch-action:\" is not recognized and ignored.">, #<Selenium::WebDriver::LogEntry:0x00007ffa378852c8 @level="WARNING", @timestamp=1616615641808, @message="https://cowichanmilk.client-staging.deliverybizpro.com/admin/reports.php?report_type=balance 7 The key \"-ms-touch-action:\" is not recognized and ignored.">]
New Customers,1.3943381309509277,[#<Selenium::WebDriver::LogEntry:0x00007ffa378bc250 @level="WARNING", @timestamp=1616615644163, @message="https://cowichanmilk.client-staging.deliverybizpro.com/admin/reports.php?report_type=new 7 The key \"touch-action:\" is not recognized and ignored.">, #<Selenium::WebDriver::LogEntry:0x00007ffa378bc200 @level="WARNING", @timestamp=1616615644163, @message="https://cowichanmilk.client-staging.deliverybizpro.com/admin/reports.php?report_type=new 7 The key \"-ms-touch-action:\" is not recognized and ignored.">]
No Order Customers Report,1.4176840782165527,[#<Selenium::WebDriver::LogEntry:0x00007ffa3791cce0 @level="WARNING", @timestamp=1616615648580, @message="https://cowichanmilk.client-staging.deliverybizpro.com/admin/reports.php?report_type=no_orders 7 The key \"touch-action:\" is not recognized and ignored.">, #<Selenium::WebDriver::LogEntry:0x00007ffa3791ccb8 @level="WARNING", @timestamp=1616615648580, @message="https://cowichanmilk.client-staging.deliverybizpro.com/admin/reports.php?report_type=no_orders 7 The key \"-ms-touch-action:\" is not recognized and ignored.">]
No Order Customers Report - Export to Excel,1.076965093612671,[#<Selenium::WebDriver::LogEntry:0x00007ffa379bc2b8 @level="WARNING", @timestamp=1616615650831, @message="https://cowichanmilk.client-staging.deliverybizpro.com/admin/reports.php?report_type=no_orders - [DOM] Found 2 elements with non-unique id #action_value: (More info: https://goo.gl/9p2vKq) %o %o">]
No Payment Customers,1.7115159034729004,[#<Selenium::WebDriver::LogEntry:0x00007ffa37a06cf0 @level="WARNING", @timestamp=1616615652430, @message="https://cowichanmilk.client-staging.deliverybizpro.com/admin/reports.php?report_type=not_paid 7 The key \"touch-action:\" is not recognized and ignored.">, #<Selenium::WebDriver::LogEntry:0x00007ffa37a06ca0 @level="WARNING", @timestamp=1616615652430, @message="https://cowichanmilk.client-staging.deliverybizpro.com/admin/reports.php?report_type=not_paid 7 The key \"-ms-touch-action:\" is not recognized and ignored.">]
No Payment Customers - Export to Excel,1.5525052547454834,[]
Customer Reporting,1.060356855392456,[]
On Hold Report,1.4295101165771484,[#<Selenium::WebDriver::LogEntry:0x00007ffa489dba08 @level="WARNING", @timestamp=1616615658471, @message="https://cowichanmilk.client-staging.deliverybizpro.com/admin/reports.php?report_type=on_hold 7 The key \"touch-action:\" is not recognized and ignored.">, #<Selenium::WebDriver::LogEntry:0x00007ffa489db9e0 @level="WARNING", @timestamp=1616615658471, @message="https://cowichanmilk.client-staging.deliverybizpro.com/admin/reports.php?report_type=on_hold 7 The key \"-ms-touch-action:\" is not recognized and ignored.">]
On Hold Report - Export to Excel,1.1856629848480225,[]
Past Due Customers,1.3669791221618652,[#<Selenium::WebDriver::LogEntry:0x00007ffa48a79cf8 @level="WARNING", @timestamp=1616615662081, @message="https://cowichanmilk.client-staging.deliverybizpro.com/admin/reports.php?report_type=due 7 The key \"touch-action:\" is not recognized and ignored.">, #<Selenium::WebDriver::LogEntry:0x00007ffa48a79ca8 @level="WARNING", @timestamp=1616615662081, @message="https://cowichanmilk.client-staging.deliverybizpro.com/admin/reports.php?report_type=due 7 The key \"-ms-touch-action:\" is not recognized and ignored.">]
Past Due Customers - Export to Excel,1.4365160465240479,[]
Customer Reporting,1.0599737167358398,[]
Recurring Order Report,1.3771698474884033,[#<Selenium::WebDriver::LogEntry:0x00007ffa479f9680 @level="WARNING", @timestamp=1616615667948, @message="https://cowichanmilk.client-staging.deliverybizpro.com/admin/reports.php?report_type=recurring_orders 7 The key \"touch-action:\" is not recognized and ignored.">, #<Selenium::WebDriver::LogEntry:0x00007ffa479f95b8 @level="WARNING", @timestamp=1616615667948, @message="https://cowichanmilk.client-staging.deliverybizpro.com/admin/reports.php?report_type=recurring_orders 7 The key \"-ms-touch-action:\" is not recognized and ignored.">]
Recurring Order Report - Export to Excel,1.3067409992218018,[]
Retention Report,1.388540267944336,[#<Selenium::WebDriver::LogEntry:0x00007ffa47b9cbe0 @level="WARNING", @timestamp=1616615671657, @message="https://cowichanmilk.client-staging.deliverybizpro.com/admin/reports.php?report_type=customer_retention 7 The key \"touch-action:\" is not recognized and ignored.">, #<Selenium::WebDriver::LogEntry:0x00007ffa47b9cbb8 @level="WARNING", @timestamp=1616615671657, @message="https://cowichanmilk.client-staging.deliverybizpro.com/admin/reports.php?report_type=customer_retention 7 The key \"-ms-touch-action:\" is not recognized and ignored.">]
Show Inactive Customers,1.3532211780548096,[#<Selenium::WebDriver::LogEntry:0x00007ffa378d59f8 @level="WARNING", @timestamp=1616615676065, @message="https://cowichanmilk.client-staging.deliverybizpro.com/admin/reports.php?report_type=inactive_customers 7 The key \"touch-action:\" is not recognized and ignored.">, #<Selenium::WebDriver::LogEntry:0x00007ffa378d59d0 @level="WARNING", @timestamp=1616615676065, @message="https://cowichanmilk.client-staging.deliverybizpro.com/admin/reports.php?report_type=inactive_customers 7 The key \"-ms-touch-action:\" is not recognized and ignored.">]
Show Inactive Customers - Export to Excel,1.2308299541473389,[]
Total Customers Report,1.53731107711792,[#<Selenium::WebDriver::LogEntry:0x00007ffa379cfca0 @level="WARNING", @timestamp=1616615701832, @message="https://cowichanmilk.client-staging.deliverybizpro.com/admin/reports.php?report_type=total_customers 7 The key \"touch-action:\" is not recognized and ignored.">, #<Selenium::WebDriver::LogEntry:0x00007ffa379cfc00 @level="WARNING", @timestamp=1616615701832, @message="https://cowichanmilk.client-staging.deliverybizpro.com/admin/reports.php?report_type=total_customers 7 The key \"-ms-touch-action:\" is not recognized and ignored.">]
Total Customers Report - Export to Excel,1.0755960941314697,[]
Vacation Report,1.3388068675994873,[#<Selenium::WebDriver::LogEntry:0x00007ffa489689e0 @level="WARNING", @timestamp=1616615705332, @message="https://cowichanmilk.client-staging.deliverybizpro.com/admin/reports.php?report_type=vacation 7 The key \"touch-action:\" is not recognized and ignored.">, #<Selenium::WebDriver::LogEntry:0x00007ffa48968990 @level="WARNING", @timestamp=1616615705332, @message="https://cowichanmilk.client-staging.deliverybizpro.com/admin/reports.php?report_type=vacation 7 The key \"-ms-touch-action:\" is not recognized and ignored.">]
Vacation Report - Export to Excel,1.0648179054260254,[#<Selenium::WebDriver::LogEntry:0x00007ffa489f1f60 @level="WARNING", @timestamp=1616615707519, @message="https://cowichanmilk.client-staging.deliverybizpro.com/admin/reports.php?report_type=vacation - [DOM] Found 2 elements with non-unique id #action_value: (More info: https://goo.gl/9p2vKq) %o %o">]
Misc. Reporting,1.0563240051269531,[]
Contact Us Report,1.450995922088623,[#<Selenium::WebDriver::LogEntry:0x00007ffa48a63778 @level="WARNING", @timestamp=1616615732822, @message="https://cowichanmilk.client-staging.deliverybizpro.com/admin/reports.php?report_type=contact_us 7 The key \"touch-action:\" is not recognized and ignored.">, #<Selenium::WebDriver::LogEntry:0x00007ffa48a63750 @level="WARNING", @timestamp=1616615732822, @message="https://cowichanmilk.client-staging.deliverybizpro.com/admin/reports.php?report_type=contact_us 7 The key \"-ms-touch-action:\" is not recognized and ignored.">]
Contact Us Report - Export to Excel,1.0679030418395996,[]
Coupon Usage,1.4076530933380127,[#<Selenium::WebDriver::LogEntry:0x00007ffa48b00898 @level="WARNING", @timestamp=1616615736347, @message="https://cowichanmilk.client-staging.deliverybizpro.com/admin/reports.php?report_type=coupons 7 The key \"touch-action:\" is not recognized and ignored.">, #<Selenium::WebDriver::LogEntry:0x00007ffa48b00870 @level="WARNING", @timestamp=1616615736347, @message="https://cowichanmilk.client-staging.deliverybizpro.com/admin/reports.php?report_type=coupons 7 The key \"-ms-touch-action:\" is not recognized and ignored.">]
Coupon Usage - Export to Excel,1.0980618000030518,[#<Selenium::WebDriver::LogEntry:0x00007ffa47b51398 @level="WARNING", @timestamp=1616615738634, @message="https://cowichanmilk.client-staging.deliverybizpro.com/admin/reports.php?report_type=coupons - [DOM] Found 2 elements with non-unique id #action_value: (More info: https://goo.gl/9p2vKq) %o %o">]
Missing Orders,1.4524080753326416,[#<Selenium::WebDriver::LogEntry:0x00007ffa079b3a30 @level="WARNING", @timestamp=1616615761923, @message="https://cowichanmilk.client-staging.deliverybizpro.com/admin/reports.php?report_type=missing_orders 7 The key \"touch-action:\" is not recognized and ignored.">, #<Selenium::WebDriver::LogEntry:0x00007ffa079b3800 @level="WARNING", @timestamp=1616615761923, @message="https://cowichanmilk.client-staging.deliverybizpro.com/admin/reports.php?report_type=missing_orders 7 The key \"-ms-touch-action:\" is not recognized and ignored.">, #<Selenium::WebDriver::LogEntry:0x00007ffa079b3788 @level="SEVERE", @timestamp=1616615762057, @message="https://cowichanmilk.client-staging.deliverybizpro.com/admin/skin1/admin/admin-modal.css - Failed to load resource: the server responded with a status of 404 ()">]
Coupons,2.372235059738159,[#<Selenium::WebDriver::LogEntry:0x00007ffa3789e8e0 @level="WARNING", @timestamp=1616615771403, @message="https://cowichanmilk.client-staging.deliverybizpro.com/admin/discount_coupons.php 7 The key \"touch-action:\" is not recognized and ignored.">, #<Selenium::WebDriver::LogEntry:0x00007ffa3789e8b8 @level="WARNING", @timestamp=1616615771404, @message="https://cowichanmilk.client-staging.deliverybizpro.com/admin/discount_coupons.php 7 The key \"-ms-touch-action:\" is not recognized and ignored.">, #<Selenium::WebDriver::LogEntry:0x00007ffa3789e890 @level="WARNING", @timestamp=1616615772535, @message="https://cowichanmilk.client-staging.deliverybizpro.com/admin/discount_coupons.php - [DOM] Found 2 elements with non-unique id #action_value: (More info: https://goo.gl/9p2vKq) %o %o">]
Coupon Events,1.3514940738677979,[#<Selenium::WebDriver::LogEntry:0x00007ffa378ec180 @level="WARNING", @timestamp=1616615775795, @message="https://cowichanmilk.client-staging.deliverybizpro.com/admin/coupon_events.php 7 The key \"touch-action:\" is not recognized and ignored.">, #<Selenium::WebDriver::LogEntry:0x00007ffa378ec108 @level="WARNING", @timestamp=1616615775795, @message="https://cowichanmilk.client-staging.deliverybizpro.com/admin/coupon_events.php 7 The key \"-ms-touch-action:\" is not recognized and ignored.">]
Countdown Products,1.3248982429504395,[#<Selenium::WebDriver::LogEntry:0x00007ffa3795d1a0 @level="WARNING", @timestamp=1616615780142, @message="https://cowichanmilk.client-staging.deliverybizpro.com/admin/reports.php?report_type=countdown_mgmt 7 The key \"touch-action:\" is not recognized and ignored.">, #<Selenium::WebDriver::LogEntry:0x00007ffa3795d178 @level="WARNING", @timestamp=1616615780145, @message="https://cowichanmilk.client-staging.deliverybizpro.com/admin/reports.php?report_type=countdown_mgmt 7 The key \"-ms-touch-action:\" is not recognized and ignored.">]
Countdown Products - Export to Excel,1.0816619396209717,[]
Global Discounts,1.4261560440063477,[#<Selenium::WebDriver::LogEntry:0x00007ffa4890a8b8 @level="WARNING", @timestamp=1616615783620, @message="https://cowichanmilk.client-staging.deliverybizpro.com/provider/discounts.php 7 The key \"touch-action:\" is not recognized and ignored.">, #<Selenium::WebDriver::LogEntry:0x00007ffa4890a890 @level="WARNING", @timestamp=1616615783620, @message="https://cowichanmilk.client-staging.deliverybizpro.com/provider/discounts.php 7 The key \"-ms-touch-action:\" is not recognized and ignored.">]
Sale Items,1.5035459995269775,[#<Selenium::WebDriver::LogEntry:0x00007ffa48973750 @level="WARNING", @timestamp=1616615792066, @message="https://cowichanmilk.client-staging.deliverybizpro.com/admin/products?search_criteria=sale_item 7 The key \"touch-action:\" is not recognized and ignored.">, #<Selenium::WebDriver::LogEntry:0x00007ffa48973728 @level="WARNING", @timestamp=1616615792067, @message="https://cowichanmilk.client-staging.deliverybizpro.com/admin/products?search_criteria=sale_item 7 The key \"-ms-touch-action:\" is not recognized and ignored.">, #<Selenium::WebDriver::LogEntry:0x00007ffa48973700 @level="WARNING", @timestamp=1616615792291, @message="https://cowichanmilk.client-staging.deliverybizpro.com/admin/products?search_criteria=sale_item - [DOM] Found 2 elements with non-unique id #collapse-quantity: (More info: https://goo.gl/9p2vKq) %o %o">]
Manage Cross-Selling,1.3440496921539307,[#<Selenium::WebDriver::LogEntry:0x00007ffa489cb5e0 @level="WARNING", @timestamp=1616615796566, @message="https://cowichanmilk.client-staging.deliverybizpro.com/admin/reports.php?report_type=upselling 7 The key \"touch-action:\" is not recognized and ignored.">, #<Selenium::WebDriver::LogEntry:0x00007ffa489cb5b8 @level="WARNING", @timestamp=1616615796566, @message="https://cowichanmilk.client-staging.deliverybizpro.com/admin/reports.php?report_type=upselling 7 The key \"-ms-touch-action:\" is not recognized and ignored.">]
Manage Cross-Selling - Export to Excel,1.0774991512298584,[]
First Time Order Specials,1.3963351249694824,[#<Selenium::WebDriver::LogEntry:0x00007ffa48a699e8 @level="WARNING", @timestamp=1616615800013, @message="https://cowichanmilk.client-staging.deliverybizpro.com/admin/products?search_criteria=first_time_order 7 The key \"touch-action:\" is not recognized and ignored.">, #<Selenium::WebDriver::LogEntry:0x00007ffa48a699c0 @level="WARNING", @timestamp=1616615800013, @message="https://cowichanmilk.client-staging.deliverybizpro.com/admin/products?search_criteria=first_time_order 7 The key \"-ms-touch-action:\" is not recognized and ignored.">, #<Selenium::WebDriver::LogEntry:0x00007ffa48a69998 @level="WARNING", @timestamp=1616615800150, @message="https://cowichanmilk.client-staging.deliverybizpro.com/admin/products?search_criteria=first_time_order - [DOM] Found 2 elements with non-unique id #collapse-quantity: (More info: https://goo.gl/9p2vKq) %o %o">]
Search Orders,1.571784257888794,[#<Selenium::WebDriver::LogEntry:0x00007ffa48abafa0 @level="WARNING", @timestamp=1616615804480, @message="https://cowichanmilk.client-staging.deliverybizpro.com/admin/orders.php 7 The key \"touch-action:\" is not recognized and ignored.">, #<Selenium::WebDriver::LogEntry:0x00007ffa48abaf78 @level="WARNING", @timestamp=1616615804480, @message="https://cowichanmilk.client-staging.deliverybizpro.com/admin/orders.php 7 The key \"-ms-touch-action:\" is not recognized and ignored.">]
This Week's Orders,1.6874589920043945,[#<Selenium::WebDriver::LogEntry:0x00007ffa48b0a848 @level="WARNING", @timestamp=1616615813164, @message="https://cowichanmilk.client-staging.deliverybizpro.com/admin/orders.php?mode=search 7 The key \"touch-action:\" is not recognized and ignored.">, #<Selenium::WebDriver::LogEntry:0x00007ffa48b0a820 @level="WARNING", @timestamp=1616615813164, @message="https://cowichanmilk.client-staging.deliverybizpro.com/admin/orders.php?mode=search 7 The key \"-ms-touch-action:\" is not recognized and ignored.">]
Next Week's Orders,1.752945899963379,[#<Selenium::WebDriver::LogEntry:0x00007ffa47a03860 @level="WARNING", @timestamp=1616615817878, @message="https://cowichanmilk.client-staging.deliverybizpro.com/admin/orders.php?mode=search 7 The key \"touch-action:\" is not recognized and ignored.">, #<Selenium::WebDriver::LogEntry:0x00007ffa47a03838 @level="WARNING", @timestamp=1616615817878, @message="https://cowichanmilk.client-staging.deliverybizpro.com/admin/orders.php?mode=search 7 The key \"-ms-touch-action:\" is not recognized and ignored.">]
Create Purchase Order,1.5901129245758057,[#<Selenium::WebDriver::LogEntry:0x00007ffa278b8390 @level="WARNING", @timestamp=1616615822580, @message="https://cowichanmilk.client-staging.deliverybizpro.com/admin/router.php#/adv-purchase-order/create 7 The key \"touch-action:\" is not recognized and ignored.">, #<Selenium::WebDriver::LogEntry:0x00007ffa278b8368 @level="WARNING", @timestamp=1616615822580, @message="https://cowichanmilk.client-staging.deliverybizpro.com/admin/router.php#/adv-purchase-order/create 7 The key \"-ms-touch-action:\" is not recognized and ignored.">]
View Purchase Orders,1.0664231777191162,[]
Autoresponders,1.5661649703979492,[#<Selenium::WebDriver::LogEntry:0x00007ffa378bf518 @level="WARNING", @timestamp=1616615831379, @message="https://cowichanmilk.client-staging.deliverybizpro.com/admin/news.php?mode=messages&targetlist=2 7 The key \"touch-action:\" is not recognized and ignored.">, #<Selenium::WebDriver::LogEntry:0x00007ffa378bf4f0 @level="WARNING", @timestamp=1616615831379, @message="https://cowichanmilk.client-staging.deliverybizpro.com/admin/news.php?mode=messages&targetlist=2 7 The key \"-ms-touch-action:\" is not recognized and ignored.">]
General News List,1.530867338180542,[#<Selenium::WebDriver::LogEntry:0x00007ffa37916930 @level="WARNING", @timestamp=1616615835854, @message="https://cowichanmilk.client-staging.deliverybizpro.com/admin/router.php#/newsletters-list/3 7 The key \"touch-action:\" is not recognized and ignored.">, #<Selenium::WebDriver::LogEntry:0x00007ffa37916908 @level="WARNING", @timestamp=1616615835854, @message="https://cowichanmilk.client-staging.deliverybizpro.com/admin/router.php#/newsletters-list/3 7 The key \"-ms-touch-action:\" is not recognized and ignored.">]
Unsubscribers,1.4979348182678223,[#<Selenium::WebDriver::LogEntry:0x00007ffa3799c0f8 @level="WARNING", @timestamp=1616615848497, @message="https://cowichanmilk.client-staging.deliverybizpro.com/admin/unsubscribers 7 The key \"touch-action:\" is not recognized and ignored.">, #<Selenium::WebDriver::LogEntry:0x00007ffa3799c0d0 @level="WARNING", @timestamp=1616615848497, @message="https://cowichanmilk.client-staging.deliverybizpro.com/admin/unsubscribers 7 The key \"-ms-touch-action:\" is not recognized and ignored.">]
Edit Static Pages,1.4743518829345703,[#<Selenium::WebDriver::LogEntry:0x00007ffa37a07358 @level="WARNING", @timestamp=1616615853025, @message="https://cowichanmilk.client-staging.deliverybizpro.com/admin/pages.php 7 The key \"touch-action:\" is not recognized and ignored.">, #<Selenium::WebDriver::LogEntry:0x00007ffa37a07330 @level="WARNING", @timestamp=1616615853025, @message="https://cowichanmilk.client-staging.deliverybizpro.com/admin/pages.php 7 The key \"-ms-touch-action:\" is not recognized and ignored.">]
Manage Files,1.518179178237915,[#<Selenium::WebDriver::LogEntry:0x00007ffa48933998 @level="WARNING", @timestamp=1616615857489, @message="https://cowichanmilk.client-staging.deliverybizpro.com/admin/files.php 7 The key \"touch-action:\" is not recognized and ignored.">, #<Selenium::WebDriver::LogEntry:0x00007ffa48933970 @level="WARNING", @timestamp=1616615857489, @message="https://cowichanmilk.client-staging.deliverybizpro.com/admin/files.php 7 The key \"-ms-touch-action:\" is not recognized and ignored.">]
Recipes,1.064833164215088,[]
301 Redirects,1.3505909442901611,[#<Selenium::WebDriver::LogEntry:0x00007ffa489db350 @level="WARNING", @timestamp=1616615866147, @message="https://cowichanmilk.client-staging.deliverybizpro.com/admin/redirects 7 The key \"touch-action:\" is not recognized and ignored.">, #<Selenium::WebDriver::LogEntry:0x00007ffa489db328 @level="WARNING", @timestamp=1616615866147, @message="https://cowichanmilk.client-staging.deliverybizpro.com/admin/redirects 7 The key \"-ms-touch-action:\" is not recognized and ignored.">]
FAQ,1.3764379024505615,[#<Selenium::WebDriver::LogEntry:0x00007ffa48a23da8 @level="WARNING", @timestamp=1616615870525, @message="https://cowichanmilk.client-staging.deliverybizpro.com/admin/faq 7 The key \"touch-action:\" is not recognized and ignored.">, #<Selenium::WebDriver::LogEntry:0x00007ffa48a23d80 @level="WARNING", @timestamp=1616615870525, @message="https://cowichanmilk.client-staging.deliverybizpro.com/admin/faq 7 The key \"-ms-touch-action:\" is not recognized and ignored.">]
Company Settings,2.0086002349853516,[#<Selenium::WebDriver::LogEntry:0x00007ffa48a6be28 @level="WARNING", @timestamp=1616615874975, @message="https://cowichanmilk.client-staging.deliverybizpro.com/admin/company.php 7 The key \"touch-action:\" is not recognized and ignored.">, #<Selenium::WebDriver::LogEntry:0x00007ffa48a6bdd8 @level="WARNING", @timestamp=1616615874975, @message="https://cowichanmilk.client-staging.deliverybizpro.com/admin/company.php 7 The key \"-ms-touch-action:\" is not recognized and ignored.">, #<Selenium::WebDriver::LogEntry:0x00007ffa48a6bdb0 @level="SEVERE", @timestamp=1616615875591, @message="https://cowichanmilk.client-staging.deliverybizpro.com/skin1/css/structure.css - Failed to load resource: the server responded with a status of 404 ()">, #<Selenium::WebDriver::LogEntry:0x00007ffa48a6bd88 @level="SEVERE", @timestamp=1616615875666, @message="https://cowichanmilk.client-staging.deliverybizpro.com/skin1/css/structure.css - Failed to load resource: the server responded with a status of 404 ()">, #<Selenium::WebDriver::LogEntry:0x00007ffa48a6bd60 @level="SEVERE", @timestamp=1616615875723, @message="https://cowichanmilk.client-staging.deliverybizpro.com/skin1/css/structure.css - Failed to load resource: the server responded with a status of 404 ()">, #<Selenium::WebDriver::LogEntry:0x00007ffa48a6bd38 @level="SEVERE", @timestamp=1616615876731, @message="https://cowichanmilk.client-staging.deliverybizpro.com/skin1/css/structure.css - Failed to load resource: the server responded with a status of 404 ()">, #<Selenium::WebDriver::LogEntry:0x00007ffa48a6bd10 @level="SEVERE", @timestamp=1616615876731, @message="https://cowichanmilk.client-staging.deliverybizpro.com/skin1/css/structure.css - Failed to load resource: the server responded with a status of 404 ()">, #<Selenium::WebDriver::LogEntry:0x00007ffa48a6bce8 @level="SEVERE", @timestamp=1616615876731, @message="https://cowichanmilk.client-staging.deliverybizpro.com/skin1/css/structure.css - Failed to load resource: the server responded with a status of 404 ()">]
States/Counties,1.4224541187286377,[#<Selenium::WebDriver::LogEntry:0x00007ffa48ab12e8 @level="WARNING", @timestamp=1616615880035, @message="https://cowichanmilk.client-staging.deliverybizpro.com/admin/states.php 7 The key \"touch-action:\" is not recognized and ignored.">, #<Selenium::WebDriver::LogEntry:0x00007ffa48ab12c0 @level="WARNING", @timestamp=1616615880035, @message="https://cowichanmilk.client-staging.deliverybizpro.com/admin/states.php 7 The key \"-ms-touch-action:\" is not recognized and ignored.">]
Taxes,1.072645902633667,[]
Taxing Zones,1.3765888214111328,[#<Selenium::WebDriver::LogEntry:0x00007ffa07acace8 @level="WARNING", @timestamp=1616615888570, @message="https://cowichanmilk.client-staging.deliverybizpro.com/admin/zones.php 7 The key \"touch-action:\" is not recognized and ignored.">, #<Selenium::WebDriver::LogEntry:0x00007ffa07acac98 @level="WARNING", @timestamp=1616615888570, @message="https://cowichanmilk.client-staging.deliverybizpro.com/admin/zones.php 7 The key \"-ms-touch-action:\" is not recognized and ignored.">]
Taxing System,1.406247854232788,[#<Selenium::WebDriver::LogEntry:0x00007ffa07933cb8 @level="WARNING", @timestamp=1616615892991, @message="https://cowichanmilk.client-staging.deliverybizpro.com/admin/taxes.php 7 The key \"touch-action:\" is not recognized and ignored.">, #<Selenium::WebDriver::LogEntry:0x00007ffa07933c90 @level="WARNING", @timestamp=1616615892992, @message="https://cowichanmilk.client-staging.deliverybizpro.com/admin/taxes.php 7 The key \"-ms-touch-action:\" is not recognized and ignored.">]
Minimum Orders Settings,1.5701649188995361,[#<Selenium::WebDriver::LogEntry:0x00007ffa07a18048 @level="WARNING", @timestamp=1616615897465, @message="https://cowichanmilk.client-staging.deliverybizpro.com/admin/min_orders_settings.php 7 The key \"touch-action:\" is not recognized and ignored.">, #<Selenium::WebDriver::LogEntry:0x00007ffa07a23f38 @level="WARNING", @timestamp=1616615897465, @message="https://cowichanmilk.client-staging.deliverybizpro.com/admin/min_orders_settings.php 7 The key \"-ms-touch-action:\" is not recognized and ignored.">]
Zip Codes,1.3751769065856934,[#<Selenium::WebDriver::LogEntry:0x00007ffa378a5f00 @level="WARNING", @timestamp=1616615902008, @message="https://cowichanmilk.client-staging.deliverybizpro.com/admin/zip_codes.php 7 The key \"touch-action:\" is not recognized and ignored.">, #<Selenium::WebDriver::LogEntry:0x00007ffa378a5ed8 @level="WARNING", @timestamp=1616615902008, @message="https://cowichanmilk.client-staging.deliverybizpro.com/admin/zip_codes.php 7 The key \"-ms-touch-action:\" is not recognized and ignored.">, #<Selenium::WebDriver::LogEntry:0x00007ffa378a5eb0 @level="WARNING", @timestamp=1616615902119, @message="https://cowichanmilk.client-staging.deliverybizpro.com/admin/zip_codes.php - [DOM] Found 2 elements with non-unique id #zip_delivery_type: (More info: https://goo.gl/9p2vKq) %o %o">]
Fees,1.0686700344085693,[]
App Settings,1.3906779289245605,[#<Selenium::WebDriver::LogEntry:0x00007ffa37964658 @level="WARNING", @timestamp=1616615910497, @message="https://cowichanmilk.client-staging.deliverybizpro.com/admin/driver_app.php 7 The key \"touch-action:\" is not recognized and ignored.">, #<Selenium::WebDriver::LogEntry:0x00007ffa37964630 @level="WARNING", @timestamp=1616615910497, @message="https://cowichanmilk.client-staging.deliverybizpro.com/admin/driver_app.php 7 The key \"-ms-touch-action:\" is not recognized and ignored.">]
Driver Log Report,1.9876179695129395,[#<Selenium::WebDriver::LogEntry:0x00007ffa379c64c0 @level="WARNING", @timestamp=1616615914914, @message="https://cowichanmilk.client-staging.deliverybizpro.com/admin/router.php?r=driver-log#/driver-log/ 7 The key \"touch-action:\" is not recognized and ignored.">, #<Selenium::WebDriver::LogEntry:0x00007ffa379c6498 @level="WARNING", @timestamp=1616615914914, @message="https://cowichanmilk.client-staging.deliverybizpro.com/admin/router.php?r=driver-log#/driver-log/ 7 The key \"-ms-touch-action:\" is not recognized and ignored.">]
Settings,1.0558459758758545,[]
Store Locations,1.5472707748413086,[#<Selenium::WebDriver::LogEntry:0x00007ffa48948b40 @level="WARNING", @timestamp=1616615924041, @message="https://cowichanmilk.client-staging.deliverybizpro.com/admin/stores.php 7 The key \"touch-action:\" is not recognized and ignored.">, #<Selenium::WebDriver::LogEntry:0x00007ffa48948ac8 @level="WARNING", @timestamp=1616615924041, @message="https://cowichanmilk.client-staging.deliverybizpro.com/admin/stores.php 7 The key \"-ms-touch-action:\" is not recognized and ignored.">]
DBP Settings,1.6614270210266113,[#<Selenium::WebDriver::LogEntry:0x00007ffa489a0f70 @level="WARNING", @timestamp=1616615928597, @message="https://cowichanmilk.client-staging.deliverybizpro.com/admin/dbp_settings.php 7 The key \"touch-action:\" is not recognized and ignored.">, #<Selenium::WebDriver::LogEntry:0x00007ffa489a0f48 @level="WARNING", @timestamp=1616615928597, @message="https://cowichanmilk.client-staging.deliverybizpro.com/admin/dbp_settings.php 7 The key \"-ms-touch-action:\" is not recognized and ignored.">]
DBP Billing,1.663680076599121,[#<Selenium::WebDriver::LogEntry:0x00007ffa489f2708 @level="WARNING", @timestamp=1616615933438, @message="https://cowichanmilk.client-staging.deliverybizpro.com/admin/dbp_billing.php 7 The key \"touch-action:\" is not recognized and ignored.">, #<Selenium::WebDriver::LogEntry:0x00007ffa489f26e0 @level="WARNING", @timestamp=1616615933438, @message="https://cowichanmilk.client-staging.deliverybizpro.com/admin/dbp_billing.php 7 The key \"-ms-touch-action:\" is not recognized and ignored.">]
Countries,1.3692939281463623,[#<Selenium::WebDriver::LogEntry:0x00007ffa48a300f8 @level="WARNING", @timestamp=1616615937962, @message="https://cowichanmilk.client-staging.deliverybizpro.com/admin/countries.php 7 The key \"touch-action:\" is not recognized and ignored.">, #<Selenium::WebDriver::LogEntry:0x00007ffa48a300d0 @level="WARNING", @timestamp=1616615937962, @message="https://cowichanmilk.client-staging.deliverybizpro.com/admin/countries.php 7 The key \"-ms-touch-action:\" is not recognized and ignored.">]
Settings,1.086003065109253,[]
Export/Import Cities,16.039864778518677,[]
Summary,20.453446865081787,[]
Credit card types,1.3609471321105957,[#<Selenium::WebDriver::LogEntry:0x00007ffa48962e78 @level="WARNING", @timestamp=1616615993063, @message="https://cowichanmilk.client-staging.deliverybizpro.com/admin/card_types.php 7 The key \"touch-action:\" is not recognized and ignored.">, #<Selenium::WebDriver::LogEntry:0x00007ffa48962e00 @level="WARNING", @timestamp=1616615993063, @message="https://cowichanmilk.client-staging.deliverybizpro.com/admin/card_types.php 7 The key \"-ms-touch-action:\" is not recognized and ignored.">]
General Settings,1.7188847064971924,[#<Selenium::WebDriver::LogEntry:0x00007ffa489bb208 @level="WARNING", @timestamp=1616615997483, @message="https://cowichanmilk.client-staging.deliverybizpro.com/admin/configuration 7 The key \"touch-action:\" is not recognized and ignored.">, #<Selenium::WebDriver::LogEntry:0x00007ffa489bb190 @level="WARNING", @timestamp=1616615997483, @message="https://cowichanmilk.client-staging.deliverybizpro.com/admin/configuration 7 The key \"-ms-touch-action:\" is not recognized and ignored.">]
Languages,1.4332983493804932,[#<Selenium::WebDriver::LogEntry:0x00007ffa48aeaf98 @level="WARNING", @timestamp=1616616002230, @message="https://cowichanmilk.client-staging.deliverybizpro.com/admin/languages.php 7 The key \"touch-action:\" is not recognized and ignored.">, #<Selenium::WebDriver::LogEntry:0x00007ffa48aeaf70 @level="WARNING", @timestamp=1616616002230, @message="https://cowichanmilk.client-staging.deliverybizpro.com/admin/languages.php 7 The key \"-ms-touch-action:\" is not recognized and ignored.">, #<Selenium::WebDriver::LogEntry:0x00007ffa48aeaf48 @level="SEVERE", @timestamp=1616616002334, @message="https://cowichanmilk.client-staging.deliverybizpro.com/tinymce/tiny_mce.js - Failed to load resource: the server responded with a status of 404 ()">]
Modules,2.206289052963257,[#<Selenium::WebDriver::LogEntry:0x00007ffa48b299f0 @level="WARNING", @timestamp=1616616006765, @message="https://cowichanmilk.client-staging.deliverybizpro.com/admin/modules.php 7 The key \"touch-action:\" is not recognized and ignored.">, #<Selenium::WebDriver::LogEntry:0x00007ffa48b299c8 @level="WARNING", @timestamp=1616616006765, @message="https://cowichanmilk.client-staging.deliverybizpro.com/admin/modules.php 7 The key \"-ms-touch-action:\" is not recognized and ignored.">]
Payment Methods,1.6324949264526367,[#<Selenium::WebDriver::LogEntry:0x00007ffa47b12648 @level="WARNING", @timestamp=1616616011915, @message="https://cowichanmilk.client-staging.deliverybizpro.com/admin/payment_methods.php 7 The key \"touch-action:\" is not recognized and ignored.">, #<Selenium::WebDriver::LogEntry:0x00007ffa47b11e50 @level="WARNING", @timestamp=1616616011915, @message="https://cowichanmilk.client-staging.deliverybizpro.com/admin/payment_methods.php 7 The key \"-ms-touch-action:\" is not recognized and ignored.">]
Clear templates cache,1.5723087787628174,[#<Selenium::WebDriver::LogEntry:0x00007ffa079dbd50 @level="WARNING", @timestamp=1616616016781, @message="https://cowichanmilk.client-staging.deliverybizpro.com/admin/general.php 7 The key \"touch-action:\" is not recognized and ignored.">, #<Selenium::WebDriver::LogEntry:0x00007ffa079dbd00 @level="WARNING", @timestamp=1616616016781, @message="https://cowichanmilk.client-staging.deliverybizpro.com/admin/general.php 7 The key \"-ms-touch-action:\" is not recognized and ignored.">]
System Logs,1.0500462055206299,[]
DBP Overview,1.3509509563446045,[#<Selenium::WebDriver::LogEntry:0x00007ffa378e56a0 @level="WARNING", @timestamp=1616616025251, @message="https://cowichanmilk.client-staging.deliverybizpro.com/admin/dbp_overview.php 7 The key \"touch-action:\" is not recognized and ignored.">, #<Selenium::WebDriver::LogEntry:0x00007ffa378e5678 @level="WARNING", @timestamp=1616616025251, @message="https://cowichanmilk.client-staging.deliverybizpro.com/admin/dbp_overview.php 7 The key \"-ms-touch-action:\" is not recognized and ignored.">]
Inventory,1.3515801429748535,[#<Selenium::WebDriver::LogEntry:0x00007ffa37957368 @level="WARNING", @timestamp=1616616029621, @message="https://cowichanmilk.client-staging.deliverybizpro.com/admin/log_inventory.php 7 The key \"touch-action:\" is not recognized and ignored.">, #<Selenium::WebDriver::LogEntry:0x00007ffa379572c8 @level="WARNING", @timestamp=1616616029621, @message="https://cowichanmilk.client-staging.deliverybizpro.com/admin/log_inventory.php 7 The key \"-ms-touch-action:\" is not recognized and ignored.">]
Tasks,1.5202839374542236,[#<Selenium::WebDriver::LogEntry:0x00007ffa379ad330 @level="WARNING", @timestamp=1616616033995, @message="https://cowichanmilk.client-staging.deliverybizpro.com/admin/router.php?r=bt-console#/bt-console 7 The key \"touch-action:\" is not recognized and ignored.">, #<Selenium::WebDriver::LogEntry:0x00007ffa379ad308 @level="WARNING", @timestamp=1616616033995, @message="https://cowichanmilk.client-staging.deliverybizpro.com/admin/router.php?r=bt-console#/bt-console 7 The key \"-ms-touch-action:\" is not recognized and ignored.">]
Periodic tasks,4.481080770492554,[#<Selenium::WebDriver::LogEntry:0x00007ffa37a0ca10 @level="WARNING", @timestamp=1616616041458, @message="https://cowichanmilk.client-staging.deliverybizpro.com/admin/periodicTasks 7 The key \"touch-action:\" is not recognized and ignored.">, #<Selenium::WebDriver::LogEntry:0x00007ffa37a0c998 @level="WARNING", @timestamp=1616616041458, @message="https://cowichanmilk.client-staging.deliverybizpro.com/admin/periodicTasks 7 The key \"-ms-touch-action:\" is not recognized and ignored.">]
