Dashboard,1.9055359363555908,[#<Selenium::WebDriver::LogEntry:0x00007fe924efa0a0 @level="WARNING", @timestamp=1616620651141, @message="https://brysonfarms.client-staging.deliverybizpro.com/admin/login 7 The key \"touch-action:\" is not recognized and ignored.">, #<Selenium::WebDriver::LogEntry:0x00007fe924efa028 @level="WARNING", @timestamp=1616620651141, @message="https://brysonfarms.client-staging.deliverybizpro.com/admin/login 7 The key \"-ms-touch-action:\" is not recognized and ignored.">, #<Selenium::WebDriver::LogEntry:0x00007fe924ef9fb0 @level="WARNING", @timestamp=1616620657955, @message="https://brysonfarms.client-staging.deliverybizpro.com/admin/home.php 7 The key \"touch-action:\" is not recognized and ignored.">, #<Selenium::WebDriver::LogEntry:0x00007fe924ef9f10 @level="WARNING", @timestamp=1616620657955, @message="https://brysonfarms.client-staging.deliverybizpro.com/admin/home.php 7 The key \"-ms-touch-action:\" is not recognized and ignored.">, #<Selenium::WebDriver::LogEntry:0x00007fe924ef9ee8 @level="WARNING", @timestamp=1616620660125, @message="https://brysonfarms.client-staging.deliverybizpro.com/admin/home.php 7 The key \"touch-action:\" is not recognized and ignored.">, #<Selenium::WebDriver::LogEntry:0x00007fe924ef9e98 @level="WARNING", @timestamp=1616620660125, @message="https://brysonfarms.client-staging.deliverybizpro.com/admin/home.php 7 The key \"-ms-touch-action:\" is not recognized and ignored.">]
Customers,1.062303066253662,[]
Search for Customers,2.026601791381836,[#<Selenium::WebDriver::LogEntry:0x00007fe924fad4e8 @level="WARNING", @timestamp=1616620681285, @message="https://brysonfarms.client-staging.deliverybizpro.com/admin/users.php?mode=search&usertype=C&refresh=1&sort=last_login&sort_direction=1 14 The key \"touch-action:\" is not recognized and ignored.">, #<Selenium::WebDriver::LogEntry:0x00007fe924fad4c0 @level="WARNING", @timestamp=1616620681285, @message="https://brysonfarms.client-staging.deliverybizpro.com/admin/users.php?mode=search&usertype=C&refresh=1&sort=last_login&sort_direction=1 14 The key \"-ms-touch-action:\" is not recognized and ignored.">, #<Selenium::WebDriver::LogEntry:0x00007fe924fad470 @level="WARNING", @timestamp=1616620681795, @message="https://brysonfarms.client-staging.deliverybizpro.com/admin/users.php?mode=search&usertype=C&refresh=1&sort=last_login&sort_direction=1 - [DOM] Found 2 elements with non-unique id #frm-users-search: (More info: https://goo.gl/9p2vKq) %o %o">, #<Selenium::WebDriver::LogEntry:0x00007fe924fad448 @level="WARNING", @timestamp=1616620681795, @message="https://brysonfarms.client-staging.deliverybizpro.com/admin/users.php?mode=search&usertype=C&refresh=1&sort=last_login&sort_direction=1 - [DOM] Found 2 elements with non-unique id #posted_data[orders_count_type]: (More info: https://goo.gl/9p2vKq) %o %o">]
Create Customer Profile,1.8624601364135742,[#<Selenium::WebDriver::LogEntry:0x00007fe8e380eae8 @level="WARNING", @timestamp=1616620686305, @message="https://brysonfarms.client-staging.deliverybizpro.com/admin/user_add.php?usertype=C 7 The key \"touch-action:\" is not recognized and ignored.">, #<Selenium::WebDriver::LogEntry:0x00007fe8e380eac0 @level="WARNING", @timestamp=1616620686305, @message="https://brysonfarms.client-staging.deliverybizpro.com/admin/user_add.php?usertype=C 7 The key \"-ms-touch-action:\" is not recognized and ignored.">]
Import Customers,1.8036489486694336,[#<Selenium::WebDriver::LogEntry:0x00007fe8e383cbf0 @level="WARNING", @timestamp=1616620691099, @message="https://brysonfarms.client-staging.deliverybizpro.com/admin/customers_import.php 7 The key \"touch-action:\" is not recognized and ignored.">, #<Selenium::WebDriver::LogEntry:0x00007fe8e383cbc8 @level="WARNING", @timestamp=1616620691099, @message="https://brysonfarms.client-staging.deliverybizpro.com/admin/customers_import.php 7 The key \"-ms-touch-action:\" is not recognized and ignored.">]
Export Customers,1.8072929382324219,[#<Selenium::WebDriver::LogEntry:0x00007fe8e3884838 @level="WARNING", @timestamp=1616620695930, @message="https://brysonfarms.client-staging.deliverybizpro.com/admin/router.php?r=export-users#/export-users 7 The key \"touch-action:\" is not recognized and ignored.">, #<Selenium::WebDriver::LogEntry:0x00007fe8e3884810 @level="WARNING", @timestamp=1616620695932, @message="https://brysonfarms.client-staging.deliverybizpro.com/admin/router.php?r=export-users#/export-users 7 The key \"-ms-touch-action:\" is not recognized and ignored.">]
Export Customer Emails,1.4111120700836182,[#<Selenium::WebDriver::LogEntry:0x00007fe924a7b5b0 @level="WARNING", @timestamp=1616620700755, @message="https://brysonfarms.client-staging.deliverybizpro.com/admin/export_users_emails.php 7 The key \"touch-action:\" is not recognized and ignored.">, #<Selenium::WebDriver::LogEntry:0x00007fe924a7b128 @level="WARNING", @timestamp=1616620700755, @message="https://brysonfarms.client-staging.deliverybizpro.com/admin/export_users_emails.php 7 The key \"-ms-touch-action:\" is not recognized and ignored.">]
Edit/Create Membership Levels,1.527651071548462,[#<Selenium::WebDriver::LogEntry:0x00007fe924bf09b8 @level="WARNING", @timestamp=1616620705205, @message="https://brysonfarms.client-staging.deliverybizpro.com/admin/memberships.php?usertype=C 7 The key \"touch-action:\" is not recognized and ignored.">, #<Selenium::WebDriver::LogEntry:0x00007fe924bf08f0 @level="WARNING", @timestamp=1616620705205, @message="https://brysonfarms.client-staging.deliverybizpro.com/admin/memberships.php?usertype=C 7 The key \"-ms-touch-action:\" is not recognized and ignored.">]
Customer Notes,1.5239360332489014,[#<Selenium::WebDriver::LogEntry:0x00007fe924d00380 @level="WARNING", @timestamp=1616620709789, @message="https://brysonfarms.client-staging.deliverybizpro.com/admin/customer_notes.php 7 The key \"touch-action:\" is not recognized and ignored.">, #<Selenium::WebDriver::LogEntry:0x00007fe924d00358 @level="WARNING", @timestamp=1616620709789, @message="https://brysonfarms.client-staging.deliverybizpro.com/admin/customer_notes.php 7 The key \"-ms-touch-action:\" is not recognized and ignored.">]
Administrators,1.0817677974700928,[]
Search for Admins,1.486232042312622,[#<Selenium::WebDriver::LogEntry:0x00007fe924dcafb8 @level="WARNING", @timestamp=1616620718393, @message="https://brysonfarms.client-staging.deliverybizpro.com/admin/users.php?mode=search&usertype=P&refresh=1 7 The key \"touch-action:\" is not recognized and ignored.">, #<Selenium::WebDriver::LogEntry:0x00007fe924dcaf90 @level="WARNING", @timestamp=1616620718393, @message="https://brysonfarms.client-staging.deliverybizpro.com/admin/users.php?mode=search&usertype=P&refresh=1 7 The key \"-ms-touch-action:\" is not recognized and ignored.">, #<Selenium::WebDriver::LogEntry:0x00007fe924dcaf18 @level="WARNING", @timestamp=1616620718525, @message="https://brysonfarms.client-staging.deliverybizpro.com/admin/users.php?mode=search&usertype=P&refresh=1 - [DOM] Found 2 elements with non-unique id #frm-users-search: (More info: https://goo.gl/9p2vKq) %o %o">]
Create Admin Profile,1.6340992450714111,[#<Selenium::WebDriver::LogEntry:0x00007fe924e18178 @level="WARNING", @timestamp=1616620723055, @message="https://brysonfarms.client-staging.deliverybizpro.com/admin/user_add.php?usertype=P 7 The key \"touch-action:\" is not recognized and ignored.">, #<Selenium::WebDriver::LogEntry:0x00007fe924e18150 @level="WARNING", @timestamp=1616620723055, @message="https://brysonfarms.client-staging.deliverybizpro.com/admin/user_add.php?usertype=P 7 The key \"-ms-touch-action:\" is not recognized and ignored.">]
Access Control,1.4193530082702637,[#<Selenium::WebDriver::LogEntry:0x00007fe924e735f0 @level="WARNING", @timestamp=1616620727600, @message="https://brysonfarms.client-staging.deliverybizpro.com/admin/access_control.php 7 The key \"touch-action:\" is not recognized and ignored.">, #<Selenium::WebDriver::LogEntry:0x00007fe924e735c8 @level="WARNING", @timestamp=1616620727601, @message="https://brysonfarms.client-staging.deliverybizpro.com/admin/access_control.php 7 The key \"-ms-touch-action:\" is not recognized and ignored.">]
Edit/Create Membership Levels,1.4363160133361816,[#<Selenium::WebDriver::LogEntry:0x00007fe901899828 @level="WARNING", @timestamp=1616620732017, @message="https://brysonfarms.client-staging.deliverybizpro.com/admin/memberships.php?usertype=P 7 The key \"touch-action:\" is not recognized and ignored.">, #<Selenium::WebDriver::LogEntry:0x00007fe9018997b0 @level="WARNING", @timestamp=1616620732017, @message="https://brysonfarms.client-staging.deliverybizpro.com/admin/memberships.php?usertype=P 7 The key \"-ms-touch-action:\" is not recognized and ignored.">]
Drivers,1.0760042667388916,[]
Search for Drivers,1.5110409259796143,[#<Selenium::WebDriver::LogEntry:0x00007fe924f66110 @level="WARNING", @timestamp=1616620760804, @message="https://brysonfarms.client-staging.deliverybizpro.com/admin/users.php?mode=search&usertype=D&refresh=1 14 The key \"touch-action:\" is not recognized and ignored.">, #<Selenium::WebDriver::LogEntry:0x00007fe924f660e8 @level="WARNING", @timestamp=1616620760804, @message="https://brysonfarms.client-staging.deliverybizpro.com/admin/users.php?mode=search&usertype=D&refresh=1 14 The key \"-ms-touch-action:\" is not recognized and ignored.">, #<Selenium::WebDriver::LogEntry:0x00007fe924f660c0 @level="WARNING", @timestamp=1616620760956, @message="https://brysonfarms.client-staging.deliverybizpro.com/admin/users.php?mode=search&usertype=D&refresh=1 - [DOM] Found 2 elements with non-unique id #frm-users-search: (More info: https://goo.gl/9p2vKq) %o %o">]
Create Driver Profile,1.4764957427978516,[#<Selenium::WebDriver::LogEntry:0x00007fe924faf090 @level="WARNING", @timestamp=1616620765328, @message="https://brysonfarms.client-staging.deliverybizpro.com/admin/user_add.php?usertype=D 7 The key \"touch-action:\" is not recognized and ignored.">, #<Selenium::WebDriver::LogEntry:0x00007fe924faf068 @level="WARNING", @timestamp=1616620765328, @message="https://brysonfarms.client-staging.deliverybizpro.com/admin/user_add.php?usertype=D 7 The key \"-ms-touch-action:\" is not recognized and ignored.">]
Edit/Create Membership Levels,1.426828145980835,[#<Selenium::WebDriver::LogEntry:0x00007fe924ff4898 @level="WARNING", @timestamp=1616620769854, @message="https://brysonfarms.client-staging.deliverybizpro.com/admin/memberships.php?usertype=D 7 The key \"touch-action:\" is not recognized and ignored.">, #<Selenium::WebDriver::LogEntry:0x00007fe924ff4870 @level="WARNING", @timestamp=1616620769854, @message="https://brysonfarms.client-staging.deliverybizpro.com/admin/memberships.php?usertype=D 7 The key \"-ms-touch-action:\" is not recognized and ignored.">]
Suppliers,1.0752136707305908,[]
Search for Suppliers,1.495832920074463,[#<Selenium::WebDriver::LogEntry:0x00007fe8e3886b38 @level="WARNING", @timestamp=1616620778410, @message="https://brysonfarms.client-staging.deliverybizpro.com/admin/users.php?mode=search&usertype=U&refresh=1 14 The key \"touch-action:\" is not recognized and ignored.">, #<Selenium::WebDriver::LogEntry:0x00007fe8e3886b10 @level="WARNING", @timestamp=1616620778410, @message="https://brysonfarms.client-staging.deliverybizpro.com/admin/users.php?mode=search&usertype=U&refresh=1 14 The key \"-ms-touch-action:\" is not recognized and ignored.">, #<Selenium::WebDriver::LogEntry:0x00007fe8e3886ae8 @level="WARNING", @timestamp=1616620778545, @message="https://brysonfarms.client-staging.deliverybizpro.com/admin/users.php?mode=search&usertype=U&refresh=1 - [DOM] Found 2 elements with non-unique id #frm-users-search: (More info: https://goo.gl/9p2vKq) %o %o">]
Create Supplier Profile,1.5564229488372803,[#<Selenium::WebDriver::LogEntry:0x00007fe92108fd88 @level="WARNING", @timestamp=1616620782947, @message="https://brysonfarms.client-staging.deliverybizpro.com/admin/user_add.php?usertype=U 7 The key \"touch-action:\" is not recognized and ignored.">, #<Selenium::WebDriver::LogEntry:0x00007fe92108fd60 @level="WARNING", @timestamp=1616620782947, @message="https://brysonfarms.client-staging.deliverybizpro.com/admin/user_add.php?usertype=U 7 The key \"-ms-touch-action:\" is not recognized and ignored.">]
Edit/Search Products,2.3077428340911865,[#<Selenium::WebDriver::LogEntry:0x00007fe924be35b0 @level="WARNING", @timestamp=1616620787627, @message="https://brysonfarms.client-staging.deliverybizpro.com/admin/products 7 The key \"touch-action:\" is not recognized and ignored.">, #<Selenium::WebDriver::LogEntry:0x00007fe924be3268 @level="WARNING", @timestamp=1616620787627, @message="https://brysonfarms.client-staging.deliverybizpro.com/admin/products 7 The key \"-ms-touch-action:\" is not recognized and ignored.">, #<Selenium::WebDriver::LogEntry:0x00007fe924be3240 @level="WARNING", @timestamp=1616620788437, @message="https://brysonfarms.client-staging.deliverybizpro.com/admin/products - [DOM] Found 2 elements with non-unique id #collapse-quantity: (More info: https://goo.gl/9p2vKq) %o %o">]
Add New Product,2.255303382873535,[#<Selenium::WebDriver::LogEntry:0x00007fe924d02c20 @level="WARNING", @timestamp=1616620792907, @message="https://brysonfarms.client-staging.deliverybizpro.com/admin/products/create 7 The key \"touch-action:\" is not recognized and ignored.">, #<Selenium::WebDriver::LogEntry:0x00007fe924d02bf8 @level="WARNING", @timestamp=1616620792907, @message="https://brysonfarms.client-staging.deliverybizpro.com/admin/products/create 7 The key \"-ms-touch-action:\" is not recognized and ignored.">]
Import products,2.1915950775146484,[#<Selenium::WebDriver::LogEntry:0x00007fe924d50330 @level="WARNING", @timestamp=1616620798175, @message="https://brysonfarms.client-staging.deliverybizpro.com/admin/products/import 7 The key \"touch-action:\" is not recognized and ignored.">, #<Selenium::WebDriver::LogEntry:0x00007fe924d50308 @level="WARNING", @timestamp=1616620798175, @message="https://brysonfarms.client-staging.deliverybizpro.com/admin/products/import 7 The key \"-ms-touch-action:\" is not recognized and ignored.">, #<Selenium::WebDriver::LogEntry:0x00007fe924d502e0 @level="WARNING", @timestamp=1616620798500, @message="https://brysonfarms.client-staging.deliverybizpro.com/admin/router.php?iframe=Y#/task-status 7 The key \"touch-action:\" is not recognized and ignored.">, #<Selenium::WebDriver::LogEntry:0x00007fe924d50268 @level="WARNING", @timestamp=1616620798500, @message="https://brysonfarms.client-staging.deliverybizpro.com/admin/router.php?iframe=Y#/task-status 7 The key \"-ms-touch-action:\" is not recognized and ignored.">]
Export products,1.425422191619873,[#<Selenium::WebDriver::LogEntry:0x00007fe924dc1120 @level="WARNING", @timestamp=1616620803393, @message="https://brysonfarms.client-staging.deliverybizpro.com/admin/products/export 7 The key \"touch-action:\" is not recognized and ignored.">, #<Selenium::WebDriver::LogEntry:0x00007fe924dc10f8 @level="WARNING", @timestamp=1616620803393, @message="https://brysonfarms.client-staging.deliverybizpro.com/admin/products/export 7 The key \"-ms-touch-action:\" is not recognized and ignored.">]
Product Categories,1.4904801845550537,[#<Selenium::WebDriver::LogEntry:0x00007fe924e1a2c0 @level="WARNING", @timestamp=1616620807839, @message="https://brysonfarms.client-staging.deliverybizpro.com/admin/categories.php 7 The key \"touch-action:\" is not recognized and ignored.">, #<Selenium::WebDriver::LogEntry:0x00007fe924e1a298 @level="WARNING", @timestamp=1616620807839, @message="https://brysonfarms.client-staging.deliverybizpro.com/admin/categories.php 7 The key \"-ms-touch-action:\" is not recognized and ignored.">]
Extra fields,2.146963119506836,[#<Selenium::WebDriver::LogEntry:0x00007fe924e695c8 @level="WARNING", @timestamp=1616620813045, @message="https://brysonfarms.client-staging.deliverybizpro.com/admin/extra-fields 7 The key \"touch-action:\" is not recognized and ignored.">, #<Selenium::WebDriver::LogEntry:0x00007fe924e695a0 @level="WARNING", @timestamp=1616620813045, @message="https://brysonfarms.client-staging.deliverybizpro.com/admin/extra-fields 7 The key \"-ms-touch-action:\" is not recognized and ignored.">]
Product Dislikes,1.6873798370361328,[#<Selenium::WebDriver::LogEntry:0x00007fe90189b9c0 @level="WARNING", @timestamp=1616620817543, @message="https://brysonfarms.client-staging.deliverybizpro.com/admin/products-dislikes 7 The key \"touch-action:\" is not recognized and ignored.">, #<Selenium::WebDriver::LogEntry:0x00007fe90189b998 @level="WARNING", @timestamp=1616620817543, @message="https://brysonfarms.client-staging.deliverybizpro.com/admin/products-dislikes 7 The key \"-ms-touch-action:\" is not recognized and ignored.">]
Warehouse Locations,77.79649996757507,[]
Change/Assign Routes,1.4930710792541504,[#<Selenium::WebDriver::LogEntry:0x00007fe924e1bc38 @level="WARNING", @timestamp=1616620907184, @message="https://brysonfarms.client-staging.deliverybizpro.com/admin/assign_route_users.php 7 The key \"touch-action:\" is not recognized and ignored.">, #<Selenium::WebDriver::LogEntry:0x00007fe924e1bbe8 @level="WARNING", @timestamp=1616620907185, @message="https://brysonfarms.client-staging.deliverybizpro.com/admin/assign_route_users.php 7 The key \"-ms-touch-action:\" is not recognized and ignored.">, #<Selenium::WebDriver::LogEntry:0x00007fe924e1bbc0 @level="WARNING", @timestamp=1616620907294, @message="https://brysonfarms.client-staging.deliverybizpro.com/admin/assign_route_users.php - [DOM] Found 2 elements with non-unique id #show_not_validated: (More info: https://goo.gl/9p2vKq) %o %o">]
Create/Edit Routes,1.9528162479400635,[#<Selenium::WebDriver::LogEntry:0x00007fe9018922a8 @level="WARNING", @timestamp=1616620911778, @message="https://brysonfarms.client-staging.deliverybizpro.com/admin/routes.php 7 The key \"touch-action:\" is not recognized and ignored.">, #<Selenium::WebDriver::LogEntry:0x00007fe901892280 @level="WARNING", @timestamp=1616620911778, @message="https://brysonfarms.client-staging.deliverybizpro.com/admin/routes.php 7 The key \"-ms-touch-action:\" is not recognized and ignored.">, #<Selenium::WebDriver::LogEntry:0x00007fe901892208 @level="WARNING", @timestamp=1616620912139, @message="https://brysonfarms.client-staging.deliverybizpro.com/admin/routes.php - [DOM] Found 2 elements with non-unique id #dbp-edit-coordinates-routeid: (More info: https://goo.gl/9p2vKq) %o %o">, #<Selenium::WebDriver::LogEntry:0x00007fe9018921e0 @level="WARNING", @timestamp=1616620912139, @message="https://brysonfarms.client-staging.deliverybizpro.com/admin/routes.php - [DOM] Found 16 elements with non-unique id #dbp-field-customer-route-name: (More info: https://goo.gl/9p2vKq) %o %o %o %o %o %o %o %o %o %o %o %o %o %o %o %o">, #<Selenium::WebDriver::LogEntry:0x00007fe9018921b8 @level="WARNING", @timestamp=1616620912139, @message="https://brysonfarms.client-staging.deliverybizpro.com/admin/routes.php - [DOM] Found 16 elements with non-unique id #dbp-field-delivery-time: (More info: https://goo.gl/9p2vKq) %o %o %o %o %o %o %o %o %o %o %o %o %o %o %o %o">]
GPS Import/Export,1.4418439865112305,[#<Selenium::WebDriver::LogEntry:0x00007fe8e385db70 @level="WARNING", @timestamp=1616620916679, @message="https://brysonfarms.client-staging.deliverybizpro.com/admin/gpx.php 7 The key \"touch-action:\" is not recognized and ignored.">, #<Selenium::WebDriver::LogEntry:0x00007fe8e385db48 @level="WARNING", @timestamp=1616620916679, @message="https://brysonfarms.client-staging.deliverybizpro.com/admin/gpx.php 7 The key \"-ms-touch-action:\" is not recognized and ignored.">]
Organize Route Stops,1.6902406215667725,[#<Selenium::WebDriver::LogEntry:0x00007fe9218f2a20 @level="WARNING", @timestamp=1616620921163, @message="https://brysonfarms.client-staging.deliverybizpro.com/admin/router.php?r=organize_route_stops#/organize_route_stops 7 The key \"touch-action:\" is not recognized and ignored.">, #<Selenium::WebDriver::LogEntry:0x00007fe9218f0dd8 @level="WARNING", @timestamp=1616620921163, @message="https://brysonfarms.client-staging.deliverybizpro.com/admin/router.php?r=organize_route_stops#/organize_route_stops 7 The key \"-ms-touch-action:\" is not recognized and ignored.">]
Pickup Locations,1.7726390361785889,[#<Selenium::WebDriver::LogEntry:0x00007fe924b1aed0 @level="WARNING", @timestamp=1616620925917, @message="https://brysonfarms.client-staging.deliverybizpro.com/admin/pickup_locations.php 7 The key \"touch-action:\" is not recognized and ignored.">, #<Selenium::WebDriver::LogEntry:0x00007fe924b1ae30 @level="WARNING", @timestamp=1616620925917, @message="https://brysonfarms.client-staging.deliverybizpro.com/admin/pickup_locations.php 7 The key \"-ms-touch-action:\" is not recognized and ignored.">, #<Selenium::WebDriver::LogEntry:0x00007fe924b1ade0 @level="WARNING", @timestamp=1616620926286, @message="https://brysonfarms.client-staging.deliverybizpro.com/admin/pickup_locations.php - [DOM] Found 5 elements with non-unique id #assign_route_button: (More info: https://goo.gl/9p2vKq) %o %o %o %o %o">, #<Selenium::WebDriver::LogEntry:0x00007fe924b1ad68 @level="WARNING", @timestamp=1616620926286, @message="https://brysonfarms.client-staging.deliverybizpro.com/admin/pickup_locations.php - [DOM] Found 5 elements with non-unique id #backup_contact: (More info: https://goo.gl/9p2vKq) %o %o %o %o %o">, #<Selenium::WebDriver::LogEntry:0x00007fe924b1acc8 @level="WARNING", @timestamp=1616620926287, @message="https://brysonfarms.client-staging.deliverybizpro.com/admin/pickup_locations.php - [DOM] Found 5 elements with non-unique id #host_name: (More info: https://goo.gl/9p2vKq) %o %o %o %o %o">, #<Selenium::WebDriver::LogEntry:0x00007fe924b1ac50 @level="WARNING", @timestamp=1616620926287, @message="https://brysonfarms.client-staging.deliverybizpro.com/admin/pickup_locations.php - [DOM] Found 5 elements with non-unique id #location_access_key: (More info: https://goo.gl/9p2vKq) %o %o %o %o %o">, #<Selenium::WebDriver::LogEntry:0x00007fe924b1ac00 @level="WARNING", @timestamp=1616620926287, @message="https://brysonfarms.client-staging.deliverybizpro.com/admin/pickup_locations.php - [DOM] Found 5 elements with non-unique id #location_email: (More info: https://goo.gl/9p2vKq) %o %o %o %o %o">, #<Selenium::WebDriver::LogEntry:0x00007fe924b1aa98 @level="WARNING", @timestamp=1616620926287, @message="https://brysonfarms.client-staging.deliverybizpro.com/admin/pickup_locations.php - [DOM] Found 5 elements with non-unique id #location_info: (More info: https://goo.gl/9p2vKq) %o %o %o %o %o">, #<Selenium::WebDriver::LogEntry:0x00007fe924b1aa20 @level="WARNING", @timestamp=1616620926287, @message="https://brysonfarms.client-staging.deliverybizpro.com/admin/pickup_locations.php - [DOM] Found 5 elements with non-unique id #location_message: (More info: https://goo.gl/9p2vKq) %o %o %o %o %o">, #<Selenium::WebDriver::LogEntry:0x00007fe924b1a930 @level="WARNING", @timestamp=1616620926287, @message="https://brysonfarms.client-staging.deliverybizpro.com/admin/pickup_locations.php - [DOM] Found 6 elements with non-unique id #move_route_button: (More info: https://goo.gl/9p2vKq) %o %o %o %o %o %o">, #<Selenium::WebDriver::LogEntry:0x00007fe924b1a908 @level="WARNING", @timestamp=1616620926287, @message="https://brysonfarms.client-staging.deliverybizpro.com/admin/pickup_locations.php - [DOM] Found 5 elements with non-unique id #phone: (More info: https://goo.gl/9p2vKq) %o %o %o %o %o">]
Organize Pickup Locations,1.4333739280700684,[#<Selenium::WebDriver::LogEntry:0x00007fe924b92818 @level="WARNING", @timestamp=1616620930687, @message="https://brysonfarms.client-staging.deliverybizpro.com/admin/route_pickup_locations.php 7 The key \"touch-action:\" is not recognized and ignored.">, #<Selenium::WebDriver::LogEntry:0x00007fe924b927f0 @level="WARNING", @timestamp=1616620930687, @message="https://brysonfarms.client-staging.deliverybizpro.com/admin/route_pickup_locations.php 7 The key \"-ms-touch-action:\" is not recognized and ignored.">]
Manage KML File,1.603581190109253,[#<Selenium::WebDriver::LogEntry:0x00007fe924cd0900 @level="WARNING", @timestamp=1616620935163, @message="https://brysonfarms.client-staging.deliverybizpro.com/admin/router.php?r=kml#/kml 7 The key \"touch-action:\" is not recognized and ignored.">, #<Selenium::WebDriver::LogEntry:0x00007fe924cd0798 @level="WARNING", @timestamp=1616620935163, @message="https://brysonfarms.client-staging.deliverybizpro.com/admin/router.php?r=kml#/kml 7 The key \"-ms-touch-action:\" is not recognized and ignored.">]
Display Route/KML Issues,1.4406287670135498,[#<Selenium::WebDriver::LogEntry:0x00007fe924d39770 @level="WARNING", @timestamp=1616620939797, @message="https://brysonfarms.client-staging.deliverybizpro.com/admin/route_kml_issues.php 7 The key \"touch-action:\" is not recognized and ignored.">, #<Selenium::WebDriver::LogEntry:0x00007fe924d39720 @level="WARNING", @timestamp=1616620939798, @message="https://brysonfarms.client-staging.deliverybizpro.com/admin/route_kml_issues.php 7 The key \"-ms-touch-action:\" is not recognized and ignored.">]
Organize Load Sheet,1.6065502166748047,[#<Selenium::WebDriver::LogEntry:0x00007fe924dabe10 @level="WARNING", @timestamp=1616620944322, @message="https://brysonfarms.client-staging.deliverybizpro.com/admin/order_routes_products.php 7 The key \"touch-action:\" is not recognized and ignored.">, #<Selenium::WebDriver::LogEntry:0x00007fe924dabdc0 @level="WARNING", @timestamp=1616620944322, @message="https://brysonfarms.client-staging.deliverybizpro.com/admin/order_routes_products.php 7 The key \"-ms-touch-action:\" is not recognized and ignored.">]
Print Route Sheets,1.6773061752319336,[#<Selenium::WebDriver::LogEntry:0x00007fe924e30958 @level="WARNING", @timestamp=1616620949956, @message="https://brysonfarms.client-staging.deliverybizpro.com/admin/driving_dir.php 7 The key \"touch-action:\" is not recognized and ignored.">, #<Selenium::WebDriver::LogEntry:0x00007fe924e30930 @level="WARNING", @timestamp=1616620949956, @message="https://brysonfarms.client-staging.deliverybizpro.com/admin/driving_dir.php 7 The key \"-ms-touch-action:\" is not recognized and ignored.">, #<Selenium::WebDriver::LogEntry:0x00007fe924e30908 @level="WARNING", @timestamp=1616620950178, @message="https://brysonfarms.client-staging.deliverybizpro.com/admin/driving_dir.php - [DOM] Found 2 elements with non-unique id #custom-range-input-multiple: (More info: https://goo.gl/9p2vKq) %o %o">, #<Selenium::WebDriver::LogEntry:0x00007fe924e308e0 @level="WARNING", @timestamp=1616620950178, @message="https://brysonfarms.client-staging.deliverybizpro.com/admin/driving_dir.php - [DOM] Found 2 elements with non-unique id #mult-route-id: (More info: https://goo.gl/9p2vKq) %o %o">]
Print Route Sheets - Export to Excel,2.69891095161438,[#<Selenium::WebDriver::LogEntry:0x00007fe90189b9c0 @level="WARNING", @timestamp=1616620952738, @message="https://brysonfarms.client-staging.deliverybizpro.com/admin/driving_dir.php 7 The key \"touch-action:\" is not recognized and ignored.">, #<Selenium::WebDriver::LogEntry:0x00007fe90189b998 @level="WARNING", @timestamp=1616620952738, @message="https://brysonfarms.client-staging.deliverybizpro.com/admin/driving_dir.php 7 The key \"-ms-touch-action:\" is not recognized and ignored.">, #<Selenium::WebDriver::LogEntry:0x00007fe90189b948 @level="WARNING", @timestamp=1616620952898, @message="https://brysonfarms.client-staging.deliverybizpro.com/admin/driving_dir.php - [DOM] Found 2 elements with non-unique id #custom-range-input-multiple: (More info: https://goo.gl/9p2vKq) %o %o">, #<Selenium::WebDriver::LogEntry:0x00007fe90189b920 @level="WARNING", @timestamp=1616620952898, @message="https://brysonfarms.client-staging.deliverybizpro.com/admin/driving_dir.php - [DOM] Found 2 elements with non-unique id #mult-route-id: (More info: https://goo.gl/9p2vKq) %o %o">]
Print Bag Labels,1.5692427158355713,[#<Selenium::WebDriver::LogEntry:0x00007fe924ec2830 @level="WARNING", @timestamp=1616620955325, @message="https://brysonfarms.client-staging.deliverybizpro.com/admin/driving_dir.php?bag_label=1 7 The key \"touch-action:\" is not recognized and ignored.">, #<Selenium::WebDriver::LogEntry:0x00007fe924ec2808 @level="WARNING", @timestamp=1616620955325, @message="https://brysonfarms.client-staging.deliverybizpro.com/admin/driving_dir.php?bag_label=1 7 The key \"-ms-touch-action:\" is not recognized and ignored.">, #<Selenium::WebDriver::LogEntry:0x00007fe924ec27e0 @level="WARNING", @timestamp=1616620955490, @message="https://brysonfarms.client-staging.deliverybizpro.com/admin/driving_dir.php?bag_label=1 - [DOM] Found 2 elements with non-unique id #custom-range-input-multiple: (More info: https://goo.gl/9p2vKq) %o %o">, #<Selenium::WebDriver::LogEntry:0x00007fe924ec27b8 @level="WARNING", @timestamp=1616620955490, @message="https://brysonfarms.client-staging.deliverybizpro.com/admin/driving_dir.php?bag_label=1 - [DOM] Found 2 elements with non-unique id #mult-route-id: (More info: https://goo.gl/9p2vKq) %o %o">]
Print Bag Labels - Export to Excel,1.5571141242980957,[#<Selenium::WebDriver::LogEntry:0x00007fe924f4ceb8 @level="WARNING", @timestamp=1616620956897, @message="https://brysonfarms.client-staging.deliverybizpro.com/admin/driving_dir.php?bag_label=1 7 The key \"touch-action:\" is not recognized and ignored.">, #<Selenium::WebDriver::LogEntry:0x00007fe924f4ce90 @level="WARNING", @timestamp=1616620956897, @message="https://brysonfarms.client-staging.deliverybizpro.com/admin/driving_dir.php?bag_label=1 7 The key \"-ms-touch-action:\" is not recognized and ignored.">, #<Selenium::WebDriver::LogEntry:0x00007fe924f4ce68 @level="WARNING", @timestamp=1616620957061, @message="https://brysonfarms.client-staging.deliverybizpro.com/admin/driving_dir.php?bag_label=1 - [DOM] Found 2 elements with non-unique id #custom-range-input-multiple: (More info: https://goo.gl/9p2vKq) %o %o">, #<Selenium::WebDriver::LogEntry:0x00007fe924f4ce40 @level="WARNING", @timestamp=1616620957061, @message="https://brysonfarms.client-staging.deliverybizpro.com/admin/driving_dir.php?bag_label=1 - [DOM] Found 2 elements with non-unique id #mult-route-id: (More info: https://goo.gl/9p2vKq) %o %o">]
Show Invalid Addresses,38.87236285209656,[#<Selenium::WebDriver::LogEntry:0x00007fe924f75a48 @level="SEVERE", @timestamp=1616620996937, @message="chrome-error://chromewebdata/ - Failed to load resource: the server responded with a status of 500 ()">]
Global Invoice Notes,1.7635581493377686,[#<Selenium::WebDriver::LogEntry:0x00007fe924ff9910 @level="WARNING", @timestamp=1616621021153, @message="https://brysonfarms.client-staging.deliverybizpro.com/admin/driving_dir.php?bag_label=1 7 The key \"touch-action:\" is not recognized and ignored.">, #<Selenium::WebDriver::LogEntry:0x00007fe924ff98e8 @level="WARNING", @timestamp=1616621021153, @message="https://brysonfarms.client-staging.deliverybizpro.com/admin/driving_dir.php?bag_label=1 7 The key \"-ms-touch-action:\" is not recognized and ignored.">, #<Selenium::WebDriver::LogEntry:0x00007fe924ff98c0 @level="WARNING", @timestamp=1616621021153, @message="https://brysonfarms.client-staging.deliverybizpro.com/admin/driving_dir.php?bag_label=1 - [DOM] Found 2 elements with non-unique id #custom-range-input-multiple: (More info: https://goo.gl/9p2vKq) %o %o">, #<Selenium::WebDriver::LogEntry:0x00007fe924ff9898 @level="WARNING", @timestamp=1616621021153, @message="https://brysonfarms.client-staging.deliverybizpro.com/admin/driving_dir.php?bag_label=1 - [DOM] Found 2 elements with non-unique id #mult-route-id: (More info: https://goo.gl/9p2vKq) %o %o">, #<Selenium::WebDriver::LogEntry:0x00007fe924ff9870 @level="WARNING", @timestamp=1616621021652, @message="https://brysonfarms.client-staging.deliverybizpro.com/admin/global_notes.php 7 The key \"touch-action:\" is not recognized and ignored.">, #<Selenium::WebDriver::LogEntry:0x00007fe924ff9848 @level="WARNING", @timestamp=1616621021652, @message="https://brysonfarms.client-staging.deliverybizpro.com/admin/global_notes.php 7 The key \"-ms-touch-action:\" is not recognized and ignored.">]
View GC Purchase Log,1.505624771118164,[#<Selenium::WebDriver::LogEntry:0x00007fe8e384f138 @level="WARNING", @timestamp=1616621026296, @message="https://brysonfarms.client-staging.deliverybizpro.com/admin/giftcerts_purchase_log.php 7 The key \"touch-action:\" is not recognized and ignored.">, #<Selenium::WebDriver::LogEntry:0x00007fe8e384f110 @level="WARNING", @timestamp=1616621026296, @message="https://brysonfarms.client-staging.deliverybizpro.com/admin/giftcerts_purchase_log.php 7 The key \"-ms-touch-action:\" is not recognized and ignored.">]
Sales Reporting,1.0748751163482666,[]
Countdown Sales Report,1.536776065826416,[#<Selenium::WebDriver::LogEntry:0x00007fe921931130 @level="WARNING", @timestamp=1616621039006, @message="https://brysonfarms.client-staging.deliverybizpro.com/admin/reports.php?report_type=countdown 7 The key \"touch-action:\" is not recognized and ignored.">, #<Selenium::WebDriver::LogEntry:0x00007fe921931108 @level="WARNING", @timestamp=1616621039006, @message="https://brysonfarms.client-staging.deliverybizpro.com/admin/reports.php?report_type=countdown 7 The key \"-ms-touch-action:\" is not recognized and ignored.">]
Countdown Sales Report - Export to Excel,1.1234440803527832,[]
Cross-Selling Report,1.485166072845459,[#<Selenium::WebDriver::LogEntry:0x00007fe924cf33b0 @level="WARNING", @timestamp=1616621042656, @message="https://brysonfarms.client-staging.deliverybizpro.com/admin/reports.php?report_type=cross_selling 7 The key \"touch-action:\" is not recognized and ignored.">, #<Selenium::WebDriver::LogEntry:0x00007fe924cf3388 @level="WARNING", @timestamp=1616621042656, @message="https://brysonfarms.client-staging.deliverybizpro.com/admin/reports.php?report_type=cross_selling 7 The key \"-ms-touch-action:\" is not recognized and ignored.">]
Cross-Selling Report - Export to Excel,1.0907011032104492,[#<Selenium::WebDriver::LogEntry:0x00007fe924d8b8e0 @level="WARNING", @timestamp=1616621044881, @message="https://brysonfarms.client-staging.deliverybizpro.com/admin/reports.php?report_type=cross_selling - [DOM] Found 2 elements with non-unique id #action_value: (More info: https://goo.gl/9p2vKq) %o %o">]
Discount Coupon Report,1.482618808746338,[#<Selenium::WebDriver::LogEntry:0x00007fe924dc8510 @level="WARNING", @timestamp=1616621046248, @message="https://brysonfarms.client-staging.deliverybizpro.com/admin/reports.php?report_type=discount_coupon 7 The key \"touch-action:\" is not recognized and ignored.">, #<Selenium::WebDriver::LogEntry:0x00007fe924dc84e8 @level="WARNING", @timestamp=1616621046248, @message="https://brysonfarms.client-staging.deliverybizpro.com/admin/reports.php?report_type=discount_coupon 7 The key \"-ms-touch-action:\" is not recognized and ignored.">]
Discount Coupon Report - Export to Excel,1.082063913345337,[]
Manage Cross-Selling,1.436980962753296,[#<Selenium::WebDriver::LogEntry:0x00007fe924e88a40 @level="WARNING", @timestamp=1616621049825, @message="https://brysonfarms.client-staging.deliverybizpro.com/admin/reports.php?report_type=upselling 7 The key \"touch-action:\" is not recognized and ignored.">, #<Selenium::WebDriver::LogEntry:0x00007fe924e88a18 @level="WARNING", @timestamp=1616621049825, @message="https://brysonfarms.client-staging.deliverybizpro.com/admin/reports.php?report_type=upselling 7 The key \"-ms-touch-action:\" is not recognized and ignored.">]
Manage Cross-Selling - Export to Excel,1.0841562747955322,[]
Ordered Products Reports,1.8113758563995361,[#<Selenium::WebDriver::LogEntry:0x00007fe924f236a8 @level="WARNING", @timestamp=1616621053588, @message="https://brysonfarms.client-staging.deliverybizpro.com/admin/reports.php?report_type=product 7 The key \"touch-action:\" is not recognized and ignored.">, #<Selenium::WebDriver::LogEntry:0x00007fe924f23680 @level="WARNING", @timestamp=1616621053588, @message="https://brysonfarms.client-staging.deliverybizpro.com/admin/reports.php?report_type=product 7 The key \"-ms-touch-action:\" is not recognized and ignored.">]
Ordered Products Reports - Export to Excel,7.4780051708221436,[]
Overall Sales,1.9442791938781738,[#<Selenium::WebDriver::LogEntry:0x00007fe924fbe720 @level="WARNING", @timestamp=1616621063763, @message="https://brysonfarms.client-staging.deliverybizpro.com/admin/reports.php?report_type=over_sales 7 The key \"touch-action:\" is not recognized and ignored.">, #<Selenium::WebDriver::LogEntry:0x00007fe924fbe6d0 @level="WARNING", @timestamp=1616621063763, @message="https://brysonfarms.client-staging.deliverybizpro.com/admin/reports.php?report_type=over_sales 7 The key \"-ms-touch-action:\" is not recognized and ignored.">]
Overall Sales - Export to Excel,1.392669916152954,[]
Sales By Route,1.6575701236724854,[#<Selenium::WebDriver::LogEntry:0x00007fe8e38659b0 @level="WARNING", @timestamp=1616621068087, @message="https://brysonfarms.client-staging.deliverybizpro.com/admin/reports.php?report_type=sales_by_route 7 The key \"touch-action:\" is not recognized and ignored.">, #<Selenium::WebDriver::LogEntry:0x00007fe8e3865988 @level="WARNING", @timestamp=1616621068087, @message="https://brysonfarms.client-staging.deliverybizpro.com/admin/reports.php?report_type=sales_by_route 7 The key \"-ms-touch-action:\" is not recognized and ignored.">]
Sales By Route - Export to Excel,1.3724241256713867,[]
Financials Reporting,1.060027837753296,[]
Average Order Report,1.496885061264038,[#<Selenium::WebDriver::LogEntry:0x00007fe924b8acf8 @level="WARNING", @timestamp=1616621074153, @message="https://brysonfarms.client-staging.deliverybizpro.com/admin/reports.php?report_type=average_order 7 The key \"touch-action:\" is not recognized and ignored.">, #<Selenium::WebDriver::LogEntry:0x00007fe924b8acd0 @level="WARNING", @timestamp=1616621074153, @message="https://brysonfarms.client-staging.deliverybizpro.com/admin/reports.php?report_type=average_order 7 The key \"-ms-touch-action:\" is not recognized and ignored.">]
Average Order Report - Export to Excel,1.1619060039520264,[#<Selenium::WebDriver::LogEntry:0x00007fe924d1ad48 @level="WARNING", @timestamp=1616621076389, @message="https://brysonfarms.client-staging.deliverybizpro.com/admin/reports.php?report_type=average_order - [DOM] Found 2 elements with non-unique id #action_value: (More info: https://goo.gl/9p2vKq) %o %o">]
Credits Report,1.5086119174957275,[#<Selenium::WebDriver::LogEntry:0x00007fe924d51eb0 @level="WARNING", @timestamp=1616621077855, @message="https://brysonfarms.client-staging.deliverybizpro.com/admin/reports.php?report_type=credits 7 The key \"touch-action:\" is not recognized and ignored.">, #<Selenium::WebDriver::LogEntry:0x00007fe924d51e88 @level="WARNING", @timestamp=1616621077855, @message="https://brysonfarms.client-staging.deliverybizpro.com/admin/reports.php?report_type=credits 7 The key \"-ms-touch-action:\" is not recognized and ignored.">]
Credits Report - Export to Excel,1.698991060256958,[#<Selenium::WebDriver::LogEntry:0x00007fe924dfb258 @level="WARNING", @timestamp=1616621080089, @message="https://brysonfarms.client-staging.deliverybizpro.com/admin/reports.php?report_type=credits - [DOM] Found 2 elements with non-unique id #action_value: (More info: https://goo.gl/9p2vKq) %o %o">]
Effective Margin Report,1.4667959213256836,[#<Selenium::WebDriver::LogEntry:0x00007fe924e33590 @level="WARNING", @timestamp=1616621082093, @message="https://brysonfarms.client-staging.deliverybizpro.com/admin/reports.php?report_type=effective_margin 7 The key \"touch-action:\" is not recognized and ignored.">, #<Selenium::WebDriver::LogEntry:0x00007fe924e33518 @level="WARNING", @timestamp=1616621082093, @message="https://brysonfarms.client-staging.deliverybizpro.com/admin/reports.php?report_type=effective_margin 7 The key \"-ms-touch-action:\" is not recognized and ignored.">]
Effective Margin Report - Export to Excel,1.0925438404083252,[]
Financials Export,1.4824130535125732,[#<Selenium::WebDriver::LogEntry:0x00007fe924eb1c38 @level="WARNING", @timestamp=1616621085662, @message="https://brysonfarms.client-staging.deliverybizpro.com/admin/reports.php?report_type=financials 7 The key \"touch-action:\" is not recognized and ignored.">, #<Selenium::WebDriver::LogEntry:0x00007fe924eb1c10 @level="WARNING", @timestamp=1616621085662, @message="https://brysonfarms.client-staging.deliverybizpro.com/admin/reports.php?report_type=financials 7 The key \"-ms-touch-action:\" is not recognized and ignored.">]
Financials Export - Export to Excel,1.4877300262451172,[]
No Payment Customers,2.7371509075164795,[#<Selenium::WebDriver::LogEntry:0x00007fe924f6e720 @level="WARNING", @timestamp=1616621090846, @message="https://brysonfarms.client-staging.deliverybizpro.com/admin/reports.php?report_type=not_paid 7 The key \"touch-action:\" is not recognized and ignored.">, #<Selenium::WebDriver::LogEntry:0x00007fe924f6e6f8 @level="WARNING", @timestamp=1616621090846, @message="https://brysonfarms.client-staging.deliverybizpro.com/admin/reports.php?report_type=not_paid 7 The key \"-ms-touch-action:\" is not recognized and ignored.">]
No Payment Customers - Export to Excel,2.593059778213501,[]
Past Due Customers,1.5320210456848145,[#<Selenium::WebDriver::LogEntry:0x00007fe8e38160e0 @level="WARNING", @timestamp=1616621096041, @message="https://brysonfarms.client-staging.deliverybizpro.com/admin/reports.php?report_type=due 7 The key \"touch-action:\" is not recognized and ignored.">, #<Selenium::WebDriver::LogEntry:0x00007fe8e3815ff0 @level="WARNING", @timestamp=1616621096041, @message="https://brysonfarms.client-staging.deliverybizpro.com/admin/reports.php?report_type=due 7 The key \"-ms-touch-action:\" is not recognized and ignored.">]
Past Due Customers - Export to Excel,1.4691100120544434,[]
Payments On Review,1.5399649143218994,[#<Selenium::WebDriver::LogEntry:0x00007fe9249b1f58 @level="WARNING", @timestamp=1616621100058, @message="https://brysonfarms.client-staging.deliverybizpro.com/admin/reports.php?report_type=review_payments 7 The key \"touch-action:\" is not recognized and ignored.">, #<Selenium::WebDriver::LogEntry:0x00007fe9249b1f30 @level="WARNING", @timestamp=1616621100058, @message="https://brysonfarms.client-staging.deliverybizpro.com/admin/reports.php?report_type=review_payments 7 The key \"-ms-touch-action:\" is not recognized and ignored.">, #<Selenium::WebDriver::LogEntry:0x00007fe9249b1e40 @level="SEVERE", @timestamp=1616621100170, @message="https://brysonfarms.client-staging.deliverybizpro.com/admin/skin1/admin/admin-modal.css - Failed to load resource: the server responded with a status of 404 ()">]
Payments On Review - Export to Excel,1.346086025238037,[]
Payments Posted Report,1.4887590408325195,[#<Selenium::WebDriver::LogEntry:0x00007fe924c1a970 @level="WARNING", @timestamp=1616621103913, @message="https://brysonfarms.client-staging.deliverybizpro.com/admin/reports.php?report_type=checks_posted 7 The key \"touch-action:\" is not recognized and ignored.">, #<Selenium::WebDriver::LogEntry:0x00007fe924c1a830 @level="WARNING", @timestamp=1616621103913, @message="https://brysonfarms.client-staging.deliverybizpro.com/admin/reports.php?report_type=checks_posted 7 The key \"-ms-touch-action:\" is not recognized and ignored.">]
Payments Posted Report - Export to Excel,1.6361138820648193,[]
Profit Report,1.7345657348632812,[#<Selenium::WebDriver::LogEntry:0x00007fe924d8a710 @level="WARNING", @timestamp=1616621108162, @message="https://brysonfarms.client-staging.deliverybizpro.com/admin/reports.php?report_type=profit 7 The key \"touch-action:\" is not recognized and ignored.">, #<Selenium::WebDriver::LogEntry:0x00007fe924d8a6e8 @level="WARNING", @timestamp=1616621108162, @message="https://brysonfarms.client-staging.deliverybizpro.com/admin/reports.php?report_type=profit 7 The key \"-ms-touch-action:\" is not recognized and ignored.">]
Profit Report - Export to Excel,1.4161388874053955,[]
Recent Payments Report,1.5089290142059326,[#<Selenium::WebDriver::LogEntry:0x00007fe924e5b680 @level="WARNING", @timestamp=1616621112269, @message="https://brysonfarms.client-staging.deliverybizpro.com/admin/reports.php?report_type=delivery_payment 7 The key \"touch-action:\" is not recognized and ignored.">, #<Selenium::WebDriver::LogEntry:0x00007fe924e5b658 @level="WARNING", @timestamp=1616621112269, @message="https://brysonfarms.client-staging.deliverybizpro.com/admin/reports.php?report_type=delivery_payment 7 The key \"-ms-touch-action:\" is not recognized and ignored.">]
Recent Payments Report - Export to Excel,2.240316152572632,[]
Show Currently Owed,2.1941769123077393,[#<Selenium::WebDriver::LogEntry:0x00007fe924ee2798 @level="WARNING", @timestamp=1616621117623, @message="https://brysonfarms.client-staging.deliverybizpro.com/admin/reports.php?report_type=owed 7 The key \"touch-action:\" is not recognized and ignored.">, #<Selenium::WebDriver::LogEntry:0x00007fe924ee2770 @level="WARNING", @timestamp=1616621117623, @message="https://brysonfarms.client-staging.deliverybizpro.com/admin/reports.php?report_type=owed 7 The key \"-ms-touch-action:\" is not recognized and ignored.">]
Show Currently Owed - Export to Excel,1.9127752780914307,[]
Taxes Report,1.5101330280303955,[#<Selenium::WebDriver::LogEntry:0x00007fe924f8e728 @level="WARNING", @timestamp=1616621122109, @message="https://brysonfarms.client-staging.deliverybizpro.com/admin/reports.php?report_type=taxes 7 The key \"touch-action:\" is not recognized and ignored.">, #<Selenium::WebDriver::LogEntry:0x00007fe924f8e700 @level="WARNING", @timestamp=1616621122109, @message="https://brysonfarms.client-staging.deliverybizpro.com/admin/reports.php?report_type=taxes 7 The key \"-ms-touch-action:\" is not recognized and ignored.">]
Taxes Report - Export to Excel,1.2692389488220215,[]
Product Reporting,1.056339979171753,[]
Bagged Items Report,1.6602427959442139,[#<Selenium::WebDriver::LogEntry:0x00007fe8e38655c8 @level="WARNING", @timestamp=1616621128005, @message="https://brysonfarms.client-staging.deliverybizpro.com/admin/reports.php?report_type=bagged_items 7 The key \"touch-action:\" is not recognized and ignored.">, #<Selenium::WebDriver::LogEntry:0x00007fe8e38655a0 @level="WARNING", @timestamp=1616621128005, @message="https://brysonfarms.client-staging.deliverybizpro.com/admin/reports.php?report_type=bagged_items 7 The key \"-ms-touch-action:\" is not recognized and ignored.">]
Bagged Items Report - Export to Excel,1.5498569011688232,[]
Customized Products,1.5393059253692627,[#<Selenium::WebDriver::LogEntry:0x00007fe924b5a7d8 @level="WARNING", @timestamp=1616621132189, @message="https://brysonfarms.client-staging.deliverybizpro.com/admin/reports.php?report_type=customized_products 7 The key \"touch-action:\" is not recognized and ignored.">, #<Selenium::WebDriver::LogEntry:0x00007fe924b5a7b0 @level="WARNING", @timestamp=1616621132189, @message="https://brysonfarms.client-staging.deliverybizpro.com/admin/reports.php?report_type=customized_products 7 The key \"-ms-touch-action:\" is not recognized and ignored.">, #<Selenium::WebDriver::LogEntry:0x00007fe924b5a788 @level="SEVERE", @timestamp=1616621132307, @message="https://brysonfarms.client-staging.deliverybizpro.com/admin/skin1/admin/admin-modal.css - Failed to load resource: the server responded with a status of 404 ()">]
Customized Products - Export to Excel,1.277204990386963,[]
Dislikes Report,1.6831977367401123,[#<Selenium::WebDriver::LogEntry:0x00007fe924d1a668 @level="WARNING", @timestamp=1616621136121, @message="https://brysonfarms.client-staging.deliverybizpro.com/admin/reports.php?report_type=dislikes 7 The key \"touch-action:\" is not recognized and ignored.">, #<Selenium::WebDriver::LogEntry:0x00007fe924d1a5f0 @level="WARNING", @timestamp=1616621136122, @message="https://brysonfarms.client-staging.deliverybizpro.com/admin/reports.php?report_type=dislikes 7 The key \"-ms-touch-action:\" is not recognized and ignored.">]
Dislikes Report - Export to Excel,1.6241307258605957,[]
Forecast,1.6080458164215088,[#<Selenium::WebDriver::LogEntry:0x00007fe924dfaf60 @level="WARNING", @timestamp=1616621140336, @message="https://brysonfarms.client-staging.deliverybizpro.com/admin/reports.php?report_type=forecast 7 The key \"touch-action:\" is not recognized and ignored.">, #<Selenium::WebDriver::LogEntry:0x00007fe924dfaf10 @level="WARNING", @timestamp=1616621140336, @message="https://brysonfarms.client-staging.deliverybizpro.com/admin/reports.php?report_type=forecast 7 The key \"-ms-touch-action:\" is not recognized and ignored.">]
Inventory,2.468700885772705,[#<Selenium::WebDriver::LogEntry:0x00007fe924e499f8 @level="WARNING", @timestamp=1616621145409, @message="https://brysonfarms.client-staging.deliverybizpro.com/admin/reports.php?report_type=inventory&hide_disabled_inventory=Y 7 The key \"touch-action:\" is not recognized and ignored.">, #<Selenium::WebDriver::LogEntry:0x00007fe924e499d0 @level="WARNING", @timestamp=1616621145409, @message="https://brysonfarms.client-staging.deliverybizpro.com/admin/reports.php?report_type=inventory&hide_disabled_inventory=Y 7 The key \"-ms-touch-action:\" is not recognized and ignored.">]
Inventory - Export to Excel,1.745847225189209,[]
Product Reporting,1.0692622661590576,[]
Load Sheet Report,1.4974210262298584,[#<Selenium::WebDriver::LogEntry:0x00007fe924f11fc0 @level="WARNING", @timestamp=1616621152274, @message="https://brysonfarms.client-staging.deliverybizpro.com/admin/reports.php?report_type=load_sheet 7 The key \"touch-action:\" is not recognized and ignored.">, #<Selenium::WebDriver::LogEntry:0x00007fe924f11f98 @level="WARNING", @timestamp=1616621152274, @message="https://brysonfarms.client-staging.deliverybizpro.com/admin/reports.php?report_type=load_sheet 7 The key \"-ms-touch-action:\" is not recognized and ignored.">]
Load Sheet Report - Export to Excel,1.0950369834899902,[]
Out Of Stock Report,1.5239131450653076,[#<Selenium::WebDriver::LogEntry:0x00007fe924fb6ea8 @level="WARNING", @timestamp=1616621155881, @message="https://brysonfarms.client-staging.deliverybizpro.com/admin/reports.php?report_type=out_of_stock 7 The key \"touch-action:\" is not recognized and ignored.">, #<Selenium::WebDriver::LogEntry:0x00007fe924fb6e80 @level="WARNING", @timestamp=1616621155881, @message="https://brysonfarms.client-staging.deliverybizpro.com/admin/reports.php?report_type=out_of_stock 7 The key \"-ms-touch-action:\" is not recognized and ignored.">, #<Selenium::WebDriver::LogEntry:0x00007fe924fb6e58 @level="SEVERE", @timestamp=1616621156000, @message="https://brysonfarms.client-staging.deliverybizpro.com/admin/skin1/admin/admin-modal.css - Failed to load resource: the server responded with a status of 404 ()">]
Out Of Stock Report - Export to Excel,1.0712928771972656,[]
Customer Reporting,1.0605480670928955,[]
Customer Count Report,1.4836750030517578,[#<Selenium::WebDriver::LogEntry:0x00007fe8f11a9eb0 @level="WARNING", @timestamp=1616621205641, @message="https://brysonfarms.client-staging.deliverybizpro.com/admin/reports.php?report_type=customer_count 7 The key \"touch-action:\" is not recognized and ignored.">, #<Selenium::WebDriver::LogEntry:0x00007fe8f11a9e38 @level="WARNING", @timestamp=1616621205641, @message="https://brysonfarms.client-staging.deliverybizpro.com/admin/reports.php?report_type=customer_count 7 The key \"-ms-touch-action:\" is not recognized and ignored.">]
Customer Count Report - Export to Excel,1.207207202911377,[#<Selenium::WebDriver::LogEntry:0x00007fe924b6ab38 @level="WARNING", @timestamp=1616621207867, @message="https://brysonfarms.client-staging.deliverybizpro.com/admin/reports.php?report_type=customer_count - [DOM] Found 2 elements with non-unique id #action_value: (More info: https://goo.gl/9p2vKq) %o %o">]
Customer Orders Count,1.4888198375701904,[#<Selenium::WebDriver::LogEntry:0x00007fe924bd9a60 @level="WARNING", @timestamp=1616621209372, @message="https://brysonfarms.client-staging.deliverybizpro.com/admin/reports.php?report_type=customer_orders 7 The key \"touch-action:\" is not recognized and ignored.">, #<Selenium::WebDriver::LogEntry:0x00007fe924bd9a10 @level="WARNING", @timestamp=1616621209373, @message="https://brysonfarms.client-staging.deliverybizpro.com/admin/reports.php?report_type=customer_orders 7 The key \"-ms-touch-action:\" is not recognized and ignored.">]
Customer Orders Count - Export to Excel,1.0677859783172607,[]
Deposit Report,1.5200302600860596,[#<Selenium::WebDriver::LogEntry:0x00007fe924d60a78 @level="WARNING", @timestamp=1616621212977, @message="https://brysonfarms.client-staging.deliverybizpro.com/admin/reports.php?report_type=bottle_deposit 7 The key \"touch-action:\" is not recognized and ignored.">, #<Selenium::WebDriver::LogEntry:0x00007fe924d60a50 @level="WARNING", @timestamp=1616621212977, @message="https://brysonfarms.client-staging.deliverybizpro.com/admin/reports.php?report_type=bottle_deposit 7 The key \"-ms-touch-action:\" is not recognized and ignored.">]
Deposit Report - Export to Excel,1.3931868076324463,[]
Followup Report,1.5707759857177734,[#<Selenium::WebDriver::LogEntry:0x00007fe924e42068 @level="WARNING", @timestamp=1616621216908, @message="https://brysonfarms.client-staging.deliverybizpro.com/admin/reports.php?report_type=followup 7 The key \"touch-action:\" is not recognized and ignored.">, #<Selenium::WebDriver::LogEntry:0x00007fe924e41ff0 @level="WARNING", @timestamp=1616621216908, @message="https://brysonfarms.client-staging.deliverybizpro.com/admin/reports.php?report_type=followup 7 The key \"-ms-touch-action:\" is not recognized and ignored.">]
Followup Report - Export to Excel,1.3219521045684814,[]
Friend Referral Report,1.4614348411560059,[#<Selenium::WebDriver::LogEntry:0x00007fe924eca7d8 @level="WARNING", @timestamp=1616621220787, @message="https://brysonfarms.client-staging.deliverybizpro.com/admin/reports.php?report_type=refer_friend 7 The key \"touch-action:\" is not recognized and ignored.">, #<Selenium::WebDriver::LogEntry:0x00007fe924eca760 @level="WARNING", @timestamp=1616621220787, @message="https://brysonfarms.client-staging.deliverybizpro.com/admin/reports.php?report_type=refer_friend 7 The key \"-ms-touch-action:\" is not recognized and ignored.">]
Friend Referral Report - Export to Excel,1.280137062072754,[]
Minimum Order Report,1.4628021717071533,[#<Selenium::WebDriver::LogEntry:0x00007fe924f7f598 @level="WARNING", @timestamp=1616621224547, @message="https://brysonfarms.client-staging.deliverybizpro.com/admin/reports.php?report_type=min_order_report 7 The key \"touch-action:\" is not recognized and ignored.">, #<Selenium::WebDriver::LogEntry:0x00007fe924f7f570 @level="WARNING", @timestamp=1616621224547, @message="https://brysonfarms.client-staging.deliverybizpro.com/admin/reports.php?report_type=min_order_report 7 The key \"-ms-touch-action:\" is not recognized and ignored.">]
Minimum Order Report - Export to Excel,1.0475709438323975,[]
Negative Balances,2.29378604888916,[#<Selenium::WebDriver::LogEntry:0x00007fe8e38265d0 @level="WARNING", @timestamp=1616621228712, @message="https://brysonfarms.client-staging.deliverybizpro.com/admin/reports.php?report_type=balance 7 The key \"touch-action:\" is not recognized and ignored.">, #<Selenium::WebDriver::LogEntry:0x00007fe8e38265a8 @level="WARNING", @timestamp=1616621228712, @message="https://brysonfarms.client-staging.deliverybizpro.com/admin/reports.php?report_type=balance 7 The key \"-ms-touch-action:\" is not recognized and ignored.">]
New Customers,1.5202147960662842,[#<Selenium::WebDriver::LogEntry:0x00007fe8e38573b0 @level="WARNING", @timestamp=1616621231387, @message="https://brysonfarms.client-staging.deliverybizpro.com/admin/reports.php?report_type=new 7 The key \"touch-action:\" is not recognized and ignored.">, #<Selenium::WebDriver::LogEntry:0x00007fe8e3857388 @level="WARNING", @timestamp=1616621231387, @message="https://brysonfarms.client-staging.deliverybizpro.com/admin/reports.php?report_type=new 7 The key \"-ms-touch-action:\" is not recognized and ignored.">]
No Order Customers Report,1.5988380908966064,[#<Selenium::WebDriver::LogEntry:0x00007fe8f11183c0 @level="WARNING", @timestamp=1616621235926, @message="https://brysonfarms.client-staging.deliverybizpro.com/admin/reports.php?report_type=no_orders 7 The key \"touch-action:\" is not recognized and ignored.">, #<Selenium::WebDriver::LogEntry:0x00007fe8f1118398 @level="WARNING", @timestamp=1616621235926, @message="https://brysonfarms.client-staging.deliverybizpro.com/admin/reports.php?report_type=no_orders 7 The key \"-ms-touch-action:\" is not recognized and ignored.">]
No Order Customers Report - Export to Excel,1.9052300453186035,[#<Selenium::WebDriver::LogEntry:0x00007fe924b630e0 @level="WARNING", @timestamp=1616621238248, @message="https://brysonfarms.client-staging.deliverybizpro.com/admin/reports.php?report_type=no_orders - [DOM] Found 2 elements with non-unique id #action_value: (More info: https://goo.gl/9p2vKq) %o %o">]
No Payment Customers,2.727979898452759,[#<Selenium::WebDriver::LogEntry:0x00007fe924ba0d78 @level="WARNING", @timestamp=1616621241623, @message="https://brysonfarms.client-staging.deliverybizpro.com/admin/reports.php?report_type=not_paid 7 The key \"touch-action:\" is not recognized and ignored.">, #<Selenium::WebDriver::LogEntry:0x00007fe924ba0bc0 @level="WARNING", @timestamp=1616621241623, @message="https://brysonfarms.client-staging.deliverybizpro.com/admin/reports.php?report_type=not_paid 7 The key \"-ms-touch-action:\" is not recognized and ignored.">]
No Payment Customers - Export to Excel,2.7180440425872803,[]
Customer Reporting,1.0637569427490234,[]
On Hold Report,1.5671420097351074,[#<Selenium::WebDriver::LogEntry:0x00007fe924daa330 @level="WARNING", @timestamp=1616621249038, @message="https://brysonfarms.client-staging.deliverybizpro.com/admin/reports.php?report_type=on_hold 7 The key \"touch-action:\" is not recognized and ignored.">, #<Selenium::WebDriver::LogEntry:0x00007fe924daa2e0 @level="WARNING", @timestamp=1616621249038, @message="https://brysonfarms.client-staging.deliverybizpro.com/admin/reports.php?report_type=on_hold 7 The key \"-ms-touch-action:\" is not recognized and ignored.">]
On Hold Report - Export to Excel,1.3788089752197266,[]
Past Due Customers,1.4663982391357422,[#<Selenium::WebDriver::LogEntry:0x00007fe924e68bf0 @level="WARNING", @timestamp=1616621252919, @message="https://brysonfarms.client-staging.deliverybizpro.com/admin/reports.php?report_type=due 7 The key \"touch-action:\" is not recognized and ignored.">, #<Selenium::WebDriver::LogEntry:0x00007fe924e68b78 @level="WARNING", @timestamp=1616621252920, @message="https://brysonfarms.client-staging.deliverybizpro.com/admin/reports.php?report_type=due 7 The key \"-ms-touch-action:\" is not recognized and ignored.">]
Past Due Customers - Export to Excel,1.4737601280212402,[]
Customer Reporting,1.0509941577911377,[]
Recurring Order Report,1.5095319747924805,[#<Selenium::WebDriver::LogEntry:0x00007fe924f35880 @level="WARNING", @timestamp=1616621258946, @message="https://brysonfarms.client-staging.deliverybizpro.com/admin/reports.php?report_type=recurring_orders 7 The key \"touch-action:\" is not recognized and ignored.">, #<Selenium::WebDriver::LogEntry:0x00007fe924f35858 @level="WARNING", @timestamp=1616621258946, @message="https://brysonfarms.client-staging.deliverybizpro.com/admin/reports.php?report_type=recurring_orders 7 The key \"-ms-touch-action:\" is not recognized and ignored.">]
Recurring Order Report - Export to Excel,1.4924437999725342,[]
Retention Report,1.4907472133636475,[#<Selenium::WebDriver::LogEntry:0x00007fe924fd7a68 @level="WARNING", @timestamp=1616621262940, @message="https://brysonfarms.client-staging.deliverybizpro.com/admin/reports.php?report_type=customer_retention 7 The key \"touch-action:\" is not recognized and ignored.">, #<Selenium::WebDriver::LogEntry:0x00007fe924fd7a40 @level="WARNING", @timestamp=1616621262940, @message="https://brysonfarms.client-staging.deliverybizpro.com/admin/reports.php?report_type=customer_retention 7 The key \"-ms-touch-action:\" is not recognized and ignored.">]
Show Inactive Customers,1.46828293800354,[#<Selenium::WebDriver::LogEntry:0x00007fe8e381df48 @level="WARNING", @timestamp=1616621267456, @message="https://brysonfarms.client-staging.deliverybizpro.com/admin/reports.php?report_type=inactive_customers 7 The key \"touch-action:\" is not recognized and ignored.">, #<Selenium::WebDriver::LogEntry:0x00007fe8e381df20 @level="WARNING", @timestamp=1616621267456, @message="https://brysonfarms.client-staging.deliverybizpro.com/admin/reports.php?report_type=inactive_customers 7 The key \"-ms-touch-action:\" is not recognized and ignored.">]
Show Inactive Customers - Export to Excel,1.4935879707336426,[]
Total Customers Report,2.5531909465789795,[#<Selenium::WebDriver::LogEntry:0x00007fe924a638c0 @level="WARNING", @timestamp=1616621294540, @message="https://brysonfarms.client-staging.deliverybizpro.com/admin/reports.php?report_type=total_customers 7 The key \"touch-action:\" is not recognized and ignored.">, #<Selenium::WebDriver::LogEntry:0x00007fe924a63898 @level="WARNING", @timestamp=1616621294540, @message="https://brysonfarms.client-staging.deliverybizpro.com/admin/reports.php?report_type=total_customers 7 The key \"-ms-touch-action:\" is not recognized and ignored.">]
Total Customers Report - Export to Excel,1.0673561096191406,[]
Vacation Report,1.4565942287445068,[#<Selenium::WebDriver::LogEntry:0x00007fe924c83c68 @level="WARNING", @timestamp=1616621298095, @message="https://brysonfarms.client-staging.deliverybizpro.com/admin/reports.php?report_type=vacation 7 The key \"touch-action:\" is not recognized and ignored.">, #<Selenium::WebDriver::LogEntry:0x00007fe924c83ad8 @level="WARNING", @timestamp=1616621298095, @message="https://brysonfarms.client-staging.deliverybizpro.com/admin/reports.php?report_type=vacation 7 The key \"-ms-touch-action:\" is not recognized and ignored.">]
Vacation Report - Export to Excel,1.0773909091949463,[#<Selenium::WebDriver::LogEntry:0x00007fe924d592f0 @level="WARNING", @timestamp=1616621300303, @message="https://brysonfarms.client-staging.deliverybizpro.com/admin/reports.php?report_type=vacation - [DOM] Found 2 elements with non-unique id #action_value: (More info: https://goo.gl/9p2vKq) %o %o">]
Misc. Reporting,1.060361385345459,[]
Contact Us Report,1.5380699634552002,[#<Selenium::WebDriver::LogEntry:0x00007fe924dfb2f8 @level="WARNING", @timestamp=1616621325769, @message="https://brysonfarms.client-staging.deliverybizpro.com/admin/reports.php?report_type=contact_us 7 The key \"touch-action:\" is not recognized and ignored.">, #<Selenium::WebDriver::LogEntry:0x00007fe924dfb280 @level="WARNING", @timestamp=1616621325769, @message="https://brysonfarms.client-staging.deliverybizpro.com/admin/reports.php?report_type=contact_us 7 The key \"-ms-touch-action:\" is not recognized and ignored.">]
Contact Us Report - Export to Excel,1.071810007095337,[]
Coupon Usage,1.529008150100708,[#<Selenium::WebDriver::LogEntry:0x00007fe9018933d8 @level="WARNING", @timestamp=1616621329423, @message="https://brysonfarms.client-staging.deliverybizpro.com/admin/reports.php?report_type=coupons 7 The key \"touch-action:\" is not recognized and ignored.">, #<Selenium::WebDriver::LogEntry:0x00007fe9018933b0 @level="WARNING", @timestamp=1616621329423, @message="https://brysonfarms.client-staging.deliverybizpro.com/admin/reports.php?report_type=coupons 7 The key \"-ms-touch-action:\" is not recognized and ignored.">]
Coupon Usage - Export to Excel,1.0677859783172607,[#<Selenium::WebDriver::LogEntry:0x00007fe924f13b90 @level="WARNING", @timestamp=1616621331650, @message="https://brysonfarms.client-staging.deliverybizpro.com/admin/reports.php?report_type=coupons - [DOM] Found 2 elements with non-unique id #action_value: (More info: https://goo.gl/9p2vKq) %o %o">]
Missing Orders,1.612536907196045,[#<Selenium::WebDriver::LogEntry:0x00007fe9210a7078 @level="WARNING", @timestamp=1616621355036, @message="https://brysonfarms.client-staging.deliverybizpro.com/admin/reports.php?report_type=missing_orders 7 The key \"touch-action:\" is not recognized and ignored.">, #<Selenium::WebDriver::LogEntry:0x00007fe9210a7050 @level="WARNING", @timestamp=1616621355036, @message="https://brysonfarms.client-staging.deliverybizpro.com/admin/reports.php?report_type=missing_orders 7 The key \"-ms-touch-action:\" is not recognized and ignored.">, #<Selenium::WebDriver::LogEntry:0x00007fe9210a7028 @level="SEVERE", @timestamp=1616621355165, @message="https://brysonfarms.client-staging.deliverybizpro.com/admin/skin1/admin/admin-modal.css - Failed to load resource: the server responded with a status of 404 ()">, #<Selenium::WebDriver::LogEntry:0x00007fe9210a7000 @level="SEVERE", @timestamp=1616621355230, @message="https://brysonfarms.client-staging.deliverybizpro.com/admin/skin1/admin/admin-modal.css - Failed to load resource: the server responded with a status of 404 ()">]
Coupons,1.5362930297851562,[#<Selenium::WebDriver::LogEntry:0x00007fe924f9eda8 @level="WARNING", @timestamp=1616621363737, @message="https://brysonfarms.client-staging.deliverybizpro.com/admin/discount_coupons.php 7 The key \"touch-action:\" is not recognized and ignored.">, #<Selenium::WebDriver::LogEntry:0x00007fe924f9ed80 @level="WARNING", @timestamp=1616621363737, @message="https://brysonfarms.client-staging.deliverybizpro.com/admin/discount_coupons.php 7 The key \"-ms-touch-action:\" is not recognized and ignored.">]
Coupon Events,1.458874225616455,[#<Selenium::WebDriver::LogEntry:0x00007fe924fe4e48 @level="WARNING", @timestamp=1616621368235, @message="https://brysonfarms.client-staging.deliverybizpro.com/admin/coupon_events.php 7 The key \"touch-action:\" is not recognized and ignored.">, #<Selenium::WebDriver::LogEntry:0x00007fe924fe4e20 @level="WARNING", @timestamp=1616621368235, @message="https://brysonfarms.client-staging.deliverybizpro.com/admin/coupon_events.php 7 The key \"-ms-touch-action:\" is not recognized and ignored.">]
Countdown Products,1.5610029697418213,[#<Selenium::WebDriver::LogEntry:0x00007fe8e3837c68 @level="WARNING", @timestamp=1616621372791, @message="https://brysonfarms.client-staging.deliverybizpro.com/admin/reports.php?report_type=countdown_mgmt 7 The key \"touch-action:\" is not recognized and ignored.">, #<Selenium::WebDriver::LogEntry:0x00007fe8e3837c40 @level="WARNING", @timestamp=1616621372792, @message="https://brysonfarms.client-staging.deliverybizpro.com/admin/reports.php?report_type=countdown_mgmt 7 The key \"-ms-touch-action:\" is not recognized and ignored.">]
Countdown Products - Export to Excel,1.101916790008545,[]
Global Discounts,1.4851438999176025,[#<Selenium::WebDriver::LogEntry:0x00007fe924a98160 @level="WARNING", @timestamp=1616621376411, @message="https://brysonfarms.client-staging.deliverybizpro.com/provider/discounts.php 7 The key \"touch-action:\" is not recognized and ignored.">, #<Selenium::WebDriver::LogEntry:0x00007fe924a98098 @level="WARNING", @timestamp=1616621376411, @message="https://brysonfarms.client-staging.deliverybizpro.com/provider/discounts.php 7 The key \"-ms-touch-action:\" is not recognized and ignored.">]
Featured Products,1.9247498512268066,[#<Selenium::WebDriver::LogEntry:0x00007fe924b69788 @level="WARNING", @timestamp=1616621380941, @message="https://brysonfarms.client-staging.deliverybizpro.com/admin/products?search_criteria=featured_product 7 The key \"touch-action:\" is not recognized and ignored.">, #<Selenium::WebDriver::LogEntry:0x00007fe924b69760 @level="WARNING", @timestamp=1616621380941, @message="https://brysonfarms.client-staging.deliverybizpro.com/admin/products?search_criteria=featured_product 7 The key \"-ms-touch-action:\" is not recognized and ignored.">, #<Selenium::WebDriver::LogEntry:0x00007fe924b69738 @level="WARNING", @timestamp=1616621381463, @message="https://brysonfarms.client-staging.deliverybizpro.com/admin/products?search_criteria=featured_product - [DOM] Found 2 elements with non-unique id #collapse-quantity: (More info: https://goo.gl/9p2vKq) %o %o">]
Sale Items,1.5022988319396973,[#<Selenium::WebDriver::LogEntry:0x00007fe924c38858 @level="WARNING", @timestamp=1616621385889, @message="https://brysonfarms.client-staging.deliverybizpro.com/admin/products?search_criteria=sale_item 7 The key \"touch-action:\" is not recognized and ignored.">, #<Selenium::WebDriver::LogEntry:0x00007fe924c38790 @level="WARNING", @timestamp=1616621385889, @message="https://brysonfarms.client-staging.deliverybizpro.com/admin/products?search_criteria=sale_item 7 The key \"-ms-touch-action:\" is not recognized and ignored.">, #<Selenium::WebDriver::LogEntry:0x00007fe924c386c8 @level="WARNING", @timestamp=1616621386022, @message="https://brysonfarms.client-staging.deliverybizpro.com/admin/products?search_criteria=sale_item - [DOM] Found 2 elements with non-unique id #collapse-quantity: (More info: https://goo.gl/9p2vKq) %o %o">]
Manage Cross-Selling,1.4292211532592773,[#<Selenium::WebDriver::LogEntry:0x00007fe924d10348 @level="WARNING", @timestamp=1616621390415, @message="https://brysonfarms.client-staging.deliverybizpro.com/admin/reports.php?report_type=upselling 7 The key \"touch-action:\" is not recognized and ignored.">, #<Selenium::WebDriver::LogEntry:0x00007fe924d10320 @level="WARNING", @timestamp=1616621390415, @message="https://brysonfarms.client-staging.deliverybizpro.com/admin/reports.php?report_type=upselling 7 The key \"-ms-touch-action:\" is not recognized and ignored.">]
Manage Cross-Selling - Export to Excel,1.0872828960418701,[]
First Time Order Specials,1.476435899734497,[#<Selenium::WebDriver::LogEntry:0x00007fe924df0b50 @level="WARNING", @timestamp=1616621393972, @message="https://brysonfarms.client-staging.deliverybizpro.com/admin/products?search_criteria=first_time_order 7 The key \"touch-action:\" is not recognized and ignored.">, #<Selenium::WebDriver::LogEntry:0x00007fe924df0b28 @level="WARNING", @timestamp=1616621393972, @message="https://brysonfarms.client-staging.deliverybizpro.com/admin/products?search_criteria=first_time_order 7 The key \"-ms-touch-action:\" is not recognized and ignored.">, #<Selenium::WebDriver::LogEntry:0x00007fe924df0b00 @level="WARNING", @timestamp=1616621394093, @message="https://brysonfarms.client-staging.deliverybizpro.com/admin/products?search_criteria=first_time_order - [DOM] Found 2 elements with non-unique id #collapse-quantity: (More info: https://goo.gl/9p2vKq) %o %o">]
Search Orders,1.6492118835449219,[#<Selenium::WebDriver::LogEntry:0x00007fe924e4b438 @level="WARNING", @timestamp=1616621398523, @message="https://brysonfarms.client-staging.deliverybizpro.com/admin/orders.php 7 The key \"touch-action:\" is not recognized and ignored.">, #<Selenium::WebDriver::LogEntry:0x00007fe924e4b3c0 @level="WARNING", @timestamp=1616621398523, @message="https://brysonfarms.client-staging.deliverybizpro.com/admin/orders.php 7 The key \"-ms-touch-action:\" is not recognized and ignored.">]
This Week's Orders,1.9042201042175293,[#<Selenium::WebDriver::LogEntry:0x00007fe924eaa2d0 @level="WARNING", @timestamp=1616621407420, @message="https://brysonfarms.client-staging.deliverybizpro.com/admin/orders.php?mode=search 7 The key \"touch-action:\" is not recognized and ignored.">, #<Selenium::WebDriver::LogEntry:0x00007fe924eaa2a8 @level="WARNING", @timestamp=1616621407420, @message="https://brysonfarms.client-staging.deliverybizpro.com/admin/orders.php?mode=search 7 The key \"-ms-touch-action:\" is not recognized and ignored.">]
Next Week's Orders,1.8932769298553467,[#<Selenium::WebDriver::LogEntry:0x00007fe924ec08f0 @level="WARNING", @timestamp=1616621412366, @message="https://brysonfarms.client-staging.deliverybizpro.com/admin/orders.php?mode=search 7 The key \"touch-action:\" is not recognized and ignored.">, #<Selenium::WebDriver::LogEntry:0x00007fe924ec08c8 @level="WARNING", @timestamp=1616621412366, @message="https://brysonfarms.client-staging.deliverybizpro.com/admin/orders.php?mode=search 7 The key \"-ms-touch-action:\" is not recognized and ignored.">]
Create Purchase Order,1.7073278427124023,[#<Selenium::WebDriver::LogEntry:0x00007fe924f22758 @level="WARNING", @timestamp=1616621417123, @message="https://brysonfarms.client-staging.deliverybizpro.com/admin/router.php#/adv-purchase-order/create 7 The key \"touch-action:\" is not recognized and ignored.">, #<Selenium::WebDriver::LogEntry:0x00007fe924f22730 @level="WARNING", @timestamp=1616621417123, @message="https://brysonfarms.client-staging.deliverybizpro.com/admin/router.php#/adv-purchase-order/create 7 The key \"-ms-touch-action:\" is not recognized and ignored.">]
View Purchase Orders,1.0742509365081787,[]
Autoresponders,3.9103448390960693,[#<Selenium::WebDriver::LogEntry:0x00007fe924fafc48 @level="WARNING", @timestamp=1616621427059, @message="https://brysonfarms.client-staging.deliverybizpro.com/admin/news.php?mode=messages&targetlist=2 7 The key \"touch-action:\" is not recognized and ignored.">, #<Selenium::WebDriver::LogEntry:0x00007fe924fafc20 @level="WARNING", @timestamp=1616621427059, @message="https://brysonfarms.client-staging.deliverybizpro.com/admin/news.php?mode=messages&targetlist=2 7 The key \"-ms-touch-action:\" is not recognized and ignored.">]
General News List,2.4561331272125244,[#<Selenium::WebDriver::LogEntry:0x00007fe924ff5838 @level="WARNING", @timestamp=1616621432909, @message="https://brysonfarms.client-staging.deliverybizpro.com/admin/router.php#/newsletters-list/3 7 The key \"touch-action:\" is not recognized and ignored.">, #<Selenium::WebDriver::LogEntry:0x00007fe924ff5810 @level="WARNING", @timestamp=1616621432910, @message="https://brysonfarms.client-staging.deliverybizpro.com/admin/router.php#/newsletters-list/3 7 The key \"-ms-touch-action:\" is not recognized and ignored.">]
Unsubscribers,1.6603708267211914,[#<Selenium::WebDriver::LogEntry:0x00007fe8e3856438 @level="SEVERE", @timestamp=1616621446861, @message="https://brysonfarms.client-staging.deliverybizpro.com/admin/unsubscribers - Failed to load resource: the server responded with a status of 502 ()">]
Zip Codes,8.238030910491943,[#<Selenium::WebDriver::LogEntry:0x00007fe924b78558 @level="WARNING", @timestamp=1616621495390, @message="https://brysonfarms.client-staging.deliverybizpro.com/admin/router.php#/newsletters-list/3 7 The key \"touch-action:\" is not recognized and ignored.">, #<Selenium::WebDriver::LogEntry:0x00007fe924b78530 @level="WARNING", @timestamp=1616621495390, @message="https://brysonfarms.client-staging.deliverybizpro.com/admin/router.php#/newsletters-list/3 7 The key \"-ms-touch-action:\" is not recognized and ignored.">, #<Selenium::WebDriver::LogEntry:0x00007fe924b78508 @level="WARNING", @timestamp=1616621502306, @message="https://brysonfarms.client-staging.deliverybizpro.com/admin/zip_codes.php 7 The key \"touch-action:\" is not recognized and ignored.">, #<Selenium::WebDriver::LogEntry:0x00007fe924b784e0 @level="WARNING", @timestamp=1616621502306, @message="https://brysonfarms.client-staging.deliverybizpro.com/admin/zip_codes.php 7 The key \"-ms-touch-action:\" is not recognized and ignored.">, #<Selenium::WebDriver::LogEntry:0x00007fe924b784b8 @level="WARNING", @timestamp=1616621502555, @message="https://brysonfarms.client-staging.deliverybizpro.com/admin/zip_codes.php - [DOM] Found 2 elements with non-unique id #zip_delivery_type: (More info: https://goo.gl/9p2vKq) %o %o">]
Fees,1.0880467891693115,[]
Settings,1.0660178661346436,[]
Store Locations,1.727621078491211,[#<Selenium::WebDriver::LogEntry:0x00007fe924dbbdb0 @level="WARNING", @timestamp=1616621523303, @message="https://brysonfarms.client-staging.deliverybizpro.com/admin/stores.php 7 The key \"touch-action:\" is not recognized and ignored.">, #<Selenium::WebDriver::LogEntry:0x00007fe924dbbd88 @level="WARNING", @timestamp=1616621523303, @message="https://brysonfarms.client-staging.deliverybizpro.com/admin/stores.php 7 The key \"-ms-touch-action:\" is not recognized and ignored.">]
DBP Settings,1.7582380771636963,[#<Selenium::WebDriver::LogEntry:0x00007fe924e08458 @level="WARNING", @timestamp=1616621528040, @message="https://brysonfarms.client-staging.deliverybizpro.com/admin/dbp_settings.php 7 The key \"touch-action:\" is not recognized and ignored.">, #<Selenium::WebDriver::LogEntry:0x00007fe924e08430 @level="WARNING", @timestamp=1616621528040, @message="https://brysonfarms.client-staging.deliverybizpro.com/admin/dbp_settings.php 7 The key \"-ms-touch-action:\" is not recognized and ignored.">]
DBP Billing,2.2573320865631104,[#<Selenium::WebDriver::LogEntry:0x00007fe924e63588 @level="WARNING", @timestamp=1616621533449, @message="https://brysonfarms.client-staging.deliverybizpro.com/admin/dbp_billing.php 7 The key \"touch-action:\" is not recognized and ignored.">, #<Selenium::WebDriver::LogEntry:0x00007fe924e63560 @level="WARNING", @timestamp=1616621533449, @message="https://brysonfarms.client-staging.deliverybizpro.com/admin/dbp_billing.php 7 The key \"-ms-touch-action:\" is not recognized and ignored.">]
Countries,1.8976950645446777,[#<Selenium::WebDriver::LogEntry:0x00007fe901889b08 @level="WARNING", @timestamp=1616621538453, @message="https://brysonfarms.client-staging.deliverybizpro.com/admin/countries.php 7 The key \"touch-action:\" is not recognized and ignored.">, #<Selenium::WebDriver::LogEntry:0x00007fe901889a90 @level="WARNING", @timestamp=1616621538453, @message="https://brysonfarms.client-staging.deliverybizpro.com/admin/countries.php 7 The key \"-ms-touch-action:\" is not recognized and ignored.">]
States,1.483269214630127,[#<Selenium::WebDriver::LogEntry:0x00007fe924ed3b80 @level="WARNING", @timestamp=1616621542964, @message="https://brysonfarms.client-staging.deliverybizpro.com/admin/states.php 7 The key \"touch-action:\" is not recognized and ignored.">, #<Selenium::WebDriver::LogEntry:0x00007fe924ed3b30 @level="WARNING", @timestamp=1616621542964, @message="https://brysonfarms.client-staging.deliverybizpro.com/admin/states.php 7 The key \"-ms-touch-action:\" is not recognized and ignored.">]
Settings,1.0645010471343994,[]
Export/Import Cities,1.5956852436065674,[#<Selenium::WebDriver::LogEntry:0x00007fe924f6f8c8 @level="WARNING", @timestamp=1616621551680, @message="https://brysonfarms.client-staging.deliverybizpro.com/admin/cities_export_import.php 7 The key \"touch-action:\" is not recognized and ignored.">, #<Selenium::WebDriver::LogEntry:0x00007fe924f6f8a0 @level="WARNING", @timestamp=1616621551680, @message="https://brysonfarms.client-staging.deliverybizpro.com/admin/cities_export_import.php 7 The key \"-ms-touch-action:\" is not recognized and ignored.">]
Summary,1.9726450443267822,[#<Selenium::WebDriver::LogEntry:0x00007fe924fac098 @level="WARNING", @timestamp=1616621556663, @message="https://brysonfarms.client-staging.deliverybizpro.com/admin/general.php 7 The key \"touch-action:\" is not recognized and ignored.">, #<Selenium::WebDriver::LogEntry:0x00007fe924fac070 @level="WARNING", @timestamp=1616621556663, @message="https://brysonfarms.client-staging.deliverybizpro.com/admin/general.php 7 The key \"-ms-touch-action:\" is not recognized and ignored.">]
Credit card types,1.5282058715820312,[#<Selenium::WebDriver::LogEntry:0x00007fe8e380dd00 @level="WARNING", @timestamp=1616621561182, @message="https://brysonfarms.client-staging.deliverybizpro.com/admin/card_types.php 7 The key \"touch-action:\" is not recognized and ignored.">, #<Selenium::WebDriver::LogEntry:0x00007fe8e380dcd8 @level="WARNING", @timestamp=1616621561182, @message="https://brysonfarms.client-staging.deliverybizpro.com/admin/card_types.php 7 The key \"-ms-touch-action:\" is not recognized and ignored.">]
General Settings,1.8463621139526367,[#<Selenium::WebDriver::LogEntry:0x00007fe8e3847f78 @level="WARNING", @timestamp=1616621565726, @message="https://brysonfarms.client-staging.deliverybizpro.com/admin/configuration 7 The key \"touch-action:\" is not recognized and ignored.">, #<Selenium::WebDriver::LogEntry:0x00007fe8e3847f50 @level="WARNING", @timestamp=1616621565726, @message="https://brysonfarms.client-staging.deliverybizpro.com/admin/configuration 7 The key \"-ms-touch-action:\" is not recognized and ignored.">]
Languages,1.721459150314331,[#<Selenium::WebDriver::LogEntry:0x00007fe8e388c2e0 @level="WARNING", @timestamp=1616621570656, @message="https://brysonfarms.client-staging.deliverybizpro.com/admin/languages.php 7 The key \"touch-action:\" is not recognized and ignored.">, #<Selenium::WebDriver::LogEntry:0x00007fe8e388c2b8 @level="WARNING", @timestamp=1616621570656, @message="https://brysonfarms.client-staging.deliverybizpro.com/admin/languages.php 7 The key \"-ms-touch-action:\" is not recognized and ignored.">, #<Selenium::WebDriver::LogEntry:0x00007fe8e388c290 @level="SEVERE", @timestamp=1616621570869, @message="https://brysonfarms.client-staging.deliverybizpro.com/tinymce/tiny_mce.js - Failed to load resource: the server responded with a status of 404 ()">]
Modules,2.2943851947784424,[#<Selenium::WebDriver::LogEntry:0x00007fe924a89638 @level="WARNING", @timestamp=1616621575439, @message="https://brysonfarms.client-staging.deliverybizpro.com/admin/modules.php 7 The key \"touch-action:\" is not recognized and ignored.">, #<Selenium::WebDriver::LogEntry:0x00007fe924a890c0 @level="WARNING", @timestamp=1616621575439, @message="https://brysonfarms.client-staging.deliverybizpro.com/admin/modules.php 7 The key \"-ms-touch-action:\" is not recognized and ignored.">]
Payment Methods,1.79945707321167,[#<Selenium::WebDriver::LogEntry:0x00007fe924b6af48 @level="WARNING", @timestamp=1616621580680, @message="https://brysonfarms.client-staging.deliverybizpro.com/admin/payment_methods.php 7 The key \"touch-action:\" is not recognized and ignored.">, #<Selenium::WebDriver::LogEntry:0x00007fe924b6af20 @level="WARNING", @timestamp=1616621580680, @message="https://brysonfarms.client-staging.deliverybizpro.com/admin/payment_methods.php 7 The key \"-ms-touch-action:\" is not recognized and ignored.">]
Clear templates cache,1.9481749534606934,[#<Selenium::WebDriver::LogEntry:0x00007fe924c2b4c8 @level="WARNING", @timestamp=1616621585953, @message="https://brysonfarms.client-staging.deliverybizpro.com/admin/general.php 7 The key \"touch-action:\" is not recognized and ignored.">, #<Selenium::WebDriver::LogEntry:0x00007fe924c2b338 @level="WARNING", @timestamp=1616621585953, @message="https://brysonfarms.client-staging.deliverybizpro.com/admin/general.php 7 The key \"-ms-touch-action:\" is not recognized and ignored.">]
System Logs,1.0530951023101807,[]
DBP Overview,1.4524528980255127,[#<Selenium::WebDriver::LogEntry:0x00007fe924d60898 @level="WARNING", @timestamp=1616621594480, @message="https://brysonfarms.client-staging.deliverybizpro.com/admin/dbp_overview.php 7 The key \"touch-action:\" is not recognized and ignored.">, #<Selenium::WebDriver::LogEntry:0x00007fe924d60820 @level="WARNING", @timestamp=1616621594480, @message="https://brysonfarms.client-staging.deliverybizpro.com/admin/dbp_overview.php 7 The key \"-ms-touch-action:\" is not recognized and ignored.">]
Inventory,2.703464984893799,[#<Selenium::WebDriver::LogEntry:0x00007fe924dd07d8 @level="WARNING", @timestamp=1616621600173, @message="https://brysonfarms.client-staging.deliverybizpro.com/admin/log_inventory.php 7 The key \"touch-action:\" is not recognized and ignored.">, #<Selenium::WebDriver::LogEntry:0x00007fe924dd0760 @level="WARNING", @timestamp=1616621600173, @message="https://brysonfarms.client-staging.deliverybizpro.com/admin/log_inventory.php 7 The key \"-ms-touch-action:\" is not recognized and ignored.">]
Tasks,1.866163969039917,[#<Selenium::WebDriver::LogEntry:0x00007fe924e2a800 @level="WARNING", @timestamp=1616621604760, @message="https://brysonfarms.client-staging.deliverybizpro.com/admin/router.php?r=bt-console#/bt-console 7 The key \"touch-action:\" is not recognized and ignored.">, #<Selenium::WebDriver::LogEntry:0x00007fe924e2a7d8 @level="WARNING", @timestamp=1616621604760, @message="https://brysonfarms.client-staging.deliverybizpro.com/admin/router.php?r=bt-console#/bt-console 7 The key \"-ms-touch-action:\" is not recognized and ignored.">]
Periodic tasks,4.281445264816284,[#<Selenium::WebDriver::LogEntry:0x00007fe924e798d8 @level="WARNING", @timestamp=1616621612322, @message="https://brysonfarms.client-staging.deliverybizpro.com/admin/periodicTasks 7 The key \"touch-action:\" is not recognized and ignored.">, #<Selenium::WebDriver::LogEntry:0x00007fe924e798b0 @level="WARNING", @timestamp=1616621612322, @message="https://brysonfarms.client-staging.deliverybizpro.com/admin/periodicTasks 7 The key \"-ms-touch-action:\" is not recognized and ignored.">]
