Dashboard,1.8208627700805664,[#<Selenium::WebDriver::LogEntry:0x00007fb04e915f18 @level="WARNING", @timestamp=1616687170173, @message="https://brysonfarms.client-staging.deliverybizpro.com/admin/login 7 The key \"touch-action:\" is not recognized and ignored.">, #<Selenium::WebDriver::LogEntry:0x00007fb04e915ea0 @level="WARNING", @timestamp=1616687170173, @message="https://brysonfarms.client-staging.deliverybizpro.com/admin/login 7 The key \"-ms-touch-action:\" is not recognized and ignored.">, #<Selenium::WebDriver::LogEntry:0x00007fb04e915e00 @level="WARNING", @timestamp=1616687176699, @message="https://brysonfarms.client-staging.deliverybizpro.com/admin/home.php 7 The key \"touch-action:\" is not recognized and ignored.">, #<Selenium::WebDriver::LogEntry:0x00007fb04e915dd8 @level="WARNING", @timestamp=1616687176699, @message="https://brysonfarms.client-staging.deliverybizpro.com/admin/home.php 7 The key \"-ms-touch-action:\" is not recognized and ignored.">, #<Selenium::WebDriver::LogEntry:0x00007fb04e915d88 @level="WARNING", @timestamp=1616687178863, @message="https://brysonfarms.client-staging.deliverybizpro.com/admin/home.php 7 The key \"touch-action:\" is not recognized and ignored.">, #<Selenium::WebDriver::LogEntry:0x00007fb04e915d10 @level="WARNING", @timestamp=1616687178863, @message="https://brysonfarms.client-staging.deliverybizpro.com/admin/home.php 7 The key \"-ms-touch-action:\" is not recognized and ignored.">]
Customers,1.0602807998657227,[]
Search for Customers,2.102876901626587,[#<Selenium::WebDriver::LogEntry:0x00007fb04e9b1378 @level="WARNING", @timestamp=1616687200267, @message="https://brysonfarms.client-staging.deliverybizpro.com/admin/users.php?mode=search&usertype=C&refresh=1&sort=last_login&sort_direction=1 14 The key \"touch-action:\" is not recognized and ignored.">, #<Selenium::WebDriver::LogEntry:0x00007fb04e9b1328 @level="WARNING", @timestamp=1616687200267, @message="https://brysonfarms.client-staging.deliverybizpro.com/admin/users.php?mode=search&usertype=C&refresh=1&sort=last_login&sort_direction=1 14 The key \"-ms-touch-action:\" is not recognized and ignored.">, #<Selenium::WebDriver::LogEntry:0x00007fb04e9b1300 @level="WARNING", @timestamp=1616687200786, @message="https://brysonfarms.client-staging.deliverybizpro.com/admin/users.php?mode=search&usertype=C&refresh=1&sort=last_login&sort_direction=1 - [DOM] Found 2 elements with non-unique id #frm-users-search: (More info: https://goo.gl/9p2vKq) %o %o">, #<Selenium::WebDriver::LogEntry:0x00007fb04e9b12b0 @level="WARNING", @timestamp=1616687200786, @message="https://brysonfarms.client-staging.deliverybizpro.com/admin/users.php?mode=search&usertype=C&refresh=1&sort=last_login&sort_direction=1 - [DOM] Found 2 elements with non-unique id #posted_data[orders_count_type]: (More info: https://goo.gl/9p2vKq) %o %o">]
Create Customer Profile,1.9737188816070557,[#<Selenium::WebDriver::LogEntry:0x00007fb04ea02958 @level="WARNING", @timestamp=1616687205399, @message="https://brysonfarms.client-staging.deliverybizpro.com/admin/user_add.php?usertype=C 7 The key \"touch-action:\" is not recognized and ignored.">, #<Selenium::WebDriver::LogEntry:0x00007fb04ea02930 @level="WARNING", @timestamp=1616687205399, @message="https://brysonfarms.client-staging.deliverybizpro.com/admin/user_add.php?usertype=C 7 The key \"-ms-touch-action:\" is not recognized and ignored.">]
Import Customers,1.7661359310150146,[#<Selenium::WebDriver::LogEntry:0x00007fb04ea48a20 @level="WARNING", @timestamp=1616687210157, @message="https://brysonfarms.client-staging.deliverybizpro.com/admin/customers_import.php 7 The key \"touch-action:\" is not recognized and ignored.">, #<Selenium::WebDriver::LogEntry:0x00007fb04ea489f8 @level="WARNING", @timestamp=1616687210157, @message="https://brysonfarms.client-staging.deliverybizpro.com/admin/customers_import.php 7 The key \"-ms-touch-action:\" is not recognized and ignored.">]
Export Customers,1.8092150688171387,[#<Selenium::WebDriver::LogEntry:0x00007fb04ea80650 @level="WARNING", @timestamp=1616687214986, @message="https://brysonfarms.client-staging.deliverybizpro.com/admin/router.php?r=export-users#/export-users 7 The key \"touch-action:\" is not recognized and ignored.">, #<Selenium::WebDriver::LogEntry:0x00007fb04ea80628 @level="WARNING", @timestamp=1616687214986, @message="https://brysonfarms.client-staging.deliverybizpro.com/admin/router.php?r=export-users#/export-users 7 The key \"-ms-touch-action:\" is not recognized and ignored.">]
Export Customer Emails,1.3498148918151855,[#<Selenium::WebDriver::LogEntry:0x00007fb07dc6d268 @level="WARNING", @timestamp=1616687219768, @message="https://brysonfarms.client-staging.deliverybizpro.com/admin/export_users_emails.php 7 The key \"touch-action:\" is not recognized and ignored.">, #<Selenium::WebDriver::LogEntry:0x00007fb07dc6d010 @level="WARNING", @timestamp=1616687219768, @message="https://brysonfarms.client-staging.deliverybizpro.com/admin/export_users_emails.php 7 The key \"-ms-touch-action:\" is not recognized and ignored.">]
Edit/Create Membership Levels,1.5604989528656006,[#<Selenium::WebDriver::LogEntry:0x00007fb07ddbc1a0 @level="WARNING", @timestamp=1616687224257, @message="https://brysonfarms.client-staging.deliverybizpro.com/admin/memberships.php?usertype=C 7 The key \"touch-action:\" is not recognized and ignored.">, #<Selenium::WebDriver::LogEntry:0x00007fb07ddc7e88 @level="WARNING", @timestamp=1616687224257, @message="https://brysonfarms.client-staging.deliverybizpro.com/admin/memberships.php?usertype=C 7 The key \"-ms-touch-action:\" is not recognized and ignored.">]
Customer Notes,1.7411179542541504,[#<Selenium::WebDriver::LogEntry:0x00007fb07ded40d8 @level="WARNING", @timestamp=1616687228951, @message="https://brysonfarms.client-staging.deliverybizpro.com/admin/customer_notes.php 7 The key \"touch-action:\" is not recognized and ignored.">, #<Selenium::WebDriver::LogEntry:0x00007fb07ded40b0 @level="WARNING", @timestamp=1616687228952, @message="https://brysonfarms.client-staging.deliverybizpro.com/admin/customer_notes.php 7 The key \"-ms-touch-action:\" is not recognized and ignored.">]
Administrators,1.0698249340057373,[]
Search for Admins,1.416766881942749,[#<Selenium::WebDriver::LogEntry:0x00007fb07df9ec98 @level="WARNING", @timestamp=1616687237610, @message="https://brysonfarms.client-staging.deliverybizpro.com/admin/users.php?mode=search&usertype=P&refresh=1 7 The key \"touch-action:\" is not recognized and ignored.">, #<Selenium::WebDriver::LogEntry:0x00007fb07df9ec70 @level="WARNING", @timestamp=1616687237610, @message="https://brysonfarms.client-staging.deliverybizpro.com/admin/users.php?mode=search&usertype=P&refresh=1 7 The key \"-ms-touch-action:\" is not recognized and ignored.">, #<Selenium::WebDriver::LogEntry:0x00007fb07df9ec48 @level="WARNING", @timestamp=1616687237736, @message="https://brysonfarms.client-staging.deliverybizpro.com/admin/users.php?mode=search&usertype=P&refresh=1 - [DOM] Found 2 elements with non-unique id #frm-users-search: (More info: https://goo.gl/9p2vKq) %o %o">]
Create Admin Profile,1.4769201278686523,[#<Selenium::WebDriver::LogEntry:0x00007fb07dff7ed8 @level="WARNING", @timestamp=1616687242123, @message="https://brysonfarms.client-staging.deliverybizpro.com/admin/user_add.php?usertype=P 7 The key \"touch-action:\" is not recognized and ignored.">, #<Selenium::WebDriver::LogEntry:0x00007fb07dff7eb0 @level="WARNING", @timestamp=1616687242123, @message="https://brysonfarms.client-staging.deliverybizpro.com/admin/user_add.php?usertype=P 7 The key \"-ms-touch-action:\" is not recognized and ignored.">]
Access Control,1.5459520816802979,[#<Selenium::WebDriver::LogEntry:0x00007fb04e84f2c8 @level="WARNING", @timestamp=1616687246710, @message="https://brysonfarms.client-staging.deliverybizpro.com/admin/access_control.php 7 The key \"touch-action:\" is not recognized and ignored.">, #<Selenium::WebDriver::LogEntry:0x00007fb04e84f2a0 @level="WARNING", @timestamp=1616687246710, @message="https://brysonfarms.client-staging.deliverybizpro.com/admin/access_control.php 7 The key \"-ms-touch-action:\" is not recognized and ignored.">]
Edit/Create Membership Levels,1.3465590476989746,[#<Selenium::WebDriver::LogEntry:0x00007fb04e89d5b8 @level="WARNING", @timestamp=1616687251117, @message="https://brysonfarms.client-staging.deliverybizpro.com/admin/memberships.php?usertype=P 7 The key \"touch-action:\" is not recognized and ignored.">, #<Selenium::WebDriver::LogEntry:0x00007fb04e89d590 @level="WARNING", @timestamp=1616687251117, @message="https://brysonfarms.client-staging.deliverybizpro.com/admin/memberships.php?usertype=P 7 The key \"-ms-touch-action:\" is not recognized and ignored.">]
Drivers,1.0663707256317139,[]
Search for Drivers,1.434189796447754,[#<Selenium::WebDriver::LogEntry:0x00007fb04e979ef0 @level="WARNING", @timestamp=1616687279787, @message="https://brysonfarms.client-staging.deliverybizpro.com/admin/users.php?mode=search&usertype=D&refresh=1 14 The key \"touch-action:\" is not recognized and ignored.">, #<Selenium::WebDriver::LogEntry:0x00007fb04e979ec8 @level="WARNING", @timestamp=1616687279787, @message="https://brysonfarms.client-staging.deliverybizpro.com/admin/users.php?mode=search&usertype=D&refresh=1 14 The key \"-ms-touch-action:\" is not recognized and ignored.">, #<Selenium::WebDriver::LogEntry:0x00007fb04e979ea0 @level="WARNING", @timestamp=1616687279928, @message="https://brysonfarms.client-staging.deliverybizpro.com/admin/users.php?mode=search&usertype=D&refresh=1 - [DOM] Found 2 elements with non-unique id #frm-users-search: (More info: https://goo.gl/9p2vKq) %o %o">]
Create Driver Profile,1.4419491291046143,[#<Selenium::WebDriver::LogEntry:0x00007fb04e9b2e80 @level="WARNING", @timestamp=1616687284253, @message="https://brysonfarms.client-staging.deliverybizpro.com/admin/user_add.php?usertype=D 7 The key \"touch-action:\" is not recognized and ignored.">, #<Selenium::WebDriver::LogEntry:0x00007fb04e9b2e58 @level="WARNING", @timestamp=1616687284253, @message="https://brysonfarms.client-staging.deliverybizpro.com/admin/user_add.php?usertype=D 7 The key \"-ms-touch-action:\" is not recognized and ignored.">]
Edit/Create Membership Levels,1.4499757289886475,[#<Selenium::WebDriver::LogEntry:0x00007fb04e9f8660 @level="WARNING", @timestamp=1616687288805, @message="https://brysonfarms.client-staging.deliverybizpro.com/admin/memberships.php?usertype=D 7 The key \"touch-action:\" is not recognized and ignored.">, #<Selenium::WebDriver::LogEntry:0x00007fb04e9f8610 @level="WARNING", @timestamp=1616687288805, @message="https://brysonfarms.client-staging.deliverybizpro.com/admin/memberships.php?usertype=D 7 The key \"-ms-touch-action:\" is not recognized and ignored.">]
Suppliers,1.0550851821899414,[]
Search for Suppliers,1.4324488639831543,[#<Selenium::WebDriver::LogEntry:0x00007fb04ea82900 @level="WARNING", @timestamp=1616687297276, @message="https://brysonfarms.client-staging.deliverybizpro.com/admin/users.php?mode=search&usertype=U&refresh=1 14 The key \"touch-action:\" is not recognized and ignored.">, #<Selenium::WebDriver::LogEntry:0x00007fb04ea828d8 @level="WARNING", @timestamp=1616687297276, @message="https://brysonfarms.client-staging.deliverybizpro.com/admin/users.php?mode=search&usertype=U&refresh=1 14 The key \"-ms-touch-action:\" is not recognized and ignored.">, #<Selenium::WebDriver::LogEntry:0x00007fb04ea828b0 @level="WARNING", @timestamp=1616687297412, @message="https://brysonfarms.client-staging.deliverybizpro.com/admin/users.php?mode=search&usertype=U&refresh=1 - [DOM] Found 2 elements with non-unique id #frm-users-search: (More info: https://goo.gl/9p2vKq) %o %o">]
Create Supplier Profile,1.5193989276885986,[#<Selenium::WebDriver::LogEntry:0x00007fb07dc3e198 @level="WARNING", @timestamp=1616687301743, @message="https://brysonfarms.client-staging.deliverybizpro.com/admin/user_add.php?usertype=U 7 The key \"touch-action:\" is not recognized and ignored.">, #<Selenium::WebDriver::LogEntry:0x00007fb07dc3e170 @level="WARNING", @timestamp=1616687301743, @message="https://brysonfarms.client-staging.deliverybizpro.com/admin/user_add.php?usertype=U 7 The key \"-ms-touch-action:\" is not recognized and ignored.">]
Edit/Search Products,2.3350090980529785,[#<Selenium::WebDriver::LogEntry:0x00007fb07ddaee60 @level="WARNING", @timestamp=1616687306432, @message="https://brysonfarms.client-staging.deliverybizpro.com/admin/products 7 The key \"touch-action:\" is not recognized and ignored.">, #<Selenium::WebDriver::LogEntry:0x00007fb07ddaec80 @level="WARNING", @timestamp=1616687306432, @message="https://brysonfarms.client-staging.deliverybizpro.com/admin/products 7 The key \"-ms-touch-action:\" is not recognized and ignored.">, #<Selenium::WebDriver::LogEntry:0x00007fb07ddaec58 @level="WARNING", @timestamp=1616687307283, @message="https://brysonfarms.client-staging.deliverybizpro.com/admin/products - [DOM] Found 2 elements with non-unique id #collapse-quantity: (More info: https://goo.gl/9p2vKq) %o %o">]
Add New Product,2.1935157775878906,[#<Selenium::WebDriver::LogEntry:0x00007fb07ded69f0 @level="WARNING", @timestamp=1616687311690, @message="https://brysonfarms.client-staging.deliverybizpro.com/admin/products/create 7 The key \"touch-action:\" is not recognized and ignored.">, #<Selenium::WebDriver::LogEntry:0x00007fb07ded69c8 @level="WARNING", @timestamp=1616687311690, @message="https://brysonfarms.client-staging.deliverybizpro.com/admin/products/create 7 The key \"-ms-touch-action:\" is not recognized and ignored.">]
Import products,2.145103931427002,[#<Selenium::WebDriver::LogEntry:0x00007fb07df240b0 @level="WARNING", @timestamp=1616687316850, @message="https://brysonfarms.client-staging.deliverybizpro.com/admin/products/import 7 The key \"touch-action:\" is not recognized and ignored.">, #<Selenium::WebDriver::LogEntry:0x00007fb07df24038 @level="WARNING", @timestamp=1616687316850, @message="https://brysonfarms.client-staging.deliverybizpro.com/admin/products/import 7 The key \"-ms-touch-action:\" is not recognized and ignored.">, #<Selenium::WebDriver::LogEntry:0x00007fb07df24010 @level="WARNING", @timestamp=1616687317102, @message="https://brysonfarms.client-staging.deliverybizpro.com/admin/router.php?iframe=Y#/task-status 7 The key \"touch-action:\" is not recognized and ignored.">, #<Selenium::WebDriver::LogEntry:0x00007fb07df2ffa0 @level="WARNING", @timestamp=1616687317102, @message="https://brysonfarms.client-staging.deliverybizpro.com/admin/router.php?iframe=Y#/task-status 7 The key \"-ms-touch-action:\" is not recognized and ignored.">]
Export products,1.345494031906128,[#<Selenium::WebDriver::LogEntry:0x00007fb07df94ec8 @level="WARNING", @timestamp=1616687322007, @message="https://brysonfarms.client-staging.deliverybizpro.com/admin/products/export 7 The key \"touch-action:\" is not recognized and ignored.">, #<Selenium::WebDriver::LogEntry:0x00007fb07df94e50 @level="WARNING", @timestamp=1616687322007, @message="https://brysonfarms.client-staging.deliverybizpro.com/admin/products/export 7 The key \"-ms-touch-action:\" is not recognized and ignored.">]
Product Categories,1.4397921562194824,[#<Selenium::WebDriver::LogEntry:0x00007fb07dfee040 @level="WARNING", @timestamp=1616687326375, @message="https://brysonfarms.client-staging.deliverybizpro.com/admin/categories.php 7 The key \"touch-action:\" is not recognized and ignored.">, #<Selenium::WebDriver::LogEntry:0x00007fb07dfee018 @level="WARNING", @timestamp=1616687326376, @message="https://brysonfarms.client-staging.deliverybizpro.com/admin/categories.php 7 The key \"-ms-touch-action:\" is not recognized and ignored.">]
Extra fields,1.3851590156555176,[#<Selenium::WebDriver::LogEntry:0x00007fb04e845340 @level="WARNING", @timestamp=1616687330847, @message="https://brysonfarms.client-staging.deliverybizpro.com/admin/extra-fields 7 The key \"touch-action:\" is not recognized and ignored.">, #<Selenium::WebDriver::LogEntry:0x00007fb04e8452c8 @level="WARNING", @timestamp=1616687330847, @message="https://brysonfarms.client-staging.deliverybizpro.com/admin/extra-fields 7 The key \"-ms-touch-action:\" is not recognized and ignored.">]
Product Dislikes,1.6386830806732178,[#<Selenium::WebDriver::LogEntry:0x00007fb04e89f7f0 @level="WARNING", @timestamp=1616687335253, @message="https://brysonfarms.client-staging.deliverybizpro.com/admin/products-dislikes 7 The key \"touch-action:\" is not recognized and ignored.">, #<Selenium::WebDriver::LogEntry:0x00007fb04e89f7c8 @level="WARNING", @timestamp=1616687335253, @message="https://brysonfarms.client-staging.deliverybizpro.com/admin/products-dislikes 7 The key \"-ms-touch-action:\" is not recognized and ignored.">]
Warehouse Locations,64.92716789245605,[]
Change/Assign Routes,1.437408208847046,[#<Selenium::WebDriver::LogEntry:0x00007fb04e8bcb70 @level="WARNING", @timestamp=1616687411938, @message="https://brysonfarms.client-staging.deliverybizpro.com/admin/assign_route_users.php 7 The key \"touch-action:\" is not recognized and ignored.">, #<Selenium::WebDriver::LogEntry:0x00007fb04e8bcb20 @level="WARNING", @timestamp=1616687411938, @message="https://brysonfarms.client-staging.deliverybizpro.com/admin/assign_route_users.php 7 The key \"-ms-touch-action:\" is not recognized and ignored.">, #<Selenium::WebDriver::LogEntry:0x00007fb04e8bcaf8 @level="WARNING", @timestamp=1616687412068, @message="https://brysonfarms.client-staging.deliverybizpro.com/admin/assign_route_users.php - [DOM] Found 2 elements with non-unique id #show_not_validated: (More info: https://goo.gl/9p2vKq) %o %o">]
Create/Edit Routes,1.912764072418213,[#<Selenium::WebDriver::LogEntry:0x00007fb04e91f270 @level="WARNING", @timestamp=1616687416491, @message="https://brysonfarms.client-staging.deliverybizpro.com/admin/routes.php 7 The key \"touch-action:\" is not recognized and ignored.">, #<Selenium::WebDriver::LogEntry:0x00007fb04e91f248 @level="WARNING", @timestamp=1616687416492, @message="https://brysonfarms.client-staging.deliverybizpro.com/admin/routes.php 7 The key \"-ms-touch-action:\" is not recognized and ignored.">, #<Selenium::WebDriver::LogEntry:0x00007fb04e91f220 @level="WARNING", @timestamp=1616687416830, @message="https://brysonfarms.client-staging.deliverybizpro.com/admin/routes.php - [DOM] Found 2 elements with non-unique id #dbp-edit-coordinates-routeid: (More info: https://goo.gl/9p2vKq) %o %o">, #<Selenium::WebDriver::LogEntry:0x00007fb04e91f1f8 @level="WARNING", @timestamp=1616687416831, @message="https://brysonfarms.client-staging.deliverybizpro.com/admin/routes.php - [DOM] Found 16 elements with non-unique id #dbp-field-customer-route-name: (More info: https://goo.gl/9p2vKq) %o %o %o %o %o %o %o %o %o %o %o %o %o %o %o %o">, #<Selenium::WebDriver::LogEntry:0x00007fb04e91f1d0 @level="WARNING", @timestamp=1616687416831, @message="https://brysonfarms.client-staging.deliverybizpro.com/admin/routes.php - [DOM] Found 16 elements with non-unique id #dbp-field-delivery-time: (More info: https://goo.gl/9p2vKq) %o %o %o %o %o %o %o %o %o %o %o %o %o %o %o %o">]
GPS Import/Export,1.3787600994110107,[#<Selenium::WebDriver::LogEntry:0x00007fb04e950de8 @level="WARNING", @timestamp=1616687421322, @message="https://brysonfarms.client-staging.deliverybizpro.com/admin/gpx.php 7 The key \"touch-action:\" is not recognized and ignored.">, #<Selenium::WebDriver::LogEntry:0x00007fb04e950dc0 @level="WARNING", @timestamp=1616687421322, @message="https://brysonfarms.client-staging.deliverybizpro.com/admin/gpx.php 7 The key \"-ms-touch-action:\" is not recognized and ignored.">]
Organize Route Stops,1.6328659057617188,[#<Selenium::WebDriver::LogEntry:0x00007fb04ea73b08 @level="WARNING", @timestamp=1616687425748, @message="https://brysonfarms.client-staging.deliverybizpro.com/admin/router.php?r=organize_route_stops#/organize_route_stops 7 The key \"touch-action:\" is not recognized and ignored.">, #<Selenium::WebDriver::LogEntry:0x00007fb04ea73ae0 @level="WARNING", @timestamp=1616687425748, @message="https://brysonfarms.client-staging.deliverybizpro.com/admin/router.php?r=organize_route_stops#/organize_route_stops 7 The key \"-ms-touch-action:\" is not recognized and ignored.">]
Pickup Locations,1.753913164138794,[#<Selenium::WebDriver::LogEntry:0x00007fb07dbc7048 @level="WARNING", @timestamp=1616687430412, @message="https://brysonfarms.client-staging.deliverybizpro.com/admin/pickup_locations.php 7 The key \"touch-action:\" is not recognized and ignored.">, #<Selenium::WebDriver::LogEntry:0x00007fb07dbc7020 @level="WARNING", @timestamp=1616687430412, @message="https://brysonfarms.client-staging.deliverybizpro.com/admin/pickup_locations.php 7 The key \"-ms-touch-action:\" is not recognized and ignored.">, #<Selenium::WebDriver::LogEntry:0x00007fb07dbc6fa8 @level="WARNING", @timestamp=1616687430833, @message="https://brysonfarms.client-staging.deliverybizpro.com/admin/pickup_locations.php - [DOM] Found 5 elements with non-unique id #assign_route_button: (More info: https://goo.gl/9p2vKq) %o %o %o %o %o">, #<Selenium::WebDriver::LogEntry:0x00007fb07dbc6cb0 @level="WARNING", @timestamp=1616687430833, @message="https://brysonfarms.client-staging.deliverybizpro.com/admin/pickup_locations.php - [DOM] Found 5 elements with non-unique id #backup_contact: (More info: https://goo.gl/9p2vKq) %o %o %o %o %o">, #<Selenium::WebDriver::LogEntry:0x00007fb07dbc6c60 @level="WARNING", @timestamp=1616687430833, @message="https://brysonfarms.client-staging.deliverybizpro.com/admin/pickup_locations.php - [DOM] Found 5 elements with non-unique id #host_name: (More info: https://goo.gl/9p2vKq) %o %o %o %o %o">, #<Selenium::WebDriver::LogEntry:0x00007fb07dbc6850 @level="WARNING", @timestamp=1616687430834, @message="https://brysonfarms.client-staging.deliverybizpro.com/admin/pickup_locations.php - [DOM] Found 5 elements with non-unique id #location_access_key: (More info: https://goo.gl/9p2vKq) %o %o %o %o %o">, #<Selenium::WebDriver::LogEntry:0x00007fb07dbc65a8 @level="WARNING", @timestamp=1616687430834, @message="https://brysonfarms.client-staging.deliverybizpro.com/admin/pickup_locations.php - [DOM] Found 5 elements with non-unique id #location_email: (More info: https://goo.gl/9p2vKq) %o %o %o %o %o">, #<Selenium::WebDriver::LogEntry:0x00007fb07dbc6508 @level="WARNING", @timestamp=1616687430834, @message="https://brysonfarms.client-staging.deliverybizpro.com/admin/pickup_locations.php - [DOM] Found 5 elements with non-unique id #location_info: (More info: https://goo.gl/9p2vKq) %o %o %o %o %o">, #<Selenium::WebDriver::LogEntry:0x00007fb07dbc6238 @level="WARNING", @timestamp=1616687430834, @message="https://brysonfarms.client-staging.deliverybizpro.com/admin/pickup_locations.php - [DOM] Found 5 elements with non-unique id #location_message: (More info: https://goo.gl/9p2vKq) %o %o %o %o %o">, #<Selenium::WebDriver::LogEntry:0x00007fb07dbc5978 @level="WARNING", @timestamp=1616687430834, @message="https://brysonfarms.client-staging.deliverybizpro.com/admin/pickup_locations.php - [DOM] Found 6 elements with non-unique id #move_route_button: (More info: https://goo.gl/9p2vKq) %o %o %o %o %o %o">, #<Selenium::WebDriver::LogEntry:0x00007fb07dbc57e8 @level="WARNING", @timestamp=1616687430834, @message="https://brysonfarms.client-staging.deliverybizpro.com/admin/pickup_locations.php - [DOM] Found 5 elements with non-unique id #phone: (More info: https://goo.gl/9p2vKq) %o %o %o %o %o">]
Organize Pickup Locations,1.6063671112060547,[#<Selenium::WebDriver::LogEntry:0x00007fb08a06d078 @level="WARNING", @timestamp=1616687435386, @message="https://brysonfarms.client-staging.deliverybizpro.com/admin/route_pickup_locations.php 7 The key \"touch-action:\" is not recognized and ignored.">, #<Selenium::WebDriver::LogEntry:0x00007fb08a06cd80 @level="WARNING", @timestamp=1616687435386, @message="https://brysonfarms.client-staging.deliverybizpro.com/admin/route_pickup_locations.php 7 The key \"-ms-touch-action:\" is not recognized and ignored.">]
Manage KML File,1.5171027183532715,[#<Selenium::WebDriver::LogEntry:0x00007fb07dec5470 @level="WARNING", @timestamp=1616687439778, @message="https://brysonfarms.client-staging.deliverybizpro.com/admin/router.php?r=kml#/kml 7 The key \"touch-action:\" is not recognized and ignored.">, #<Selenium::WebDriver::LogEntry:0x00007fb07dec5448 @level="WARNING", @timestamp=1616687439778, @message="https://brysonfarms.client-staging.deliverybizpro.com/admin/router.php?r=kml#/kml 7 The key \"-ms-touch-action:\" is not recognized and ignored.">]
Display Route/KML Issues,1.344243049621582,[#<Selenium::WebDriver::LogEntry:0x00007fb07df1eb10 @level="WARNING", @timestamp=1616687444346, @message="https://brysonfarms.client-staging.deliverybizpro.com/admin/route_kml_issues.php 7 The key \"touch-action:\" is not recognized and ignored.">, #<Selenium::WebDriver::LogEntry:0x00007fb07df1eae8 @level="WARNING", @timestamp=1616687444346, @message="https://brysonfarms.client-staging.deliverybizpro.com/admin/route_kml_issues.php 7 The key \"-ms-touch-action:\" is not recognized and ignored.">]
Organize Load Sheet,1.4648780822753906,[#<Selenium::WebDriver::LogEntry:0x00007fb07df95580 @level="WARNING", @timestamp=1616687448737, @message="https://brysonfarms.client-staging.deliverybizpro.com/admin/order_routes_products.php 7 The key \"touch-action:\" is not recognized and ignored.">, #<Selenium::WebDriver::LogEntry:0x00007fb07df954b8 @level="WARNING", @timestamp=1616687448737, @message="https://brysonfarms.client-staging.deliverybizpro.com/admin/order_routes_products.php 7 The key \"-ms-touch-action:\" is not recognized and ignored.">]
Print Route Sheets,1.622685194015503,[#<Selenium::WebDriver::LogEntry:0x00007fb04e837178 @level="WARNING", @timestamp=1616687454316, @message="https://brysonfarms.client-staging.deliverybizpro.com/admin/driving_dir.php 7 The key \"touch-action:\" is not recognized and ignored.">, #<Selenium::WebDriver::LogEntry:0x00007fb04e837100 @level="WARNING", @timestamp=1616687454316, @message="https://brysonfarms.client-staging.deliverybizpro.com/admin/driving_dir.php 7 The key \"-ms-touch-action:\" is not recognized and ignored.">, #<Selenium::WebDriver::LogEntry:0x00007fb04e8370d8 @level="WARNING", @timestamp=1616687454552, @message="https://brysonfarms.client-staging.deliverybizpro.com/admin/driving_dir.php - [DOM] Found 2 elements with non-unique id #custom-range-input-multiple: (More info: https://goo.gl/9p2vKq) %o %o">, #<Selenium::WebDriver::LogEntry:0x00007fb04e837060 @level="WARNING", @timestamp=1616687454552, @message="https://brysonfarms.client-staging.deliverybizpro.com/admin/driving_dir.php - [DOM] Found 2 elements with non-unique id #mult-route-id: (More info: https://goo.gl/9p2vKq) %o %o">]
Print Route Sheets - Export to Excel,1.486278772354126,[#<Selenium::WebDriver::LogEntry:0x00007fb04e8be8d0 @level="WARNING", @timestamp=1616687455919, @message="https://brysonfarms.client-staging.deliverybizpro.com/admin/driving_dir.php 7 The key \"touch-action:\" is not recognized and ignored.">, #<Selenium::WebDriver::LogEntry:0x00007fb04e8be8a8 @level="WARNING", @timestamp=1616687455919, @message="https://brysonfarms.client-staging.deliverybizpro.com/admin/driving_dir.php 7 The key \"-ms-touch-action:\" is not recognized and ignored.">, #<Selenium::WebDriver::LogEntry:0x00007fb04e8be880 @level="WARNING", @timestamp=1616687456102, @message="https://brysonfarms.client-staging.deliverybizpro.com/admin/driving_dir.php - [DOM] Found 2 elements with non-unique id #custom-range-input-multiple: (More info: https://goo.gl/9p2vKq) %o %o">, #<Selenium::WebDriver::LogEntry:0x00007fb04e8be808 @level="WARNING", @timestamp=1616687456102, @message="https://brysonfarms.client-staging.deliverybizpro.com/admin/driving_dir.php - [DOM] Found 2 elements with non-unique id #mult-route-id: (More info: https://goo.gl/9p2vKq) %o %o">]
Print Bag Labels,1.5161359310150146,[#<Selenium::WebDriver::LogEntry:0x00007fb04e8f4368 @level="WARNING", @timestamp=1616687458418, @message="https://brysonfarms.client-staging.deliverybizpro.com/admin/driving_dir.php?bag_label=1 7 The key \"touch-action:\" is not recognized and ignored.">, #<Selenium::WebDriver::LogEntry:0x00007fb04e8f4340 @level="WARNING", @timestamp=1616687458418, @message="https://brysonfarms.client-staging.deliverybizpro.com/admin/driving_dir.php?bag_label=1 7 The key \"-ms-touch-action:\" is not recognized and ignored.">, #<Selenium::WebDriver::LogEntry:0x00007fb04e8f42c8 @level="WARNING", @timestamp=1616687458590, @message="https://brysonfarms.client-staging.deliverybizpro.com/admin/driving_dir.php?bag_label=1 - [DOM] Found 2 elements with non-unique id #custom-range-input-multiple: (More info: https://goo.gl/9p2vKq) %o %o">, #<Selenium::WebDriver::LogEntry:0x00007fb04e8f42a0 @level="WARNING", @timestamp=1616687458590, @message="https://brysonfarms.client-staging.deliverybizpro.com/admin/driving_dir.php?bag_label=1 - [DOM] Found 2 elements with non-unique id #mult-route-id: (More info: https://goo.gl/9p2vKq) %o %o">]
Print Bag Labels - Export to Excel,1.480362892150879,[#<Selenium::WebDriver::LogEntry:0x00007fb04e9689e8 @level="WARNING", @timestamp=1616687459932, @message="https://brysonfarms.client-staging.deliverybizpro.com/admin/driving_dir.php?bag_label=1 7 The key \"touch-action:\" is not recognized and ignored.">, #<Selenium::WebDriver::LogEntry:0x00007fb04e9689c0 @level="WARNING", @timestamp=1616687459932, @message="https://brysonfarms.client-staging.deliverybizpro.com/admin/driving_dir.php?bag_label=1 7 The key \"-ms-touch-action:\" is not recognized and ignored.">, #<Selenium::WebDriver::LogEntry:0x00007fb04e968998 @level="WARNING", @timestamp=1616687460099, @message="https://brysonfarms.client-staging.deliverybizpro.com/admin/driving_dir.php?bag_label=1 - [DOM] Found 2 elements with non-unique id #custom-range-input-multiple: (More info: https://goo.gl/9p2vKq) %o %o">, #<Selenium::WebDriver::LogEntry:0x00007fb04e968970 @level="WARNING", @timestamp=1616687460099, @message="https://brysonfarms.client-staging.deliverybizpro.com/admin/driving_dir.php?bag_label=1 - [DOM] Found 2 elements with non-unique id #mult-route-id: (More info: https://goo.gl/9p2vKq) %o %o">]
Net Read time out forShow Invalid Addresses,ERROR
Billing,1.0662510395050049,[#<Selenium::WebDriver::LogEntry:0x00007fb04e9caa08 @level="WARNING", @timestamp=1616687621021, @message="https://brysonfarms.client-staging.deliverybizpro.com/admin/users_invalid_zips.php 7 The key \"touch-action:\" is not recognized and ignored.">, #<Selenium::WebDriver::LogEntry:0x00007fb04e9ca9e0 @level="WARNING", @timestamp=1616687621021, @message="https://brysonfarms.client-staging.deliverybizpro.com/admin/users_invalid_zips.php 7 The key \"-ms-touch-action:\" is not recognized and ignored.">]
Paper/Email Billing,1.4215948581695557,[#<Selenium::WebDriver::LogEntry:0x00007fb04ea13cf8 @level="WARNING", @timestamp=1616687628549, @message="https://brysonfarms.client-staging.deliverybizpro.com/admin/customer_billing.php 7 The key \"touch-action:\" is not recognized and ignored.">, #<Selenium::WebDriver::LogEntry:0x00007fb04ea13cd0 @level="WARNING", @timestamp=1616687628549, @message="https://brysonfarms.client-staging.deliverybizpro.com/admin/customer_billing.php 7 The key \"-ms-touch-action:\" is not recognized and ignored.">]
Electronic Billing,1.5800549983978271,[#<Selenium::WebDriver::LogEntry:0x00007fb04ea599d8 @level="WARNING", @timestamp=1616687633047, @message="https://brysonfarms.client-staging.deliverybizpro.com/admin/billing.php 7 The key \"touch-action:\" is not recognized and ignored.">, #<Selenium::WebDriver::LogEntry:0x00007fb04ea59988 @level="WARNING", @timestamp=1616687633047, @message="https://brysonfarms.client-staging.deliverybizpro.com/admin/billing.php 7 The key \"-ms-touch-action:\" is not recognized and ignored.">]
Mass Update Payments,1.5480079650878906,[#<Selenium::WebDriver::LogEntry:0x00007fb07e10f0f0 @level="WARNING", @timestamp=1616687637652, @message="https://brysonfarms.client-staging.deliverybizpro.com/admin/mass_update_payments.php 7 The key \"touch-action:\" is not recognized and ignored.">, #<Selenium::WebDriver::LogEntry:0x00007fb07e10ec68 @level="WARNING", @timestamp=1616687637652, @message="https://brysonfarms.client-staging.deliverybizpro.com/admin/mass_update_payments.php 7 The key \"-ms-touch-action:\" is not recognized and ignored.">]
Mass Deposit Returns/Charges,1.3515419960021973,[#<Selenium::WebDriver::LogEntry:0x00007fb07dced508 @level="WARNING", @timestamp=1616687642149, @message="https://brysonfarms.client-staging.deliverybizpro.com/admin/bottle_deposits.php 7 The key \"touch-action:\" is not recognized and ignored.">, #<Selenium::WebDriver::LogEntry:0x00007fb07dced468 @level="WARNING", @timestamp=1616687642149, @message="https://brysonfarms.client-staging.deliverybizpro.com/admin/bottle_deposits.php 7 The key \"-ms-touch-action:\" is not recognized and ignored.">]
Global Invoice Notes,1.4841551780700684,[#<Selenium::WebDriver::LogEntry:0x00007fb07de078f8 @level="WARNING", @timestamp=1616687646519, @message="https://brysonfarms.client-staging.deliverybizpro.com/admin/global_notes.php 7 The key \"touch-action:\" is not recognized and ignored.">, #<Selenium::WebDriver::LogEntry:0x00007fb07de07790 @level="WARNING", @timestamp=1616687646519, @message="https://brysonfarms.client-staging.deliverybizpro.com/admin/global_notes.php 7 The key \"-ms-touch-action:\" is not recognized and ignored.">]
View GC Purchase Log,1.38960599899292,[#<Selenium::WebDriver::LogEntry:0x00007fb07deef770 @level="WARNING", @timestamp=1616687651028, @message="https://brysonfarms.client-staging.deliverybizpro.com/admin/giftcerts_purchase_log.php 7 The key \"touch-action:\" is not recognized and ignored.">, #<Selenium::WebDriver::LogEntry:0x00007fb07deef748 @level="WARNING", @timestamp=1616687651028, @message="https://brysonfarms.client-staging.deliverybizpro.com/admin/giftcerts_purchase_log.php 7 The key \"-ms-touch-action:\" is not recognized and ignored.">]
Sales Reporting,1.0761668682098389,[]
Countdown Sales Report,1.5095982551574707,[#<Selenium::WebDriver::LogEntry:0x00007fb07dfd7c78 @level="WARNING", @timestamp=1616687663584, @message="https://brysonfarms.client-staging.deliverybizpro.com/admin/reports.php?report_type=countdown 7 The key \"touch-action:\" is not recognized and ignored.">, #<Selenium::WebDriver::LogEntry:0x00007fb07dfd7c50 @level="WARNING", @timestamp=1616687663584, @message="https://brysonfarms.client-staging.deliverybizpro.com/admin/reports.php?report_type=countdown 7 The key \"-ms-touch-action:\" is not recognized and ignored.">]
Countdown Sales Report - Export to Excel,1.1073319911956787,[]
Cross-Selling Report,1.3968260288238525,[#<Selenium::WebDriver::LogEntry:0x00007fb04e89f570 @level="WARNING", @timestamp=1616687667208, @message="https://brysonfarms.client-staging.deliverybizpro.com/admin/reports.php?report_type=cross_selling 7 The key \"touch-action:\" is not recognized and ignored.">, #<Selenium::WebDriver::LogEntry:0x00007fb04e89f548 @level="WARNING", @timestamp=1616687667208, @message="https://brysonfarms.client-staging.deliverybizpro.com/admin/reports.php?report_type=cross_selling 7 The key \"-ms-touch-action:\" is not recognized and ignored.">]
Cross-Selling Report - Export to Excel,1.0658259391784668,[#<Selenium::WebDriver::LogEntry:0x00007fb04e924680 @level="WARNING", @timestamp=1616687669420, @message="https://brysonfarms.client-staging.deliverybizpro.com/admin/reports.php?report_type=cross_selling - [DOM] Found 2 elements with non-unique id #action_value: (More info: https://goo.gl/9p2vKq) %o %o">]
Discount Coupon Report,1.3666720390319824,[#<Selenium::WebDriver::LogEntry:0x00007fb04e95bef0 @level="WARNING", @timestamp=1616687670669, @message="https://brysonfarms.client-staging.deliverybizpro.com/admin/reports.php?report_type=discount_coupon 7 The key \"touch-action:\" is not recognized and ignored.">, #<Selenium::WebDriver::LogEntry:0x00007fb04e95bea0 @level="WARNING", @timestamp=1616687670669, @message="https://brysonfarms.client-staging.deliverybizpro.com/admin/reports.php?report_type=discount_coupon 7 The key \"-ms-touch-action:\" is not recognized and ignored.">]
Discount Coupon Report - Export to Excel,1.0683269500732422,[]
Manage Cross-Selling,1.3612186908721924,[#<Selenium::WebDriver::LogEntry:0x00007fb04e9e17f8 @level="WARNING", @timestamp=1616687674136, @message="https://brysonfarms.client-staging.deliverybizpro.com/admin/reports.php?report_type=upselling 7 The key \"touch-action:\" is not recognized and ignored.">, #<Selenium::WebDriver::LogEntry:0x00007fb04e9e17d0 @level="WARNING", @timestamp=1616687674136, @message="https://brysonfarms.client-staging.deliverybizpro.com/admin/reports.php?report_type=upselling 7 The key \"-ms-touch-action:\" is not recognized and ignored.">]
Manage Cross-Selling - Export to Excel,1.06644606590271,[]
Ordered Products Reports,1.6225769519805908,[#<Selenium::WebDriver::LogEntry:0x00007fb04ea81d20 @level="WARNING", @timestamp=1616687677638, @message="https://brysonfarms.client-staging.deliverybizpro.com/admin/reports.php?report_type=product 7 The key \"touch-action:\" is not recognized and ignored.">, #<Selenium::WebDriver::LogEntry:0x00007fb04ea81cf8 @level="WARNING", @timestamp=1616687677638, @message="https://brysonfarms.client-staging.deliverybizpro.com/admin/reports.php?report_type=product 7 The key \"-ms-touch-action:\" is not recognized and ignored.">]
Ordered Products Reports - Export to Excel,7.762526035308838,[]
Overall Sales,1.9402670860290527,[#<Selenium::WebDriver::LogEntry:0x00007fb07de2fad8 @level="WARNING", @timestamp=1616687688063, @message="https://brysonfarms.client-staging.deliverybizpro.com/admin/reports.php?report_type=over_sales 7 The key \"touch-action:\" is not recognized and ignored.">, #<Selenium::WebDriver::LogEntry:0x00007fb07de2f970 @level="WARNING", @timestamp=1616687688063, @message="https://brysonfarms.client-staging.deliverybizpro.com/admin/reports.php?report_type=over_sales 7 The key \"-ms-touch-action:\" is not recognized and ignored.">]
Overall Sales - Export to Excel,1.3151359558105469,[]
Sales By Route,1.577514886856079,[#<Selenium::WebDriver::LogEntry:0x00007fb07df7d908 @level="WARNING", @timestamp=1616687692279, @message="https://brysonfarms.client-staging.deliverybizpro.com/admin/reports.php?report_type=sales_by_route 7 The key \"touch-action:\" is not recognized and ignored.">, #<Selenium::WebDriver::LogEntry:0x00007fb07df7d8e0 @level="WARNING", @timestamp=1616687692279, @message="https://brysonfarms.client-staging.deliverybizpro.com/admin/reports.php?report_type=sales_by_route 7 The key \"-ms-touch-action:\" is not recognized and ignored.">]
Sales By Route - Export to Excel,1.3168389797210693,[]
Financials Reporting,1.058413028717041,[]
Average Order Report,1.401404857635498,[#<Selenium::WebDriver::LogEntry:0x00007fb04e88d0a0 @level="WARNING", @timestamp=1616687698212, @message="https://brysonfarms.client-staging.deliverybizpro.com/admin/reports.php?report_type=average_order 7 The key \"touch-action:\" is not recognized and ignored.">, #<Selenium::WebDriver::LogEntry:0x00007fb04e88d078 @level="WARNING", @timestamp=1616687698213, @message="https://brysonfarms.client-staging.deliverybizpro.com/admin/reports.php?report_type=average_order 7 The key \"-ms-touch-action:\" is not recognized and ignored.">]
Average Order Report - Export to Excel,1.0739576816558838,[#<Selenium::WebDriver::LogEntry:0x00007fb04e91eb40 @level="WARNING", @timestamp=1616687700418, @message="https://brysonfarms.client-staging.deliverybizpro.com/admin/reports.php?report_type=average_order - [DOM] Found 2 elements with non-unique id #action_value: (More info: https://goo.gl/9p2vKq) %o %o">]
Credits Report,1.4034368991851807,[#<Selenium::WebDriver::LogEntry:0x00007fb07f83c8e0 @level="WARNING", @timestamp=1616687701692, @message="https://brysonfarms.client-staging.deliverybizpro.com/admin/reports.php?report_type=credits 7 The key \"touch-action:\" is not recognized and ignored.">, #<Selenium::WebDriver::LogEntry:0x00007fb07f83c8b8 @level="WARNING", @timestamp=1616687701692, @message="https://brysonfarms.client-staging.deliverybizpro.com/admin/reports.php?report_type=credits 7 The key \"-ms-touch-action:\" is not recognized and ignored.">]
Credits Report - Export to Excel,1.815770149230957,[#<Selenium::WebDriver::LogEntry:0x00007fb04e9865d8 @level="WARNING", @timestamp=1616687703910, @message="https://brysonfarms.client-staging.deliverybizpro.com/admin/reports.php?report_type=credits - [DOM] Found 2 elements with non-unique id #action_value: (More info: https://goo.gl/9p2vKq) %o %o">]
Effective Margin Report,1.393442153930664,[#<Selenium::WebDriver::LogEntry:0x00007fb04e9c2498 @level="WARNING", @timestamp=1616687705960, @message="https://brysonfarms.client-staging.deliverybizpro.com/admin/reports.php?report_type=effective_margin 7 The key \"touch-action:\" is not recognized and ignored.">, #<Selenium::WebDriver::LogEntry:0x00007fb04e9c2470 @level="WARNING", @timestamp=1616687705960, @message="https://brysonfarms.client-staging.deliverybizpro.com/admin/reports.php?report_type=effective_margin 7 The key \"-ms-touch-action:\" is not recognized and ignored.">]
Effective Margin Report - Export to Excel,1.0671849250793457,[]
Financials Export,1.360558032989502,[#<Selenium::WebDriver::LogEntry:0x00007fb04ea7b628 @level="WARNING", @timestamp=1616687709395, @message="https://brysonfarms.client-staging.deliverybizpro.com/admin/reports.php?report_type=financials 7 The key \"touch-action:\" is not recognized and ignored.">, #<Selenium::WebDriver::LogEntry:0x00007fb04ea7b600 @level="WARNING", @timestamp=1616687709395, @message="https://brysonfarms.client-staging.deliverybizpro.com/admin/reports.php?report_type=financials 7 The key \"-ms-touch-action:\" is not recognized and ignored.">]
Financials Export - Export to Excel,1.3000593185424805,[]
No Payment Customers,2.950775146484375,[#<Selenium::WebDriver::LogEntry:0x00007fb07ddefcf8 @level="WARNING", @timestamp=1616687714590, @message="https://brysonfarms.client-staging.deliverybizpro.com/admin/reports.php?report_type=not_paid 7 The key \"touch-action:\" is not recognized and ignored.">, #<Selenium::WebDriver::LogEntry:0x00007fb07ddefa28 @level="WARNING", @timestamp=1616687714590, @message="https://brysonfarms.client-staging.deliverybizpro.com/admin/reports.php?report_type=not_paid 7 The key \"-ms-touch-action:\" is not recognized and ignored.">]
No Payment Customers - Export to Excel,2.8752379417419434,[]
Past Due Customers,1.4669091701507568,[#<Selenium::WebDriver::LogEntry:0x00007fb07df6dc38 @level="WARNING", @timestamp=1616687719973, @message="https://brysonfarms.client-staging.deliverybizpro.com/admin/reports.php?report_type=due 7 The key \"touch-action:\" is not recognized and ignored.">, #<Selenium::WebDriver::LogEntry:0x00007fb07df6dbc0 @level="WARNING", @timestamp=1616687719974, @message="https://brysonfarms.client-staging.deliverybizpro.com/admin/reports.php?report_type=due 7 The key \"-ms-touch-action:\" is not recognized and ignored.">]
Past Due Customers - Export to Excel,1.4000041484832764,[]
Payments On Review,1.4058208465576172,[#<Selenium::WebDriver::LogEntry:0x00007fb04e84e580 @level="WARNING", @timestamp=1616687723796, @message="https://brysonfarms.client-staging.deliverybizpro.com/admin/reports.php?report_type=review_payments 7 The key \"touch-action:\" is not recognized and ignored.">, #<Selenium::WebDriver::LogEntry:0x00007fb04e84e558 @level="WARNING", @timestamp=1616687723796, @message="https://brysonfarms.client-staging.deliverybizpro.com/admin/reports.php?report_type=review_payments 7 The key \"-ms-touch-action:\" is not recognized and ignored.">, #<Selenium::WebDriver::LogEntry:0x00007fb04e84e530 @level="SEVERE", @timestamp=1616687723916, @message="https://brysonfarms.client-staging.deliverybizpro.com/admin/skin1/admin/admin-modal.css - Failed to load resource: the server responded with a status of 404 ()">]
Payments On Review - Export to Excel,1.3061497211456299,[]
Payments Posted Report,1.4668769836425781,[#<Selenium::WebDriver::LogEntry:0x00007fb04e90c5d0 @level="WARNING", @timestamp=1616687727577, @message="https://brysonfarms.client-staging.deliverybizpro.com/admin/reports.php?report_type=checks_posted 7 The key \"touch-action:\" is not recognized and ignored.">, #<Selenium::WebDriver::LogEntry:0x00007fb04e90c5a8 @level="WARNING", @timestamp=1616687727577, @message="https://brysonfarms.client-staging.deliverybizpro.com/admin/reports.php?report_type=checks_posted 7 The key \"-ms-touch-action:\" is not recognized and ignored.">]
Payments Posted Report - Export to Excel,1.497436285018921,[]
Profit Report,1.5782771110534668,[#<Selenium::WebDriver::LogEntry:0x00007fb07f82d070 @level="WARNING", @timestamp=1616687731546, @message="https://brysonfarms.client-staging.deliverybizpro.com/admin/reports.php?report_type=profit 7 The key \"touch-action:\" is not recognized and ignored.">, #<Selenium::WebDriver::LogEntry:0x00007fb07f82d048 @level="WARNING", @timestamp=1616687731546, @message="https://brysonfarms.client-staging.deliverybizpro.com/admin/reports.php?report_type=profit 7 The key \"-ms-touch-action:\" is not recognized and ignored.">]
Profit Report - Export to Excel,1.3168718814849854,[]
Recent Payments Report,1.3659446239471436,[#<Selenium::WebDriver::LogEntry:0x00007fb04ea48458 @level="WARNING", @timestamp=1616687735417, @message="https://brysonfarms.client-staging.deliverybizpro.com/admin/reports.php?report_type=delivery_payment 7 The key \"touch-action:\" is not recognized and ignored.">, #<Selenium::WebDriver::LogEntry:0x00007fb04ea48430 @level="WARNING", @timestamp=1616687735417, @message="https://brysonfarms.client-staging.deliverybizpro.com/admin/reports.php?report_type=delivery_payment 7 The key \"-ms-touch-action:\" is not recognized and ignored.">]
Recent Payments Report - Export to Excel,2.320023775100708,[]
Show Currently Owed,2.2552928924560547,[#<Selenium::WebDriver::LogEntry:0x00007fb07dd0e7a8 @level="WARNING", @timestamp=1616687740861, @message="https://brysonfarms.client-staging.deliverybizpro.com/admin/reports.php?report_type=owed 7 The key \"touch-action:\" is not recognized and ignored.">, #<Selenium::WebDriver::LogEntry:0x00007fb07dd0e690 @level="WARNING", @timestamp=1616687740861, @message="https://brysonfarms.client-staging.deliverybizpro.com/admin/reports.php?report_type=owed 7 The key \"-ms-touch-action:\" is not recognized and ignored.">]
Show Currently Owed - Export to Excel,2.0621769428253174,[]
Taxes Report,1.4335441589355469,[#<Selenium::WebDriver::LogEntry:0x00007fb07df0d018 @level="WARNING", @timestamp=1616687745499, @message="https://brysonfarms.client-staging.deliverybizpro.com/admin/reports.php?report_type=taxes 7 The key \"touch-action:\" is not recognized and ignored.">, #<Selenium::WebDriver::LogEntry:0x00007fb07df0cff0 @level="WARNING", @timestamp=1616687745500, @message="https://brysonfarms.client-staging.deliverybizpro.com/admin/reports.php?report_type=taxes 7 The key \"-ms-touch-action:\" is not recognized and ignored.">]
Taxes Report - Export to Excel,1.2113080024719238,[]
Product Reporting,1.051781177520752,[]
Bagged Items Report,1.5858118534088135,[#<Selenium::WebDriver::LogEntry:0x00007fb04e83cb00 @level="WARNING", @timestamp=1616687751206, @message="https://brysonfarms.client-staging.deliverybizpro.com/admin/reports.php?report_type=bagged_items 7 The key \"touch-action:\" is not recognized and ignored.">, #<Selenium::WebDriver::LogEntry:0x00007fb04e83ca88 @level="WARNING", @timestamp=1616687751207, @message="https://brysonfarms.client-staging.deliverybizpro.com/admin/reports.php?report_type=bagged_items 7 The key \"-ms-touch-action:\" is not recognized and ignored.">]
Bagged Items Report - Export to Excel,2.529106855392456,[]
Customized Products,1.4634907245635986,[#<Selenium::WebDriver::LogEntry:0x00007fb04e906c20 @level="WARNING", @timestamp=1616687756310, @message="https://brysonfarms.client-staging.deliverybizpro.com/admin/reports.php?report_type=customized_products 7 The key \"touch-action:\" is not recognized and ignored.">, #<Selenium::WebDriver::LogEntry:0x00007fb04e906bf8 @level="WARNING", @timestamp=1616687756310, @message="https://brysonfarms.client-staging.deliverybizpro.com/admin/reports.php?report_type=customized_products 7 The key \"-ms-touch-action:\" is not recognized and ignored.">, #<Selenium::WebDriver::LogEntry:0x00007fb04e906bd0 @level="SEVERE", @timestamp=1616687756434, @message="https://brysonfarms.client-staging.deliverybizpro.com/admin/skin1/admin/admin-modal.css - Failed to load resource: the server responded with a status of 404 ()">]
Customized Products - Export to Excel,1.2669050693511963,[]
Dislikes Report,1.5281319618225098,[#<Selenium::WebDriver::LogEntry:0x00007fb04e9aa028 @level="WARNING", @timestamp=1616687760073, @message="https://brysonfarms.client-staging.deliverybizpro.com/admin/reports.php?report_type=dislikes 7 The key \"touch-action:\" is not recognized and ignored.">, #<Selenium::WebDriver::LogEntry:0x00007fb04e9aa000 @level="WARNING", @timestamp=1616687760073, @message="https://brysonfarms.client-staging.deliverybizpro.com/admin/reports.php?report_type=dislikes 7 The key \"-ms-touch-action:\" is not recognized and ignored.">]
Dislikes Report - Export to Excel,1.6373469829559326,[]
Forecast,1.5487539768218994,[#<Selenium::WebDriver::LogEntry:0x00007fb04ea40de8 @level="WARNING", @timestamp=1616687764224, @message="https://brysonfarms.client-staging.deliverybizpro.com/admin/reports.php?report_type=forecast 7 The key \"touch-action:\" is not recognized and ignored.">, #<Selenium::WebDriver::LogEntry:0x00007fb04ea40dc0 @level="WARNING", @timestamp=1616687764224, @message="https://brysonfarms.client-staging.deliverybizpro.com/admin/reports.php?report_type=forecast 7 The key \"-ms-touch-action:\" is not recognized and ignored.">]
Inventory,2.479987859725952,[#<Selenium::WebDriver::LogEntry:0x00007fb04ea79738 @level="WARNING", @timestamp=1616687769360, @message="https://brysonfarms.client-staging.deliverybizpro.com/admin/reports.php?report_type=inventory&hide_disabled_inventory=Y 7 The key \"touch-action:\" is not recognized and ignored.">, #<Selenium::WebDriver::LogEntry:0x00007fb04ea79710 @level="WARNING", @timestamp=1616687769360, @message="https://brysonfarms.client-staging.deliverybizpro.com/admin/reports.php?report_type=inventory&hide_disabled_inventory=Y 7 The key \"-ms-touch-action:\" is not recognized and ignored.">]
Inventory - Export to Excel,1.763597011566162,[]
Product Reporting,1.07541823387146,[]
Load Sheet Report,1.4039747714996338,[#<Selenium::WebDriver::LogEntry:0x00007fb07deceb88 @level="WARNING", @timestamp=1616687776145, @message="https://brysonfarms.client-staging.deliverybizpro.com/admin/reports.php?report_type=load_sheet 7 The key \"touch-action:\" is not recognized and ignored.">, #<Selenium::WebDriver::LogEntry:0x00007fb07deceb60 @level="WARNING", @timestamp=1616687776145, @message="https://brysonfarms.client-staging.deliverybizpro.com/admin/reports.php?report_type=load_sheet 7 The key \"-ms-touch-action:\" is not recognized and ignored.">]
Load Sheet Report - Export to Excel,1.0617756843566895,[]
Out Of Stock Report,1.464219331741333,[#<Selenium::WebDriver::LogEntry:0x00007fb07dfbddc8 @level="WARNING", @timestamp=1616687779637, @message="https://brysonfarms.client-staging.deliverybizpro.com/admin/reports.php?report_type=out_of_stock 7 The key \"touch-action:\" is not recognized and ignored.">, #<Selenium::WebDriver::LogEntry:0x00007fb07dfbdda0 @level="WARNING", @timestamp=1616687779637, @message="https://brysonfarms.client-staging.deliverybizpro.com/admin/reports.php?report_type=out_of_stock 7 The key \"-ms-touch-action:\" is not recognized and ignored.">, #<Selenium::WebDriver::LogEntry:0x00007fb07dfbdd78 @level="SEVERE", @timestamp=1616687779762, @message="https://brysonfarms.client-staging.deliverybizpro.com/admin/skin1/admin/admin-modal.css - Failed to load resource: the server responded with a status of 404 ()">]
Out Of Stock Report - Export to Excel,1.0746049880981445,[]
Customer Reporting,1.0671310424804688,[]
Customer Count Report,1.4415040016174316,[#<Selenium::WebDriver::LogEntry:0x00007fb04e8dc150 @level="WARNING", @timestamp=1616687829345, @message="https://brysonfarms.client-staging.deliverybizpro.com/admin/reports.php?report_type=customer_count 7 The key \"touch-action:\" is not recognized and ignored.">, #<Selenium::WebDriver::LogEntry:0x00007fb04e8dc100 @level="WARNING", @timestamp=1616687829345, @message="https://brysonfarms.client-staging.deliverybizpro.com/admin/reports.php?report_type=customer_count 7 The key \"-ms-touch-action:\" is not recognized and ignored.">]
Customer Count Report - Export to Excel,1.121222972869873,[#<Selenium::WebDriver::LogEntry:0x00007fb04e953390 @level="WARNING", @timestamp=1616687831582, @message="https://brysonfarms.client-staging.deliverybizpro.com/admin/reports.php?report_type=customer_count - [DOM] Found 2 elements with non-unique id #action_value: (More info: https://goo.gl/9p2vKq) %o %o">]
Customer Orders Count,1.4262950420379639,[#<Selenium::WebDriver::LogEntry:0x00007fb04e993968 @level="WARNING", @timestamp=1616687832921, @message="https://brysonfarms.client-staging.deliverybizpro.com/admin/reports.php?report_type=customer_orders 7 The key \"touch-action:\" is not recognized and ignored.">, #<Selenium::WebDriver::LogEntry:0x00007fb04e993940 @level="WARNING", @timestamp=1616687832921, @message="https://brysonfarms.client-staging.deliverybizpro.com/admin/reports.php?report_type=customer_orders 7 The key \"-ms-touch-action:\" is not recognized and ignored.">]
Customer Orders Count - Export to Excel,1.0841693878173828,[]
Deposit Report,1.421393871307373,[#<Selenium::WebDriver::LogEntry:0x00007fb04ea22910 @level="WARNING", @timestamp=1616687836458, @message="https://brysonfarms.client-staging.deliverybizpro.com/admin/reports.php?report_type=bottle_deposit 7 The key \"touch-action:\" is not recognized and ignored.">, #<Selenium::WebDriver::LogEntry:0x00007fb04ea228e8 @level="WARNING", @timestamp=1616687836458, @message="https://brysonfarms.client-staging.deliverybizpro.com/admin/reports.php?report_type=bottle_deposit 7 The key \"-ms-touch-action:\" is not recognized and ignored.">]
Deposit Report - Export to Excel,1.417268991470337,[]
Followup Report,1.4203321933746338,[#<Selenium::WebDriver::LogEntry:0x00007fb07dbcd330 @level="WARNING", @timestamp=1616687840284, @message="https://brysonfarms.client-staging.deliverybizpro.com/admin/reports.php?report_type=followup 7 The key \"touch-action:\" is not recognized and ignored.">, #<Selenium::WebDriver::LogEntry:0x00007fb07dbcd0b0 @level="WARNING", @timestamp=1616687840284, @message="https://brysonfarms.client-staging.deliverybizpro.com/admin/reports.php?report_type=followup 7 The key \"-ms-touch-action:\" is not recognized and ignored.">]
Followup Report - Export to Excel,1.4758949279785156,[]
Friend Referral Report,1.3637700080871582,[#<Selenium::WebDriver::LogEntry:0x00007fb07dedcaa8 @level="WARNING", @timestamp=1616687844209, @message="https://brysonfarms.client-staging.deliverybizpro.com/admin/reports.php?report_type=refer_friend 7 The key \"touch-action:\" is not recognized and ignored.">, #<Selenium::WebDriver::LogEntry:0x00007fb07dedca80 @level="WARNING", @timestamp=1616687844209, @message="https://brysonfarms.client-staging.deliverybizpro.com/admin/reports.php?report_type=refer_friend 7 The key \"-ms-touch-action:\" is not recognized and ignored.">]
Friend Referral Report - Export to Excel,1.2250750064849854,[]
Minimum Order Report,1.4050288200378418,[#<Selenium::WebDriver::LogEntry:0x00007fb07dfd7660 @level="WARNING", @timestamp=1616687847838, @message="https://brysonfarms.client-staging.deliverybizpro.com/admin/reports.php?report_type=min_order_report 7 The key \"touch-action:\" is not recognized and ignored.">, #<Selenium::WebDriver::LogEntry:0x00007fb07dfd7610 @level="WARNING", @timestamp=1616687847838, @message="https://brysonfarms.client-staging.deliverybizpro.com/admin/reports.php?report_type=min_order_report 7 The key \"-ms-touch-action:\" is not recognized and ignored.">]
Minimum Order Report - Export to Excel,1.0583438873291016,[]
Negative Balances,2.3031091690063477,[#<Selenium::WebDriver::LogEntry:0x00007fb04e89efd0 @level="WARNING", @timestamp=1616687852012, @message="https://brysonfarms.client-staging.deliverybizpro.com/admin/reports.php?report_type=balance 7 The key \"touch-action:\" is not recognized and ignored.">, #<Selenium::WebDriver::LogEntry:0x00007fb04e89ef58 @level="WARNING", @timestamp=1616687852012, @message="https://brysonfarms.client-staging.deliverybizpro.com/admin/reports.php?report_type=balance 7 The key \"-ms-touch-action:\" is not recognized and ignored.">]
New Customers,1.421462059020996,[#<Selenium::WebDriver::LogEntry:0x00007fb04e8d68b8 @level="WARNING", @timestamp=1616687854622, @message="https://brysonfarms.client-staging.deliverybizpro.com/admin/reports.php?report_type=new 7 The key \"touch-action:\" is not recognized and ignored.">, #<Selenium::WebDriver::LogEntry:0x00007fb04e8d6890 @level="WARNING", @timestamp=1616687854622, @message="https://brysonfarms.client-staging.deliverybizpro.com/admin/reports.php?report_type=new 7 The key \"-ms-touch-action:\" is not recognized and ignored.">]
No Order Customers Report,1.4719221591949463,[#<Selenium::WebDriver::LogEntry:0x00007fb04e92e6d0 @level="WARNING", @timestamp=1616687859088, @message="https://brysonfarms.client-staging.deliverybizpro.com/admin/reports.php?report_type=no_orders 7 The key \"touch-action:\" is not recognized and ignored.">, #<Selenium::WebDriver::LogEntry:0x00007fb04e92e6a8 @level="WARNING", @timestamp=1616687859088, @message="https://brysonfarms.client-staging.deliverybizpro.com/admin/reports.php?report_type=no_orders 7 The key \"-ms-touch-action:\" is not recognized and ignored.">]
No Order Customers Report - Export to Excel,1.983799934387207,[#<Selenium::WebDriver::LogEntry:0x00007fb04e999098 @level="WARNING", @timestamp=1616687861342, @message="https://brysonfarms.client-staging.deliverybizpro.com/admin/reports.php?report_type=no_orders - [DOM] Found 2 elements with non-unique id #action_value: (More info: https://goo.gl/9p2vKq) %o %o">]
No Payment Customers,3.15450382232666,[#<Selenium::WebDriver::LogEntry:0x00007fb04e9bbf30 @level="WARNING", @timestamp=1616687865245, @message="https://brysonfarms.client-staging.deliverybizpro.com/admin/reports.php?report_type=not_paid 7 The key \"touch-action:\" is not recognized and ignored.">, #<Selenium::WebDriver::LogEntry:0x00007fb04e9bbf08 @level="WARNING", @timestamp=1616687865245, @message="https://brysonfarms.client-staging.deliverybizpro.com/admin/reports.php?report_type=not_paid 7 The key \"-ms-touch-action:\" is not recognized and ignored.">]
No Payment Customers - Export to Excel,2.968324899673462,[]
Customer Reporting,1.0673327445983887,[]
On Hold Report,1.52970290184021,[#<Selenium::WebDriver::LogEntry:0x00007fb04ea826d0 @level="WARNING", @timestamp=1616687872833, @message="https://brysonfarms.client-staging.deliverybizpro.com/admin/reports.php?report_type=on_hold 7 The key \"touch-action:\" is not recognized and ignored.">, #<Selenium::WebDriver::LogEntry:0x00007fb04ea82838 @level="WARNING", @timestamp=1616687872833, @message="https://brysonfarms.client-staging.deliverybizpro.com/admin/reports.php?report_type=on_hold 7 The key \"-ms-touch-action:\" is not recognized and ignored.">]
On Hold Report - Export to Excel,1.2974047660827637,[]
Past Due Customers,1.406447172164917,[#<Selenium::WebDriver::LogEntry:0x00007fb07de3dde0 @level="WARNING", @timestamp=1616687876596, @message="https://brysonfarms.client-staging.deliverybizpro.com/admin/reports.php?report_type=due 7 The key \"touch-action:\" is not recognized and ignored.">, #<Selenium::WebDriver::LogEntry:0x00007fb07de3dcf0 @level="WARNING", @timestamp=1616687876596, @message="https://brysonfarms.client-staging.deliverybizpro.com/admin/reports.php?report_type=due 7 The key \"-ms-touch-action:\" is not recognized and ignored.">]
Past Due Customers - Export to Excel,1.458730936050415,[]
Customer Reporting,1.0683770179748535,[]
Recurring Order Report,1.4263617992401123,[#<Selenium::WebDriver::LogEntry:0x00007fb07dfcf5f0 @level="WARNING", @timestamp=1616687882550, @message="https://brysonfarms.client-staging.deliverybizpro.com/admin/reports.php?report_type=recurring_orders 7 The key \"touch-action:\" is not recognized and ignored.">, #<Selenium::WebDriver::LogEntry:0x00007fb07dfcf5c8 @level="WARNING", @timestamp=1616687882550, @message="https://brysonfarms.client-staging.deliverybizpro.com/admin/reports.php?report_type=recurring_orders 7 The key \"-ms-touch-action:\" is not recognized and ignored.">]
Recurring Order Report - Export to Excel,3.0563549995422363,[]
Retention Report,1.6647191047668457,[#<Selenium::WebDriver::LogEntry:0x00007fb04e896c68 @level="WARNING", @timestamp=1616687888261, @message="https://brysonfarms.client-staging.deliverybizpro.com/admin/reports.php?report_type=customer_retention 7 The key \"touch-action:\" is not recognized and ignored.">, #<Selenium::WebDriver::LogEntry:0x00007fb04e896c40 @level="WARNING", @timestamp=1616687888261, @message="https://brysonfarms.client-staging.deliverybizpro.com/admin/reports.php?report_type=customer_retention 7 The key \"-ms-touch-action:\" is not recognized and ignored.">]
Show Inactive Customers,1.3855810165405273,[#<Selenium::WebDriver::LogEntry:0x00007fb04e8ef778 @level="WARNING", @timestamp=1616687892729, @message="https://brysonfarms.client-staging.deliverybizpro.com/admin/reports.php?report_type=inactive_customers 7 The key \"touch-action:\" is not recognized and ignored.">, #<Selenium::WebDriver::LogEntry:0x00007fb04e8ef750 @level="WARNING", @timestamp=1616687892729, @message="https://brysonfarms.client-staging.deliverybizpro.com/admin/reports.php?report_type=inactive_customers 7 The key \"-ms-touch-action:\" is not recognized and ignored.">]
Show Inactive Customers - Export to Excel,1.4330639839172363,[]
Total Customers Report,1.3844718933105469,[#<Selenium::WebDriver::LogEntry:0x00007fb04e9a2800 @level="WARNING", @timestamp=1616687918608, @message="https://brysonfarms.client-staging.deliverybizpro.com/admin/reports.php?report_type=total_customers 7 The key \"touch-action:\" is not recognized and ignored.">, #<Selenium::WebDriver::LogEntry:0x00007fb04e9a27d8 @level="WARNING", @timestamp=1616687918608, @message="https://brysonfarms.client-staging.deliverybizpro.com/admin/reports.php?report_type=total_customers 7 The key \"-ms-touch-action:\" is not recognized and ignored.">]
Total Customers Report - Export to Excel,1.149899959564209,[]
Vacation Report,1.3731908798217773,[#<Selenium::WebDriver::LogEntry:0x00007fb04ea30ad8 @level="WARNING", @timestamp=1616687922179, @message="https://brysonfarms.client-staging.deliverybizpro.com/admin/reports.php?report_type=vacation 7 The key \"touch-action:\" is not recognized and ignored.">, #<Selenium::WebDriver::LogEntry:0x00007fb04ea30ab0 @level="WARNING", @timestamp=1616687922179, @message="https://brysonfarms.client-staging.deliverybizpro.com/admin/reports.php?report_type=vacation 7 The key \"-ms-touch-action:\" is not recognized and ignored.">]
Vacation Report - Export to Excel,1.0861048698425293,[#<Selenium::WebDriver::LogEntry:0x00007fb07daa3950 @level="WARNING", @timestamp=1616687924372, @message="https://brysonfarms.client-staging.deliverybizpro.com/admin/reports.php?report_type=vacation - [DOM] Found 2 elements with non-unique id #action_value: (More info: https://goo.gl/9p2vKq) %o %o">]
Misc. Reporting,1.057413101196289,[]
Contact Us Report,1.4802780151367188,[#<Selenium::WebDriver::LogEntry:0x00007fb07dda5c48 @level="WARNING", @timestamp=1616687949774, @message="https://brysonfarms.client-staging.deliverybizpro.com/admin/reports.php?report_type=contact_us 7 The key \"touch-action:\" is not recognized and ignored.">, #<Selenium::WebDriver::LogEntry:0x00007fb07dda5b08 @level="WARNING", @timestamp=1616687949774, @message="https://brysonfarms.client-staging.deliverybizpro.com/admin/reports.php?report_type=contact_us 7 The key \"-ms-touch-action:\" is not recognized and ignored.">]
Contact Us Report - Export to Excel,1.0715651512145996,[]
Coupon Usage,1.4310059547424316,[#<Selenium::WebDriver::LogEntry:0x00007fb07df44540 @level="WARNING", @timestamp=1616687953321, @message="https://brysonfarms.client-staging.deliverybizpro.com/admin/reports.php?report_type=coupons 7 The key \"touch-action:\" is not recognized and ignored.">, #<Selenium::WebDriver::LogEntry:0x00007fb07df44518 @level="WARNING", @timestamp=1616687953321, @message="https://brysonfarms.client-staging.deliverybizpro.com/admin/reports.php?report_type=coupons 7 The key \"-ms-touch-action:\" is not recognized and ignored.">]
Coupon Usage - Export to Excel,1.09480881690979,[#<Selenium::WebDriver::LogEntry:0x00007fb04e80e8b8 @level="WARNING", @timestamp=1616687955605, @message="https://brysonfarms.client-staging.deliverybizpro.com/admin/reports.php?report_type=coupons - [DOM] Found 2 elements with non-unique id #action_value: (More info: https://goo.gl/9p2vKq) %o %o">]
Missing Orders,1.4677479267120361,[#<Selenium::WebDriver::LogEntry:0x00007fb04e84f750 @level="WARNING", @timestamp=1616687978884, @message="https://brysonfarms.client-staging.deliverybizpro.com/admin/reports.php?report_type=missing_orders 7 The key \"touch-action:\" is not recognized and ignored.">, #<Selenium::WebDriver::LogEntry:0x00007fb04e84f6b0 @level="WARNING", @timestamp=1616687978884, @message="https://brysonfarms.client-staging.deliverybizpro.com/admin/reports.php?report_type=missing_orders 7 The key \"-ms-touch-action:\" is not recognized and ignored.">, #<Selenium::WebDriver::LogEntry:0x00007fb04e84f688 @level="SEVERE", @timestamp=1616687979017, @message="https://brysonfarms.client-staging.deliverybizpro.com/admin/skin1/admin/admin-modal.css - Failed to load resource: the server responded with a status of 404 ()">]
Coupons,1.374781847000122,[#<Selenium::WebDriver::LogEntry:0x00007fb04e8ae0c0 @level="WARNING", @timestamp=1616687987374, @message="https://brysonfarms.client-staging.deliverybizpro.com/admin/discount_coupons.php 7 The key \"touch-action:\" is not recognized and ignored.">, #<Selenium::WebDriver::LogEntry:0x00007fb04e8ae098 @level="WARNING", @timestamp=1616687987374, @message="https://brysonfarms.client-staging.deliverybizpro.com/admin/discount_coupons.php 7 The key \"-ms-touch-action:\" is not recognized and ignored.">]
Coupon Events,1.4052557945251465,[#<Selenium::WebDriver::LogEntry:0x00007fb04e9066d0 @level="WARNING", @timestamp=1616687991789, @message="https://brysonfarms.client-staging.deliverybizpro.com/admin/coupon_events.php 7 The key \"touch-action:\" is not recognized and ignored.">, #<Selenium::WebDriver::LogEntry:0x00007fb04e9066a8 @level="WARNING", @timestamp=1616687991789, @message="https://brysonfarms.client-staging.deliverybizpro.com/admin/coupon_events.php 7 The key \"-ms-touch-action:\" is not recognized and ignored.">]
Countdown Products,1.3552038669586182,[#<Selenium::WebDriver::LogEntry:0x00007fb04e94edb8 @level="WARNING", @timestamp=1616687996200, @message="https://brysonfarms.client-staging.deliverybizpro.com/admin/reports.php?report_type=countdown_mgmt 7 The key \"touch-action:\" is not recognized and ignored.">, #<Selenium::WebDriver::LogEntry:0x00007fb04e94ed90 @level="WARNING", @timestamp=1616687996201, @message="https://brysonfarms.client-staging.deliverybizpro.com/admin/reports.php?report_type=countdown_mgmt 7 The key \"-ms-touch-action:\" is not recognized and ignored.">]
Countdown Products - Export to Excel,1.0745437145233154,[]
Global Discounts,1.3929550647735596,[#<Selenium::WebDriver::LogEntry:0x00007fb04e9c0760 @level="WARNING", @timestamp=1616687999639, @message="https://brysonfarms.client-staging.deliverybizpro.com/provider/discounts.php 7 The key \"touch-action:\" is not recognized and ignored.">, #<Selenium::WebDriver::LogEntry:0x00007fb04e9c0738 @level="WARNING", @timestamp=1616687999639, @message="https://brysonfarms.client-staging.deliverybizpro.com/provider/discounts.php 7 The key \"-ms-touch-action:\" is not recognized and ignored.">]
Featured Products,1.8967459201812744,[#<Selenium::WebDriver::LogEntry:0x00007fb04ea2af70 @level="WARNING", @timestamp=1616688004145, @message="https://brysonfarms.client-staging.deliverybizpro.com/admin/products?search_criteria=featured_product 7 The key \"touch-action:\" is not recognized and ignored.">, #<Selenium::WebDriver::LogEntry:0x00007fb04ea2af48 @level="WARNING", @timestamp=1616688004145, @message="https://brysonfarms.client-staging.deliverybizpro.com/admin/products?search_criteria=featured_product 7 The key \"-ms-touch-action:\" is not recognized and ignored.">, #<Selenium::WebDriver::LogEntry:0x00007fb04ea2af20 @level="WARNING", @timestamp=1616688004658, @message="https://brysonfarms.client-staging.deliverybizpro.com/admin/products?search_criteria=featured_product - [DOM] Found 2 elements with non-unique id #collapse-quantity: (More info: https://goo.gl/9p2vKq) %o %o">]
Sale Items,1.4473850727081299,[#<Selenium::WebDriver::LogEntry:0x00007fb04ea60ee0 @level="WARNING", @timestamp=1616688009044, @message="https://brysonfarms.client-staging.deliverybizpro.com/admin/products?search_criteria=sale_item 7 The key \"touch-action:\" is not recognized and ignored.">, #<Selenium::WebDriver::LogEntry:0x00007fb04ea60eb8 @level="WARNING", @timestamp=1616688009044, @message="https://brysonfarms.client-staging.deliverybizpro.com/admin/products?search_criteria=sale_item 7 The key \"-ms-touch-action:\" is not recognized and ignored.">, #<Selenium::WebDriver::LogEntry:0x00007fb04ea60e90 @level="WARNING", @timestamp=1616688009183, @message="https://brysonfarms.client-staging.deliverybizpro.com/admin/products?search_criteria=sale_item - [DOM] Found 2 elements with non-unique id #collapse-quantity: (More info: https://goo.gl/9p2vKq) %o %o">]
Manage Cross-Selling,1.3766591548919678,[#<Selenium::WebDriver::LogEntry:0x00007fb07db6f028 @level="WARNING", @timestamp=1616688013509, @message="https://brysonfarms.client-staging.deliverybizpro.com/admin/reports.php?report_type=upselling 7 The key \"touch-action:\" is not recognized and ignored.">, #<Selenium::WebDriver::LogEntry:0x00007fb07db6f000 @level="WARNING", @timestamp=1616688013509, @message="https://brysonfarms.client-staging.deliverybizpro.com/admin/reports.php?report_type=upselling 7 The key \"-ms-touch-action:\" is not recognized and ignored.">]
Manage Cross-Selling - Export to Excel,1.0758049488067627,[]
First Time Order Specials,1.428185224533081,[#<Selenium::WebDriver::LogEntry:0x00007fb07decc360 @level="WARNING", @timestamp=1616688016976, @message="https://brysonfarms.client-staging.deliverybizpro.com/admin/products?search_criteria=first_time_order 7 The key \"touch-action:\" is not recognized and ignored.">, #<Selenium::WebDriver::LogEntry:0x00007fb07decc338 @level="WARNING", @timestamp=1616688016976, @message="https://brysonfarms.client-staging.deliverybizpro.com/admin/products?search_criteria=first_time_order 7 The key \"-ms-touch-action:\" is not recognized and ignored.">, #<Selenium::WebDriver::LogEntry:0x00007fb07decc310 @level="WARNING", @timestamp=1616688017112, @message="https://brysonfarms.client-staging.deliverybizpro.com/admin/products?search_criteria=first_time_order - [DOM] Found 2 elements with non-unique id #collapse-quantity: (More info: https://goo.gl/9p2vKq) %o %o">]
Search Orders,1.530879020690918,[#<Selenium::WebDriver::LogEntry:0x00007fb07df25af0 @level="WARNING", @timestamp=1616688021435, @message="https://brysonfarms.client-staging.deliverybizpro.com/admin/orders.php 7 The key \"touch-action:\" is not recognized and ignored.">, #<Selenium::WebDriver::LogEntry:0x00007fb07df25ac8 @level="WARNING", @timestamp=1616688021435, @message="https://brysonfarms.client-staging.deliverybizpro.com/admin/orders.php 7 The key \"-ms-touch-action:\" is not recognized and ignored.">]
This Week's Orders,1.6818768978118896,[#<Selenium::WebDriver::LogEntry:0x00007fb07dfb4c00 @level="WARNING", @timestamp=1616688030086, @message="https://brysonfarms.client-staging.deliverybizpro.com/admin/orders.php?mode=search 7 The key \"touch-action:\" is not recognized and ignored.">, #<Selenium::WebDriver::LogEntry:0x00007fb07dfb4bd8 @level="WARNING", @timestamp=1616688030086, @message="https://brysonfarms.client-staging.deliverybizpro.com/admin/orders.php?mode=search 7 The key \"-ms-touch-action:\" is not recognized and ignored.">]
Next Week's Orders,1.666797161102295,[#<Selenium::WebDriver::LogEntry:0x00007fb04e815578 @level="WARNING", @timestamp=1616688034774, @message="https://brysonfarms.client-staging.deliverybizpro.com/admin/orders.php?mode=search 7 The key \"touch-action:\" is not recognized and ignored.">, #<Selenium::WebDriver::LogEntry:0x00007fb04e815550 @level="WARNING", @timestamp=1616688034774, @message="https://brysonfarms.client-staging.deliverybizpro.com/admin/orders.php?mode=search 7 The key \"-ms-touch-action:\" is not recognized and ignored.">]
Create Purchase Order,1.5882797241210938,[#<Selenium::WebDriver::LogEntry:0x00007fb04e8648d0 @level="WARNING", @timestamp=1616688039440, @message="https://brysonfarms.client-staging.deliverybizpro.com/admin/router.php#/adv-purchase-order/create 7 The key \"touch-action:\" is not recognized and ignored.">, #<Selenium::WebDriver::LogEntry:0x00007fb04e8648a8 @level="WARNING", @timestamp=1616688039440, @message="https://brysonfarms.client-staging.deliverybizpro.com/admin/router.php#/adv-purchase-order/create 7 The key \"-ms-touch-action:\" is not recognized and ignored.">]
View Purchase Orders,1.0801069736480713,[]
Autoresponders,3.103360891342163,[#<Selenium::WebDriver::LogEntry:0x00007fb04e917700 @level="WARNING", @timestamp=1616688048522, @message="https://brysonfarms.client-staging.deliverybizpro.com/admin/news.php?mode=messages&targetlist=2 7 The key \"touch-action:\" is not recognized and ignored.">, #<Selenium::WebDriver::LogEntry:0x00007fb04e917688 @level="WARNING", @timestamp=1616688048523, @message="https://brysonfarms.client-staging.deliverybizpro.com/admin/news.php?mode=messages&targetlist=2 7 The key \"-ms-touch-action:\" is not recognized and ignored.">]
General News List,2.5070290565490723,[#<Selenium::WebDriver::LogEntry:0x00007fb04e959060 @level="WARNING", @timestamp=1616688054306, @message="https://brysonfarms.client-staging.deliverybizpro.com/admin/router.php#/newsletters-list/3 7 The key \"touch-action:\" is not recognized and ignored.">, #<Selenium::WebDriver::LogEntry:0x00007fb04e959038 @level="WARNING", @timestamp=1616688054306, @message="https://brysonfarms.client-staging.deliverybizpro.com/admin/router.php#/newsletters-list/3 7 The key \"-ms-touch-action:\" is not recognized and ignored.">]
Unsubscribers,1.9264886379241943,[#<Selenium::WebDriver::LogEntry:0x00007fb07f845fa8 @level="WARNING", @timestamp=1616688070020, @message="https://brysonfarms.client-staging.deliverybizpro.com/admin/unsubscribers 7 The key \"touch-action:\" is not recognized and ignored.">, #<Selenium::WebDriver::LogEntry:0x00007fb07f845f80 @level="WARNING", @timestamp=1616688070020, @message="https://brysonfarms.client-staging.deliverybizpro.com/admin/unsubscribers 7 The key \"-ms-touch-action:\" is not recognized and ignored.">]
Edit Static Pages,1.3989489078521729,[#<Selenium::WebDriver::LogEntry:0x00007fb04e9e82d8 @level="WARNING", @timestamp=1616688074493, @message="https://brysonfarms.client-staging.deliverybizpro.com/admin/pages.php 7 The key \"touch-action:\" is not recognized and ignored.">, #<Selenium::WebDriver::LogEntry:0x00007fb04e9e82b0 @level="WARNING", @timestamp=1616688074493, @message="https://brysonfarms.client-staging.deliverybizpro.com/admin/pages.php 7 The key \"-ms-touch-action:\" is not recognized and ignored.">]
Manage Files,1.58097505569458,[#<Selenium::WebDriver::LogEntry:0x00007fb04ea430c0 @level="WARNING", @timestamp=1616688078908, @message="https://brysonfarms.client-staging.deliverybizpro.com/admin/files.php 7 The key \"touch-action:\" is not recognized and ignored.">, #<Selenium::WebDriver::LogEntry:0x00007fb04ea43070 @level="WARNING", @timestamp=1616688078908, @message="https://brysonfarms.client-staging.deliverybizpro.com/admin/files.php 7 The key \"-ms-touch-action:\" is not recognized and ignored.">]
301 Redirects,1.3642759323120117,[#<Selenium::WebDriver::LogEntry:0x00007fb04ea80a38 @level="WARNING", @timestamp=1616688087594, @message="https://brysonfarms.client-staging.deliverybizpro.com/admin/redirects 7 The key \"touch-action:\" is not recognized and ignored.">, #<Selenium::WebDriver::LogEntry:0x00007fb04ea80998 @level="WARNING", @timestamp=1616688087594, @message="https://brysonfarms.client-staging.deliverybizpro.com/admin/redirects 7 The key \"-ms-touch-action:\" is not recognized and ignored.">]
FAQ,1.385098934173584,[#<Selenium::WebDriver::LogEntry:0x00007fb07dc6d880 @level="WARNING", @timestamp=1616688092005, @message="https://brysonfarms.client-staging.deliverybizpro.com/admin/faq 7 The key \"touch-action:\" is not recognized and ignored.">, #<Selenium::WebDriver::LogEntry:0x00007fb07dc6d268 @level="WARNING", @timestamp=1616688092005, @message="https://brysonfarms.client-staging.deliverybizpro.com/admin/faq 7 The key \"-ms-touch-action:\" is not recognized and ignored.">]
Company Settings,2.4930660724639893,[#<Selenium::WebDriver::LogEntry:0x00007fb07ddbc6a0 @level="WARNING", @timestamp=1616688096422, @message="https://brysonfarms.client-staging.deliverybizpro.com/admin/company.php 7 The key \"touch-action:\" is not recognized and ignored.">, #<Selenium::WebDriver::LogEntry:0x00007fb07ddbc678 @level="WARNING", @timestamp=1616688096422, @message="https://brysonfarms.client-staging.deliverybizpro.com/admin/company.php 7 The key \"-ms-touch-action:\" is not recognized and ignored.">]
States/Counties,1.4299802780151367,[#<Selenium::WebDriver::LogEntry:0x00007fb07dedfeb0 @level="WARNING", @timestamp=1616688101699, @message="https://maps.googleapis.com/maps-api-v3/api/js/44/7/util.js 226:26 \"Google Maps JavaScript API warning: NoApiKeys https://developers.google.com/maps/documentation/javascript/error-messages#no-api-keys\"">, #<Selenium::WebDriver::LogEntry:0x00007fb07dedfe60 @level="WARNING", @timestamp=1616688101699, @message="https://maps.googleapis.com/maps-api-v3/api/js/44/7/util.js 226:26 \"Google Maps JavaScript API warning: InvalidKey https://developers.google.com/maps/documentation/javascript/error-messages#invalid-key\"">, #<Selenium::WebDriver::LogEntry:0x00007fb07dedfe38 @level="WARNING", @timestamp=1616688101959, @message="https://brysonfarms.client-staging.deliverybizpro.com/admin/states.php 7 The key \"touch-action:\" is not recognized and ignored.">, #<Selenium::WebDriver::LogEntry:0x00007fb07dedfe10 @level="WARNING", @timestamp=1616688101959, @message="https://brysonfarms.client-staging.deliverybizpro.com/admin/states.php 7 The key \"-ms-touch-action:\" is not recognized and ignored.">]
Taxes,1.081084966659546,[]
Taxing Zones,1.4524619579315186,[#<Selenium::WebDriver::LogEntry:0x00007fb07dfae238 @level="WARNING", @timestamp=1616688110531, @message="https://brysonfarms.client-staging.deliverybizpro.com/admin/zones.php 7 The key \"touch-action:\" is not recognized and ignored.">, #<Selenium::WebDriver::LogEntry:0x00007fb07dfae1e8 @level="WARNING", @timestamp=1616688110533, @message="https://brysonfarms.client-staging.deliverybizpro.com/admin/zones.php 7 The key \"-ms-touch-action:\" is not recognized and ignored.">]
Taxing System,1.3877339363098145,[#<Selenium::WebDriver::LogEntry:0x00007fb07dff9210 @level="WARNING", @timestamp=1616688115002, @message="https://brysonfarms.client-staging.deliverybizpro.com/admin/taxes.php 7 The key \"touch-action:\" is not recognized and ignored.">, #<Selenium::WebDriver::LogEntry:0x00007fb07dff9198 @level="WARNING", @timestamp=1616688115002, @message="https://brysonfarms.client-staging.deliverybizpro.com/admin/taxes.php 7 The key \"-ms-touch-action:\" is not recognized and ignored.">]
Minimum Orders Settings,1.417029857635498,[#<Selenium::WebDriver::LogEntry:0x00007fb04e85c220 @level="WARNING", @timestamp=1616688119388, @message="https://brysonfarms.client-staging.deliverybizpro.com/admin/min_orders_settings.php 7 The key \"touch-action:\" is not recognized and ignored.">, #<Selenium::WebDriver::LogEntry:0x00007fb04e85c1f8 @level="WARNING", @timestamp=1616688119388, @message="https://brysonfarms.client-staging.deliverybizpro.com/admin/min_orders_settings.php 7 The key \"-ms-touch-action:\" is not recognized and ignored.">]
Zip Codes,1.70027494430542,[#<Selenium::WebDriver::LogEntry:0x00007fb04e8b6630 @level="WARNING", @timestamp=1616688124036, @message="https://brysonfarms.client-staging.deliverybizpro.com/admin/zip_codes.php 7 The key \"touch-action:\" is not recognized and ignored.">, #<Selenium::WebDriver::LogEntry:0x00007fb04e8b6608 @level="WARNING", @timestamp=1616688124036, @message="https://brysonfarms.client-staging.deliverybizpro.com/admin/zip_codes.php 7 The key \"-ms-touch-action:\" is not recognized and ignored.">, #<Selenium::WebDriver::LogEntry:0x00007fb04e8b65e0 @level="WARNING", @timestamp=1616688124260, @message="https://brysonfarms.client-staging.deliverybizpro.com/admin/zip_codes.php - [DOM] Found 2 elements with non-unique id #zip_delivery_type: (More info: https://goo.gl/9p2vKq) %o %o">]
Fees,1.0815739631652832,[]
Settings,1.0699410438537598,[]
Store Locations,1.5522189140319824,[#<Selenium::WebDriver::LogEntry:0x00007fb07f82d340 @level="WARNING", @timestamp=1616688144911, @message="https://brysonfarms.client-staging.deliverybizpro.com/admin/stores.php 7 The key \"touch-action:\" is not recognized and ignored.">, #<Selenium::WebDriver::LogEntry:0x00007fb07f82d318 @level="WARNING", @timestamp=1616688144911, @message="https://brysonfarms.client-staging.deliverybizpro.com/admin/stores.php 7 The key \"-ms-touch-action:\" is not recognized and ignored.">]
DBP Settings,1.6240251064300537,[#<Selenium::WebDriver::LogEntry:0x00007fb04e9eb960 @level="WARNING", @timestamp=1616688149489, @message="https://brysonfarms.client-staging.deliverybizpro.com/admin/dbp_settings.php 7 The key \"touch-action:\" is not recognized and ignored.">, #<Selenium::WebDriver::LogEntry:0x00007fb04e9eb938 @level="WARNING", @timestamp=1616688149489, @message="https://brysonfarms.client-staging.deliverybizpro.com/admin/dbp_settings.php 7 The key \"-ms-touch-action:\" is not recognized and ignored.">]
DBP Billing,2.1806771755218506,[#<Selenium::WebDriver::LogEntry:0x00007fb04ea32270 @level="WARNING", @timestamp=1616688154824, @message="https://brysonfarms.client-staging.deliverybizpro.com/admin/dbp_billing.php 7 The key \"touch-action:\" is not recognized and ignored.">, #<Selenium::WebDriver::LogEntry:0x00007fb04ea32248 @level="WARNING", @timestamp=1616688154824, @message="https://brysonfarms.client-staging.deliverybizpro.com/admin/dbp_billing.php 7 The key \"-ms-touch-action:\" is not recognized and ignored.">]
Countries,1.3973381519317627,[#<Selenium::WebDriver::LogEntry:0x00007fb04ea68cf8 @level="WARNING", @timestamp=1616688159340, @message="https://brysonfarms.client-staging.deliverybizpro.com/admin/countries.php 7 The key \"touch-action:\" is not recognized and ignored.">, #<Selenium::WebDriver::LogEntry:0x00007fb04ea68cd0 @level="WARNING", @timestamp=1616688159340, @message="https://brysonfarms.client-staging.deliverybizpro.com/admin/countries.php 7 The key \"-ms-touch-action:\" is not recognized and ignored.">]
States,1.4040467739105225,[#<Selenium::WebDriver::LogEntry:0x00007fb07dba6078 @level="WARNING", @timestamp=1616688163768, @message="https://brysonfarms.client-staging.deliverybizpro.com/admin/states.php 7 The key \"touch-action:\" is not recognized and ignored.">, #<Selenium::WebDriver::LogEntry:0x00007fb07dba5f38 @level="WARNING", @timestamp=1616688163768, @message="https://brysonfarms.client-staging.deliverybizpro.com/admin/states.php 7 The key \"-ms-touch-action:\" is not recognized and ignored.">]
Settings,1.0734918117523193,[]
Export/Import Cities,1.3565192222595215,[#<Selenium::WebDriver::LogEntry:0x00007fb07debcd98 @level="WARNING", @timestamp=1616688172273, @message="https://brysonfarms.client-staging.deliverybizpro.com/admin/cities_export_import.php 7 The key \"touch-action:\" is not recognized and ignored.">, #<Selenium::WebDriver::LogEntry:0x00007fb07debcd70 @level="WARNING", @timestamp=1616688172273, @message="https://brysonfarms.client-staging.deliverybizpro.com/admin/cities_export_import.php 7 The key \"-ms-touch-action:\" is not recognized and ignored.">]
Summary,1.3632283210754395,[#<Selenium::WebDriver::LogEntry:0x00007fb07df162f8 @level="WARNING", @timestamp=1616688176653, @message="https://brysonfarms.client-staging.deliverybizpro.com/admin/general.php 7 The key \"touch-action:\" is not recognized and ignored.">, #<Selenium::WebDriver::LogEntry:0x00007fb07df16280 @level="WARNING", @timestamp=1616688176653, @message="https://brysonfarms.client-staging.deliverybizpro.com/admin/general.php 7 The key \"-ms-touch-action:\" is not recognized and ignored.">]
Credit card types,1.3511369228363037,[#<Selenium::WebDriver::LogEntry:0x00007fb07df8e848 @level="WARNING", @timestamp=1616688181013, @message="https://brysonfarms.client-staging.deliverybizpro.com/admin/card_types.php 7 The key \"touch-action:\" is not recognized and ignored.">, #<Selenium::WebDriver::LogEntry:0x00007fb07df8e820 @level="WARNING", @timestamp=1616688181013, @message="https://brysonfarms.client-staging.deliverybizpro.com/admin/card_types.php 7 The key \"-ms-touch-action:\" is not recognized and ignored.">]
General Settings,2.2825632095336914,[#<Selenium::WebDriver::LogEntry:0x00007fb07dfee4f0 @level="WARNING", @timestamp=1616688185824, @message="https://brysonfarms.client-staging.deliverybizpro.com/admin/configuration 7 The key \"touch-action:\" is not recognized and ignored.">, #<Selenium::WebDriver::LogEntry:0x00007fb07dfee478 @level="WARNING", @timestamp=1616688185824, @message="https://brysonfarms.client-staging.deliverybizpro.com/admin/configuration 7 The key \"-ms-touch-action:\" is not recognized and ignored.">]
Languages,2.4351279735565186,[#<Selenium::WebDriver::LogEntry:0x00007fb04e844a08 @level="WARNING", @timestamp=1616688191723, @message="https://brysonfarms.client-staging.deliverybizpro.com/admin/languages.php 7 The key \"touch-action:\" is not recognized and ignored.">, #<Selenium::WebDriver::LogEntry:0x00007fb04e8449e0 @level="WARNING", @timestamp=1616688191723, @message="https://brysonfarms.client-staging.deliverybizpro.com/admin/languages.php 7 The key \"-ms-touch-action:\" is not recognized and ignored.">, #<Selenium::WebDriver::LogEntry:0x00007fb04e8449b8 @level="SEVERE", @timestamp=1616688191840, @message="https://brysonfarms.client-staging.deliverybizpro.com/tinymce/tiny_mce.js - Failed to load resource: the server responded with a status of 404 ()">]
Modules,2.255794048309326,[#<Selenium::WebDriver::LogEntry:0x00007fb04e89ec10 @level="WARNING", @timestamp=1616688196295, @message="https://brysonfarms.client-staging.deliverybizpro.com/admin/modules.php 7 The key \"touch-action:\" is not recognized and ignored.">, #<Selenium::WebDriver::LogEntry:0x00007fb04e89ebe8 @level="WARNING", @timestamp=1616688196295, @message="https://brysonfarms.client-staging.deliverybizpro.com/admin/modules.php 7 The key \"-ms-touch-action:\" is not recognized and ignored.">]
Payment Methods,1.7033309936523438,[#<Selenium::WebDriver::LogEntry:0x00007fb04e8f7388 @level="WARNING", @timestamp=1616688201508, @message="https://brysonfarms.client-staging.deliverybizpro.com/admin/payment_methods.php 7 The key \"touch-action:\" is not recognized and ignored.">, #<Selenium::WebDriver::LogEntry:0x00007fb04e8f7360 @level="WARNING", @timestamp=1616688201508, @message="https://brysonfarms.client-staging.deliverybizpro.com/admin/payment_methods.php 7 The key \"-ms-touch-action:\" is not recognized and ignored.">]
Clear templates cache,1.892812728881836,[#<Selenium::WebDriver::LogEntry:0x00007fb04e9462d0 @level="WARNING", @timestamp=1616688206723, @message="https://brysonfarms.client-staging.deliverybizpro.com/admin/general.php 7 The key \"touch-action:\" is not recognized and ignored.">, #<Selenium::WebDriver::LogEntry:0x00007fb04e9462a8 @level="WARNING", @timestamp=1616688206723, @message="https://brysonfarms.client-staging.deliverybizpro.com/admin/general.php 7 The key \"-ms-touch-action:\" is not recognized and ignored.">]
System Logs,1.0537657737731934,[]
DBP Overview,1.3751280307769775,[#<Selenium::WebDriver::LogEntry:0x00007fb04e9bbcb0 @level="WARNING", @timestamp=1616688215202, @message="https://brysonfarms.client-staging.deliverybizpro.com/admin/dbp_overview.php 7 The key \"touch-action:\" is not recognized and ignored.">, #<Selenium::WebDriver::LogEntry:0x00007fb04e9bbc88 @level="WARNING", @timestamp=1616688215203, @message="https://brysonfarms.client-staging.deliverybizpro.com/admin/dbp_overview.php 7 The key \"-ms-touch-action:\" is not recognized and ignored.">]
Inventory,1.4042620658874512,[#<Selenium::WebDriver::LogEntry:0x00007fb04ea01698 @level="WARNING", @timestamp=1616688219563, @message="https://brysonfarms.client-staging.deliverybizpro.com/admin/log_inventory.php 7 The key \"touch-action:\" is not recognized and ignored.">, #<Selenium::WebDriver::LogEntry:0x00007fb04ea01670 @level="WARNING", @timestamp=1616688219563, @message="https://brysonfarms.client-staging.deliverybizpro.com/admin/log_inventory.php 7 The key \"-ms-touch-action:\" is not recognized and ignored.">]
Tasks,1.5668680667877197,[#<Selenium::WebDriver::LogEntry:0x00007fb04ea53970 @level="WARNING", @timestamp=1616688224013, @message="https://brysonfarms.client-staging.deliverybizpro.com/admin/router.php?r=bt-console#/bt-console 7 The key \"touch-action:\" is not recognized and ignored.">, #<Selenium::WebDriver::LogEntry:0x00007fb04ea53920 @level="WARNING", @timestamp=1616688224013, @message="https://brysonfarms.client-staging.deliverybizpro.com/admin/router.php?r=bt-console#/bt-console 7 The key \"-ms-touch-action:\" is not recognized and ignored.">]
Periodic tasks,4.062348127365112,[#<Selenium::WebDriver::LogEntry:0x00007fb04ea89f98 @level="WARNING", @timestamp=1616688231227, @message="https://brysonfarms.client-staging.deliverybizpro.com/admin/periodicTasks 7 The key \"touch-action:\" is not recognized and ignored.">, #<Selenium::WebDriver::LogEntry:0x00007fb04ea89f70 @level="WARNING", @timestamp=1616688231227, @message="https://brysonfarms.client-staging.deliverybizpro.com/admin/periodicTasks 7 The key \"-ms-touch-action:\" is not recognized and ignored.">]
